SET
SET
SET
CREATE VIEW
                                                                                         QUERY PLAN
--------------------------------------------------------------------------------------------------------------------------------------------------------------------------------------------
 Limit  (cost=130596.66..130596.71 rows=20 width=38) (actual time=1007.231..1007.236 rows=20.00 loops=1)
   Buffers: shared hit=6508 read=2839, temp read=9959 written=12563
   ->  Sort  (cost=130596.66..131826.66 rows=492000 width=38) (actual time=1007.229..1007.232 rows=20.00 loops=1)
         Sort Key: (count(*)) DESC, b.id
         Sort Method: top-N heapsort  Memory: 27kB
         Buffers: shared hit=6508 read=2839, temp read=9959 written=12563
         ->  HashAggregate  (cost=105858.16..117504.72 rows=492000 width=38) (actual time=858.161..965.612 rows=492722.00 loops=1)
               Group Key: b.id
               Planned Partitions: 8  Batches: 9  Memory Usage: 8281kB  Disk Usage: 23560kB
               Buffers: shared hit=6505 read=2839, temp read=9959 written=12563
               ->  Hash Join  (cost=36689.43..66651.91 rows=492000 width=30) (actual time=473.769..743.651 rows=499998.00 loops=1)
                     Hash Cond: (r.book_id = b.id)
                     Buffers: shared hit=6505 read=2839, temp read=7441 written=7441
                     ->  Index Only Scan using reading_records_order_idx on reading_records r  (cost=0.43..17860.81 rows=504419 width=8) (actual time=0.011..41.723 rows=499998.00 loops=1)
                           Index Cond: ((finished_at >= '2026-09-14 00:00:00'::timestamp without time zone) AND (finished_at < '2026-09-21 00:00:00'::timestamp without time zone))
                           Heap Fetches: 94
                           Index Searches: 1
                           Buffers: shared hit=1991
                     ->  Hash  (cost=17353.00..17353.00 rows=1000000 width=30) (actual time=473.450..473.451 rows=1000000.00 loops=1)
                           Buckets: 131072  Batches: 16  Memory Usage: 4872kB
                           Buffers: shared hit=4514 read=2839, temp written=5815
                           ->  Seq Scan on books b  (cost=0.00..17353.00 rows=1000000 width=30) (actual time=0.014..116.773 rows=1000000.00 loops=1)
                                 Buffers: shared hit=4514 read=2839
 Planning:
   Buffers: shared hit=177 read=3
 Planning Time: 0.622 ms
 Execution Time: 1010.570 ms
(27 rows)

CREATE VIEW
                                                                                        QUERY PLAN
------------------------------------------------------------------------------------------------------------------------------------------------------------------------------------------
 Nested Loop  (cost=66418.28..66586.96 rows=20 width=38) (actual time=250.288..250.350 rows=20.00 loops=1)
   Buffers: shared hit=2069, temp read=1345 written=3060
   ->  Limit  (cost=66417.86..66417.91 rows=20 width=16) (actual time=250.251..250.255 rows=20.00 loops=1)
         Buffers: shared hit=1989, temp read=1345 written=3060
         ->  Sort  (cost=66417.86..67527.04 rows=443673 width=16) (actual time=250.250..250.252 rows=20.00 loops=1)
               Sort Key: (count(*)) DESC, reading_records.book_id
               Sort Method: top-N heapsort  Memory: 26kB
               Buffers: shared hit=1989, temp read=1345 written=3060
               ->  HashAggregate  (cost=46234.38..54611.88 rows=443673 width=16) (actual time=129.186..221.018 rows=492722.00 loops=1)
                     Group Key: reading_records.book_id
                     Planned Partitions: 8  Batches: 9  Memory Usage: 8281kB  Disk Usage: 15224kB
                     Buffers: shared hit=1989, temp read=1345 written=3060
                     ->  Index Only Scan using reading_records_order_idx on reading_records  (cost=0.43..17860.81 rows=504419 width=8) (actual time=0.008..32.688 rows=499998.00 loops=1)
                           Index Cond: ((finished_at >= '2026-09-14 00:00:00'::timestamp without time zone) AND (finished_at < '2026-09-21 00:00:00'::timestamp without time zone))
                           Heap Fetches: 93
                           Index Searches: 1
                           Buffers: shared hit=1989
   ->  Index Scan using books_pkey on books b  (cost=0.42..8.44 rows=1 width=30) (actual time=0.004..0.004 rows=1.00 loops=20)
         Index Cond: (id = reading_records.book_id)
         Index Searches: 20
         Buffers: shared hit=80
 Planning:
   Buffers: shared hit=7
 Planning Time: 0.162 ms
 Execution Time: 252.249 ms
(25 rows)

BENCH before 1
                                                                                     QUERY PLAN
-------------------------------------------------------------------------------------------------------------------------------------------------------------------------------------
 [                                                                                                                                                                                  +
   {                                                                                                                                                                                +
     "Plan": {                                                                                                                                                                      +
       "Node Type": "Limit",                                                                                                                                                        +
       "Parallel Aware": false,                                                                                                                                                     +
       "Async Capable": false,                                                                                                                                                      +
       "Startup Cost": 130596.66,                                                                                                                                                   +
       "Total Cost": 130596.71,                                                                                                                                                     +
       "Plan Rows": 20,                                                                                                                                                             +
       "Plan Width": 38,                                                                                                                                                            +
       "Actual Startup Time": 769.293,                                                                                                                                              +
       "Actual Total Time": 769.301,                                                                                                                                                +
       "Actual Rows": 20.00,                                                                                                                                                        +
       "Actual Loops": 1,                                                                                                                                                           +
       "Disabled": false,                                                                                                                                                           +
       "Shared Hit Blocks": 6521,                                                                                                                                                   +
       "Shared Read Blocks": 2821,                                                                                                                                                  +
       "Shared Dirtied Blocks": 0,                                                                                                                                                  +
       "Shared Written Blocks": 0,                                                                                                                                                  +
       "Local Hit Blocks": 0,                                                                                                                                                       +
       "Local Read Blocks": 0,                                                                                                                                                      +
       "Local Dirtied Blocks": 0,                                                                                                                                                   +
       "Local Written Blocks": 0,                                                                                                                                                   +
       "Temp Read Blocks": 9959,                                                                                                                                                    +
       "Temp Written Blocks": 12563,                                                                                                                                                +
       "Plans": [                                                                                                                                                                   +
         {                                                                                                                                                                          +
           "Node Type": "Sort",                                                                                                                                                     +
           "Parent Relationship": "Outer",                                                                                                                                          +
           "Parallel Aware": false,                                                                                                                                                 +
           "Async Capable": false,                                                                                                                                                  +
           "Startup Cost": 130596.66,                                                                                                                                               +
           "Total Cost": 131826.66,                                                                                                                                                 +
           "Plan Rows": 492000,                                                                                                                                                     +
           "Plan Width": 38,                                                                                                                                                        +
           "Actual Startup Time": 769.291,                                                                                                                                          +
           "Actual Total Time": 769.296,                                                                                                                                            +
           "Actual Rows": 20.00,                                                                                                                                                    +
           "Actual Loops": 1,                                                                                                                                                       +
           "Disabled": false,                                                                                                                                                       +
           "Sort Key": ["(count(*)) DESC", "b.id"],                                                                                                                                 +
           "Sort Method": "top-N heapsort",                                                                                                                                         +
           "Sort Space Used": 27,                                                                                                                                                   +
           "Sort Space Type": "Memory",                                                                                                                                             +
           "Shared Hit Blocks": 6521,                                                                                                                                               +
           "Shared Read Blocks": 2821,                                                                                                                                              +
           "Shared Dirtied Blocks": 0,                                                                                                                                              +
           "Shared Written Blocks": 0,                                                                                                                                              +
           "Local Hit Blocks": 0,                                                                                                                                                   +
           "Local Read Blocks": 0,                                                                                                                                                  +
           "Local Dirtied Blocks": 0,                                                                                                                                               +
           "Local Written Blocks": 0,                                                                                                                                               +
           "Temp Read Blocks": 9959,                                                                                                                                                +
           "Temp Written Blocks": 12563,                                                                                                                                            +
           "Plans": [                                                                                                                                                               +
             {                                                                                                                                                                      +
               "Node Type": "Aggregate",                                                                                                                                            +
               "Strategy": "Hashed",                                                                                                                                                +
               "Partial Mode": "Simple",                                                                                                                                            +
               "Parent Relationship": "Outer",                                                                                                                                      +
               "Parallel Aware": false,                                                                                                                                             +
               "Async Capable": false,                                                                                                                                              +
               "Startup Cost": 105858.16,                                                                                                                                           +
               "Total Cost": 117504.72,                                                                                                                                             +
               "Plan Rows": 492000,                                                                                                                                                 +
               "Plan Width": 38,                                                                                                                                                    +
               "Actual Startup Time": 618.767,                                                                                                                                      +
               "Actual Total Time": 727.741,                                                                                                                                        +
               "Actual Rows": 492722.00,                                                                                                                                            +
               "Actual Loops": 1,                                                                                                                                                   +
               "Disabled": false,                                                                                                                                                   +
               "Group Key": ["b.id"],                                                                                                                                               +
               "Planned Partitions": 8,                                                                                                                                             +
               "HashAgg Batches": 9,                                                                                                                                                +
               "Peak Memory Usage": 8281,                                                                                                                                           +
               "Disk Usage": 23560,                                                                                                                                                 +
               "Shared Hit Blocks": 6521,                                                                                                                                           +
               "Shared Read Blocks": 2821,                                                                                                                                          +
               "Shared Dirtied Blocks": 0,                                                                                                                                          +
               "Shared Written Blocks": 0,                                                                                                                                          +
               "Local Hit Blocks": 0,                                                                                                                                               +
               "Local Read Blocks": 0,                                                                                                                                              +
               "Local Dirtied Blocks": 0,                                                                                                                                           +
               "Local Written Blocks": 0,                                                                                                                                           +
               "Temp Read Blocks": 9959,                                                                                                                                            +
               "Temp Written Blocks": 12563,                                                                                                                                        +
               "Plans": [                                                                                                                                                           +
                 {                                                                                                                                                                  +
                   "Node Type": "Hash Join",                                                                                                                                        +
                   "Parent Relationship": "Outer",                                                                                                                                  +
                   "Parallel Aware": false,                                                                                                                                         +
                   "Async Capable": false,                                                                                                                                          +
                   "Join Type": "Inner",                                                                                                                                            +
                   "Startup Cost": 36689.43,                                                                                                                                        +
                   "Total Cost": 66651.91,                                                                                                                                          +
                   "Plan Rows": 492000,                                                                                                                                             +
                   "Plan Width": 30,                                                                                                                                                +
                   "Actual Startup Time": 208.001,                                                                                                                                  +
                   "Actual Total Time": 493.860,                                                                                                                                    +
                   "Actual Rows": 499998.00,                                                                                                                                        +
                   "Actual Loops": 1,                                                                                                                                               +
                   "Disabled": false,                                                                                                                                               +
                   "Inner Unique": true,                                                                                                                                            +
                   "Hash Cond": "(r.book_id = b.id)",                                                                                                                               +
                   "Shared Hit Blocks": 6521,                                                                                                                                       +
                   "Shared Read Blocks": 2821,                                                                                                                                      +
                   "Shared Dirtied Blocks": 0,                                                                                                                                      +
                   "Shared Written Blocks": 0,                                                                                                                                      +
                   "Local Hit Blocks": 0,                                                                                                                                           +
                   "Local Read Blocks": 0,                                                                                                                                          +
                   "Local Dirtied Blocks": 0,                                                                                                                                       +
                   "Local Written Blocks": 0,                                                                                                                                       +
                   "Temp Read Blocks": 7441,                                                                                                                                        +
                   "Temp Written Blocks": 7441,                                                                                                                                     +
                   "Plans": [                                                                                                                                                       +
                     {                                                                                                                                                              +
                       "Node Type": "Index Only Scan",                                                                                                                              +
                       "Parent Relationship": "Outer",                                                                                                                              +
                       "Parallel Aware": false,                                                                                                                                     +
                       "Async Capable": false,                                                                                                                                      +
                       "Scan Direction": "Forward",                                                                                                                                 +
                       "Index Name": "reading_records_order_idx",                                                                                                                   +
                       "Relation Name": "reading_records",                                                                                                                          +
                       "Alias": "r",                                                                                                                                                +
                       "Startup Cost": 0.43,                                                                                                                                        +
                       "Total Cost": 17860.81,                                                                                                                                      +
                       "Plan Rows": 504419,                                                                                                                                         +
                       "Plan Width": 8,                                                                                                                                             +
                       "Actual Startup Time": 0.009,                                                                                                                                +
                       "Actual Total Time": 34.961,                                                                                                                                 +
                       "Actual Rows": 499998.00,                                                                                                                                    +
                       "Actual Loops": 1,                                                                                                                                           +
                       "Disabled": false,                                                                                                                                           +
                       "Index Cond": "((finished_at >= '2026-09-14 00:00:00'::timestamp without time zone) AND (finished_at < '2026-09-21 00:00:00'::timestamp without time zone))",+
                       "Rows Removed by Index Recheck": 0,                                                                                                                          +
                       "Heap Fetches": 93,                                                                                                                                          +
                       "Index Searches": 1,                                                                                                                                         +
                       "Shared Hit Blocks": 1989,                                                                                                                                   +
                       "Shared Read Blocks": 0,                                                                                                                                     +
                       "Shared Dirtied Blocks": 0,                                                                                                                                  +
                       "Shared Written Blocks": 0,                                                                                                                                  +
                       "Local Hit Blocks": 0,                                                                                                                                       +
                       "Local Read Blocks": 0,                                                                                                                                      +
                       "Local Dirtied Blocks": 0,                                                                                                                                   +
                       "Local Written Blocks": 0,                                                                                                                                   +
                       "Temp Read Blocks": 0,                                                                                                                                       +
                       "Temp Written Blocks": 0                                                                                                                                     +
                     },                                                                                                                                                             +
                     {                                                                                                                                                              +
                       "Node Type": "Hash",                                                                                                                                         +
                       "Parent Relationship": "Inner",                                                                                                                              +
                       "Parallel Aware": false,                                                                                                                                     +
                       "Async Capable": false,                                                                                                                                      +
                       "Startup Cost": 17353.00,                                                                                                                                    +
                       "Total Cost": 17353.00,                                                                                                                                      +
                       "Plan Rows": 1000000,                                                                                                                                        +
                       "Plan Width": 30,                                                                                                                                            +
                       "Actual Startup Time": 207.916,                                                                                                                              +
                       "Actual Total Time": 207.918,                                                                                                                                +
                       "Actual Rows": 1000000.00,                                                                                                                                   +
                       "Actual Loops": 1,                                                                                                                                           +
                       "Disabled": false,                                                                                                                                           +
                       "Hash Buckets": 131072,                                                                                                                                      +
                       "Original Hash Buckets": 131072,                                                                                                                             +
                       "Hash Batches": 16,                                                                                                                                          +
                       "Original Hash Batches": 16,                                                                                                                                 +
                       "Peak Memory Usage": 4872,                                                                                                                                   +
                       "Shared Hit Blocks": 4532,                                                                                                                                   +
                       "Shared Read Blocks": 2821,                                                                                                                                  +
                       "Shared Dirtied Blocks": 0,                                                                                                                                  +
                       "Shared Written Blocks": 0,                                                                                                                                  +
                       "Local Hit Blocks": 0,                                                                                                                                       +
                       "Local Read Blocks": 0,                                                                                                                                      +
                       "Local Dirtied Blocks": 0,                                                                                                                                   +
                       "Local Written Blocks": 0,                                                                                                                                   +
                       "Temp Read Blocks": 0,                                                                                                                                       +
                       "Temp Written Blocks": 5815,                                                                                                                                 +
                       "Plans": [                                                                                                                                                   +
                         {                                                                                                                                                          +
                           "Node Type": "Seq Scan",                                                                                                                                 +
                           "Parent Relationship": "Outer",                                                                                                                          +
                           "Parallel Aware": false,                                                                                                                                 +
                           "Async Capable": false,                                                                                                                                  +
                           "Relation Name": "books",                                                                                                                                +
                           "Alias": "b",                                                                                                                                            +
                           "Startup Cost": 0.00,                                                                                                                                    +
                           "Total Cost": 17353.00,                                                                                                                                  +
                           "Plan Rows": 1000000,                                                                                                                                    +
                           "Plan Width": 30,                                                                                                                                        +
                           "Actual Startup Time": 0.008,                                                                                                                            +
                           "Actual Total Time": 63.166,                                                                                                                             +
                           "Actual Rows": 1000000.00,                                                                                                                               +
                           "Actual Loops": 1,                                                                                                                                       +
                           "Disabled": false,                                                                                                                                       +
                           "Shared Hit Blocks": 4532,                                                                                                                               +
                           "Shared Read Blocks": 2821,                                                                                                                              +
                           "Shared Dirtied Blocks": 0,                                                                                                                              +
                           "Shared Written Blocks": 0,                                                                                                                              +
                           "Local Hit Blocks": 0,                                                                                                                                   +
                           "Local Read Blocks": 0,                                                                                                                                  +
                           "Local Dirtied Blocks": 0,                                                                                                                               +
                           "Local Written Blocks": 0,                                                                                                                               +
                           "Temp Read Blocks": 0,                                                                                                                                   +
                           "Temp Written Blocks": 0                                                                                                                                 +
                         }                                                                                                                                                          +
                       ]                                                                                                                                                            +
                     }                                                                                                                                                              +
                   ]                                                                                                                                                                +
                 }                                                                                                                                                                  +
               ]                                                                                                                                                                    +
             }                                                                                                                                                                      +
           ]                                                                                                                                                                        +
         }                                                                                                                                                                          +
       ]                                                                                                                                                                            +
     },                                                                                                                                                                             +
     "Planning": {                                                                                                                                                                  +
       "Shared Hit Blocks": 12,                                                                                                                                                     +
       "Shared Read Blocks": 0,                                                                                                                                                     +
       "Shared Dirtied Blocks": 0,                                                                                                                                                  +
       "Shared Written Blocks": 0,                                                                                                                                                  +
       "Local Hit Blocks": 0,                                                                                                                                                       +
       "Local Read Blocks": 0,                                                                                                                                                      +
       "Local Dirtied Blocks": 0,                                                                                                                                                   +
       "Local Written Blocks": 0,                                                                                                                                                   +
       "Temp Read Blocks": 0,                                                                                                                                                       +
       "Temp Written Blocks": 0                                                                                                                                                     +
     },                                                                                                                                                                             +
     "Planning Time": 0.186,                                                                                                                                                        +
     "Triggers": [                                                                                                                                                                  +
     ],                                                                                                                                                                             +
     "Execution Time": 772.173                                                                                                                                                      +
   }                                                                                                                                                                                +
 ]
(1 row)

BENCH before 2
                                                                                     QUERY PLAN
-------------------------------------------------------------------------------------------------------------------------------------------------------------------------------------
 [                                                                                                                                                                                  +
   {                                                                                                                                                                                +
     "Plan": {                                                                                                                                                                      +
       "Node Type": "Limit",                                                                                                                                                        +
       "Parallel Aware": false,                                                                                                                                                     +
       "Async Capable": false,                                                                                                                                                      +
       "Startup Cost": 130596.66,                                                                                                                                                   +
       "Total Cost": 130596.71,                                                                                                                                                     +
       "Plan Rows": 20,                                                                                                                                                             +
       "Plan Width": 38,                                                                                                                                                            +
       "Actual Startup Time": 780.029,                                                                                                                                              +
       "Actual Total Time": 780.037,                                                                                                                                                +
       "Actual Rows": 20.00,                                                                                                                                                        +
       "Actual Loops": 1,                                                                                                                                                           +
       "Disabled": false,                                                                                                                                                           +
       "Shared Hit Blocks": 6615,                                                                                                                                                   +
       "Shared Read Blocks": 2727,                                                                                                                                                  +
       "Shared Dirtied Blocks": 0,                                                                                                                                                  +
       "Shared Written Blocks": 0,                                                                                                                                                  +
       "Local Hit Blocks": 0,                                                                                                                                                       +
       "Local Read Blocks": 0,                                                                                                                                                      +
       "Local Dirtied Blocks": 0,                                                                                                                                                   +
       "Local Written Blocks": 0,                                                                                                                                                   +
       "Temp Read Blocks": 9959,                                                                                                                                                    +
       "Temp Written Blocks": 12563,                                                                                                                                                +
       "Plans": [                                                                                                                                                                   +
         {                                                                                                                                                                          +
           "Node Type": "Sort",                                                                                                                                                     +
           "Parent Relationship": "Outer",                                                                                                                                          +
           "Parallel Aware": false,                                                                                                                                                 +
           "Async Capable": false,                                                                                                                                                  +
           "Startup Cost": 130596.66,                                                                                                                                               +
           "Total Cost": 131826.66,                                                                                                                                                 +
           "Plan Rows": 492000,                                                                                                                                                     +
           "Plan Width": 38,                                                                                                                                                        +
           "Actual Startup Time": 780.028,                                                                                                                                          +
           "Actual Total Time": 780.032,                                                                                                                                            +
           "Actual Rows": 20.00,                                                                                                                                                    +
           "Actual Loops": 1,                                                                                                                                                       +
           "Disabled": false,                                                                                                                                                       +
           "Sort Key": ["(count(*)) DESC", "b.id"],                                                                                                                                 +
           "Sort Method": "top-N heapsort",                                                                                                                                         +
           "Sort Space Used": 27,                                                                                                                                                   +
           "Sort Space Type": "Memory",                                                                                                                                             +
           "Shared Hit Blocks": 6615,                                                                                                                                               +
           "Shared Read Blocks": 2727,                                                                                                                                              +
           "Shared Dirtied Blocks": 0,                                                                                                                                              +
           "Shared Written Blocks": 0,                                                                                                                                              +
           "Local Hit Blocks": 0,                                                                                                                                                   +
           "Local Read Blocks": 0,                                                                                                                                                  +
           "Local Dirtied Blocks": 0,                                                                                                                                               +
           "Local Written Blocks": 0,                                                                                                                                               +
           "Temp Read Blocks": 9959,                                                                                                                                                +
           "Temp Written Blocks": 12563,                                                                                                                                            +
           "Plans": [                                                                                                                                                               +
             {                                                                                                                                                                      +
               "Node Type": "Aggregate",                                                                                                                                            +
               "Strategy": "Hashed",                                                                                                                                                +
               "Partial Mode": "Simple",                                                                                                                                            +
               "Parent Relationship": "Outer",                                                                                                                                      +
               "Parallel Aware": false,                                                                                                                                             +
               "Async Capable": false,                                                                                                                                              +
               "Startup Cost": 105858.16,                                                                                                                                           +
               "Total Cost": 117504.72,                                                                                                                                             +
               "Plan Rows": 492000,                                                                                                                                                 +
               "Plan Width": 38,                                                                                                                                                    +
               "Actual Startup Time": 605.376,                                                                                                                                      +
               "Actual Total Time": 735.825,                                                                                                                                        +
               "Actual Rows": 492722.00,                                                                                                                                            +
               "Actual Loops": 1,                                                                                                                                                   +
               "Disabled": false,                                                                                                                                                   +
               "Group Key": ["b.id"],                                                                                                                                               +
               "Planned Partitions": 8,                                                                                                                                             +
               "HashAgg Batches": 9,                                                                                                                                                +
               "Peak Memory Usage": 8281,                                                                                                                                           +
               "Disk Usage": 23560,                                                                                                                                                 +
               "Shared Hit Blocks": 6615,                                                                                                                                           +
               "Shared Read Blocks": 2727,                                                                                                                                          +
               "Shared Dirtied Blocks": 0,                                                                                                                                          +
               "Shared Written Blocks": 0,                                                                                                                                          +
               "Local Hit Blocks": 0,                                                                                                                                               +
               "Local Read Blocks": 0,                                                                                                                                              +
               "Local Dirtied Blocks": 0,                                                                                                                                           +
               "Local Written Blocks": 0,                                                                                                                                           +
               "Temp Read Blocks": 9959,                                                                                                                                            +
               "Temp Written Blocks": 12563,                                                                                                                                        +
               "Plans": [                                                                                                                                                           +
                 {                                                                                                                                                                  +
                   "Node Type": "Hash Join",                                                                                                                                        +
                   "Parent Relationship": "Outer",                                                                                                                                  +
                   "Parallel Aware": false,                                                                                                                                         +
                   "Async Capable": false,                                                                                                                                          +
                   "Join Type": "Inner",                                                                                                                                            +
                   "Startup Cost": 36689.43,                                                                                                                                        +
                   "Total Cost": 66651.91,                                                                                                                                          +
                   "Plan Rows": 492000,                                                                                                                                             +
                   "Plan Width": 30,                                                                                                                                                +
                   "Actual Startup Time": 192.322,                                                                                                                                  +
                   "Actual Total Time": 474.947,                                                                                                                                    +
                   "Actual Rows": 499998.00,                                                                                                                                        +
                   "Actual Loops": 1,                                                                                                                                               +
                   "Disabled": false,                                                                                                                                               +
                   "Inner Unique": true,                                                                                                                                            +
                   "Hash Cond": "(r.book_id = b.id)",                                                                                                                               +
                   "Shared Hit Blocks": 6615,                                                                                                                                       +
                   "Shared Read Blocks": 2727,                                                                                                                                      +
                   "Shared Dirtied Blocks": 0,                                                                                                                                      +
                   "Shared Written Blocks": 0,                                                                                                                                      +
                   "Local Hit Blocks": 0,                                                                                                                                           +
                   "Local Read Blocks": 0,                                                                                                                                          +
                   "Local Dirtied Blocks": 0,                                                                                                                                       +
                   "Local Written Blocks": 0,                                                                                                                                       +
                   "Temp Read Blocks": 7441,                                                                                                                                        +
                   "Temp Written Blocks": 7441,                                                                                                                                     +
                   "Plans": [                                                                                                                                                       +
                     {                                                                                                                                                              +
                       "Node Type": "Index Only Scan",                                                                                                                              +
                       "Parent Relationship": "Outer",                                                                                                                              +
                       "Parallel Aware": false,                                                                                                                                     +
                       "Async Capable": false,                                                                                                                                      +
                       "Scan Direction": "Forward",                                                                                                                                 +
                       "Index Name": "reading_records_order_idx",                                                                                                                   +
                       "Relation Name": "reading_records",                                                                                                                          +
                       "Alias": "r",                                                                                                                                                +
                       "Startup Cost": 0.43,                                                                                                                                        +
                       "Total Cost": 17860.81,                                                                                                                                      +
                       "Plan Rows": 504419,                                                                                                                                         +
                       "Plan Width": 8,                                                                                                                                             +
                       "Actual Startup Time": 0.019,                                                                                                                                +
                       "Actual Total Time": 37.832,                                                                                                                                 +
                       "Actual Rows": 499998.00,                                                                                                                                    +
                       "Actual Loops": 1,                                                                                                                                           +
                       "Disabled": false,                                                                                                                                           +
                       "Index Cond": "((finished_at >= '2026-09-14 00:00:00'::timestamp without time zone) AND (finished_at < '2026-09-21 00:00:00'::timestamp without time zone))",+
                       "Rows Removed by Index Recheck": 0,                                                                                                                          +
                       "Heap Fetches": 93,                                                                                                                                          +
                       "Index Searches": 1,                                                                                                                                         +
                       "Shared Hit Blocks": 1989,                                                                                                                                   +
                       "Shared Read Blocks": 0,                                                                                                                                     +
                       "Shared Dirtied Blocks": 0,                                                                                                                                  +
                       "Shared Written Blocks": 0,                                                                                                                                  +
                       "Local Hit Blocks": 0,                                                                                                                                       +
                       "Local Read Blocks": 0,                                                                                                                                      +
                       "Local Dirtied Blocks": 0,                                                                                                                                   +
                       "Local Written Blocks": 0,                                                                                                                                   +
                       "Temp Read Blocks": 0,                                                                                                                                       +
                       "Temp Written Blocks": 0                                                                                                                                     +
                     },                                                                                                                                                             +
                     {                                                                                                                                                              +
                       "Node Type": "Hash",                                                                                                                                         +
                       "Parent Relationship": "Inner",                                                                                                                              +
                       "Parallel Aware": false,                                                                                                                                     +
                       "Async Capable": false,                                                                                                                                      +
                       "Startup Cost": 17353.00,                                                                                                                                    +
                       "Total Cost": 17353.00,                                                                                                                                      +
                       "Plan Rows": 1000000,                                                                                                                                        +
                       "Plan Width": 30,                                                                                                                                            +
                       "Actual Startup Time": 192.083,                                                                                                                              +
                       "Actual Total Time": 192.083,                                                                                                                                +
                       "Actual Rows": 1000000.00,                                                                                                                                   +
                       "Actual Loops": 1,                                                                                                                                           +
                       "Disabled": false,                                                                                                                                           +
                       "Hash Buckets": 131072,                                                                                                                                      +
                       "Original Hash Buckets": 131072,                                                                                                                             +
                       "Hash Batches": 16,                                                                                                                                          +
                       "Original Hash Batches": 16,                                                                                                                                 +
                       "Peak Memory Usage": 4872,                                                                                                                                   +
                       "Shared Hit Blocks": 4626,                                                                                                                                   +
                       "Shared Read Blocks": 2727,                                                                                                                                  +
                       "Shared Dirtied Blocks": 0,                                                                                                                                  +
                       "Shared Written Blocks": 0,                                                                                                                                  +
                       "Local Hit Blocks": 0,                                                                                                                                       +
                       "Local Read Blocks": 0,                                                                                                                                      +
                       "Local Dirtied Blocks": 0,                                                                                                                                   +
                       "Local Written Blocks": 0,                                                                                                                                   +
                       "Temp Read Blocks": 0,                                                                                                                                       +
                       "Temp Written Blocks": 5815,                                                                                                                                 +
                       "Plans": [                                                                                                                                                   +
                         {                                                                                                                                                          +
                           "Node Type": "Seq Scan",                                                                                                                                 +
                           "Parent Relationship": "Outer",                                                                                                                          +
                           "Parallel Aware": false,                                                                                                                                 +
                           "Async Capable": false,                                                                                                                                  +
                           "Relation Name": "books",                                                                                                                                +
                           "Alias": "b",                                                                                                                                            +
                           "Startup Cost": 0.00,                                                                                                                                    +
                           "Total Cost": 17353.00,                                                                                                                                  +
                           "Plan Rows": 1000000,                                                                                                                                    +
                           "Plan Width": 30,                                                                                                                                        +
                           "Actual Startup Time": 0.009,                                                                                                                            +
                           "Actual Total Time": 70.937,                                                                                                                             +
                           "Actual Rows": 1000000.00,                                                                                                                               +
                           "Actual Loops": 1,                                                                                                                                       +
                           "Disabled": false,                                                                                                                                       +
                           "Shared Hit Blocks": 4626,                                                                                                                               +
                           "Shared Read Blocks": 2727,                                                                                                                              +
                           "Shared Dirtied Blocks": 0,                                                                                                                              +
                           "Shared Written Blocks": 0,                                                                                                                              +
                           "Local Hit Blocks": 0,                                                                                                                                   +
                           "Local Read Blocks": 0,                                                                                                                                  +
                           "Local Dirtied Blocks": 0,                                                                                                                               +
                           "Local Written Blocks": 0,                                                                                                                               +
                           "Temp Read Blocks": 0,                                                                                                                                   +
                           "Temp Written Blocks": 0                                                                                                                                 +
                         }                                                                                                                                                          +
                       ]                                                                                                                                                            +
                     }                                                                                                                                                              +
                   ]                                                                                                                                                                +
                 }                                                                                                                                                                  +
               ]                                                                                                                                                                    +
             }                                                                                                                                                                      +
           ]                                                                                                                                                                        +
         }                                                                                                                                                                          +
       ]                                                                                                                                                                            +
     },                                                                                                                                                                             +
     "Planning": {                                                                                                                                                                  +
       "Shared Hit Blocks": 12,                                                                                                                                                     +
       "Shared Read Blocks": 0,                                                                                                                                                     +
       "Shared Dirtied Blocks": 0,                                                                                                                                                  +
       "Shared Written Blocks": 0,                                                                                                                                                  +
       "Local Hit Blocks": 0,                                                                                                                                                       +
       "Local Read Blocks": 0,                                                                                                                                                      +
       "Local Dirtied Blocks": 0,                                                                                                                                                   +
       "Local Written Blocks": 0,                                                                                                                                                   +
       "Temp Read Blocks": 0,                                                                                                                                                       +
       "Temp Written Blocks": 0                                                                                                                                                     +
     },                                                                                                                                                                             +
     "Planning Time": 0.196,                                                                                                                                                        +
     "Triggers": [                                                                                                                                                                  +
     ],                                                                                                                                                                             +
     "Execution Time": 782.758                                                                                                                                                      +
   }                                                                                                                                                                                +
 ]
(1 row)

BENCH before 3
                                                                                     QUERY PLAN
-------------------------------------------------------------------------------------------------------------------------------------------------------------------------------------
 [                                                                                                                                                                                  +
   {                                                                                                                                                                                +
     "Plan": {                                                                                                                                                                      +
       "Node Type": "Limit",                                                                                                                                                        +
       "Parallel Aware": false,                                                                                                                                                     +
       "Async Capable": false,                                                                                                                                                      +
       "Startup Cost": 130596.66,                                                                                                                                                   +
       "Total Cost": 130596.71,                                                                                                                                                     +
       "Plan Rows": 20,                                                                                                                                                             +
       "Plan Width": 38,                                                                                                                                                            +
       "Actual Startup Time": 699.365,                                                                                                                                              +
       "Actual Total Time": 699.370,                                                                                                                                                +
       "Actual Rows": 20.00,                                                                                                                                                        +
       "Actual Loops": 1,                                                                                                                                                           +
       "Disabled": false,                                                                                                                                                           +
       "Shared Hit Blocks": 6709,                                                                                                                                                   +
       "Shared Read Blocks": 2633,                                                                                                                                                  +
       "Shared Dirtied Blocks": 0,                                                                                                                                                  +
       "Shared Written Blocks": 0,                                                                                                                                                  +
       "Local Hit Blocks": 0,                                                                                                                                                       +
       "Local Read Blocks": 0,                                                                                                                                                      +
       "Local Dirtied Blocks": 0,                                                                                                                                                   +
       "Local Written Blocks": 0,                                                                                                                                                   +
       "Temp Read Blocks": 9959,                                                                                                                                                    +
       "Temp Written Blocks": 12563,                                                                                                                                                +
       "Plans": [                                                                                                                                                                   +
         {                                                                                                                                                                          +
           "Node Type": "Sort",                                                                                                                                                     +
           "Parent Relationship": "Outer",                                                                                                                                          +
           "Parallel Aware": false,                                                                                                                                                 +
           "Async Capable": false,                                                                                                                                                  +
           "Startup Cost": 130596.66,                                                                                                                                               +
           "Total Cost": 131826.66,                                                                                                                                                 +
           "Plan Rows": 492000,                                                                                                                                                     +
           "Plan Width": 38,                                                                                                                                                        +
           "Actual Startup Time": 699.364,                                                                                                                                          +
           "Actual Total Time": 699.367,                                                                                                                                            +
           "Actual Rows": 20.00,                                                                                                                                                    +
           "Actual Loops": 1,                                                                                                                                                       +
           "Disabled": false,                                                                                                                                                       +
           "Sort Key": ["(count(*)) DESC", "b.id"],                                                                                                                                 +
           "Sort Method": "top-N heapsort",                                                                                                                                         +
           "Sort Space Used": 27,                                                                                                                                                   +
           "Sort Space Type": "Memory",                                                                                                                                             +
           "Shared Hit Blocks": 6709,                                                                                                                                               +
           "Shared Read Blocks": 2633,                                                                                                                                              +
           "Shared Dirtied Blocks": 0,                                                                                                                                              +
           "Shared Written Blocks": 0,                                                                                                                                              +
           "Local Hit Blocks": 0,                                                                                                                                                   +
           "Local Read Blocks": 0,                                                                                                                                                  +
           "Local Dirtied Blocks": 0,                                                                                                                                               +
           "Local Written Blocks": 0,                                                                                                                                               +
           "Temp Read Blocks": 9959,                                                                                                                                                +
           "Temp Written Blocks": 12563,                                                                                                                                            +
           "Plans": [                                                                                                                                                               +
             {                                                                                                                                                                      +
               "Node Type": "Aggregate",                                                                                                                                            +
               "Strategy": "Hashed",                                                                                                                                                +
               "Partial Mode": "Simple",                                                                                                                                            +
               "Parent Relationship": "Outer",                                                                                                                                      +
               "Parallel Aware": false,                                                                                                                                             +
               "Async Capable": false,                                                                                                                                              +
               "Startup Cost": 105858.16,                                                                                                                                           +
               "Total Cost": 117504.72,                                                                                                                                             +
               "Plan Rows": 492000,                                                                                                                                                 +
               "Plan Width": 38,                                                                                                                                                    +
               "Actual Startup Time": 558.549,                                                                                                                                      +
               "Actual Total Time": 659.032,                                                                                                                                        +
               "Actual Rows": 492722.00,                                                                                                                                            +
               "Actual Loops": 1,                                                                                                                                                   +
               "Disabled": false,                                                                                                                                                   +
               "Group Key": ["b.id"],                                                                                                                                               +
               "Planned Partitions": 8,                                                                                                                                             +
               "HashAgg Batches": 9,                                                                                                                                                +
               "Peak Memory Usage": 8281,                                                                                                                                           +
               "Disk Usage": 23560,                                                                                                                                                 +
               "Shared Hit Blocks": 6709,                                                                                                                                           +
               "Shared Read Blocks": 2633,                                                                                                                                          +
               "Shared Dirtied Blocks": 0,                                                                                                                                          +
               "Shared Written Blocks": 0,                                                                                                                                          +
               "Local Hit Blocks": 0,                                                                                                                                               +
               "Local Read Blocks": 0,                                                                                                                                              +
               "Local Dirtied Blocks": 0,                                                                                                                                           +
               "Local Written Blocks": 0,                                                                                                                                           +
               "Temp Read Blocks": 9959,                                                                                                                                            +
               "Temp Written Blocks": 12563,                                                                                                                                        +
               "Plans": [                                                                                                                                                           +
                 {                                                                                                                                                                  +
                   "Node Type": "Hash Join",                                                                                                                                        +
                   "Parent Relationship": "Outer",                                                                                                                                  +
                   "Parallel Aware": false,                                                                                                                                         +
                   "Async Capable": false,                                                                                                                                          +
                   "Join Type": "Inner",                                                                                                                                            +
                   "Startup Cost": 36689.43,                                                                                                                                        +
                   "Total Cost": 66651.91,                                                                                                                                          +
                   "Plan Rows": 492000,                                                                                                                                             +
                   "Plan Width": 30,                                                                                                                                                +
                   "Actual Startup Time": 200.757,                                                                                                                                  +
                   "Actual Total Time": 450.135,                                                                                                                                    +
                   "Actual Rows": 499998.00,                                                                                                                                        +
                   "Actual Loops": 1,                                                                                                                                               +
                   "Disabled": false,                                                                                                                                               +
                   "Inner Unique": true,                                                                                                                                            +
                   "Hash Cond": "(r.book_id = b.id)",                                                                                                                               +
                   "Shared Hit Blocks": 6709,                                                                                                                                       +
                   "Shared Read Blocks": 2633,                                                                                                                                      +
                   "Shared Dirtied Blocks": 0,                                                                                                                                      +
                   "Shared Written Blocks": 0,                                                                                                                                      +
                   "Local Hit Blocks": 0,                                                                                                                                           +
                   "Local Read Blocks": 0,                                                                                                                                          +
                   "Local Dirtied Blocks": 0,                                                                                                                                       +
                   "Local Written Blocks": 0,                                                                                                                                       +
                   "Temp Read Blocks": 7441,                                                                                                                                        +
                   "Temp Written Blocks": 7441,                                                                                                                                     +
                   "Plans": [                                                                                                                                                       +
                     {                                                                                                                                                              +
                       "Node Type": "Index Only Scan",                                                                                                                              +
                       "Parent Relationship": "Outer",                                                                                                                              +
                       "Parallel Aware": false,                                                                                                                                     +
                       "Async Capable": false,                                                                                                                                      +
                       "Scan Direction": "Forward",                                                                                                                                 +
                       "Index Name": "reading_records_order_idx",                                                                                                                   +
                       "Relation Name": "reading_records",                                                                                                                          +
                       "Alias": "r",                                                                                                                                                +
                       "Startup Cost": 0.43,                                                                                                                                        +
                       "Total Cost": 17860.81,                                                                                                                                      +
                       "Plan Rows": 504419,                                                                                                                                         +
                       "Plan Width": 8,                                                                                                                                             +
                       "Actual Startup Time": 0.016,                                                                                                                                +
                       "Actual Total Time": 36.008,                                                                                                                                 +
                       "Actual Rows": 499998.00,                                                                                                                                    +
                       "Actual Loops": 1,                                                                                                                                           +
                       "Disabled": false,                                                                                                                                           +
                       "Index Cond": "((finished_at >= '2026-09-14 00:00:00'::timestamp without time zone) AND (finished_at < '2026-09-21 00:00:00'::timestamp without time zone))",+
                       "Rows Removed by Index Recheck": 0,                                                                                                                          +
                       "Heap Fetches": 93,                                                                                                                                          +
                       "Index Searches": 1,                                                                                                                                         +
                       "Shared Hit Blocks": 1989,                                                                                                                                   +
                       "Shared Read Blocks": 0,                                                                                                                                     +
                       "Shared Dirtied Blocks": 0,                                                                                                                                  +
                       "Shared Written Blocks": 0,                                                                                                                                  +
                       "Local Hit Blocks": 0,                                                                                                                                       +
                       "Local Read Blocks": 0,                                                                                                                                      +
                       "Local Dirtied Blocks": 0,                                                                                                                                   +
                       "Local Written Blocks": 0,                                                                                                                                   +
                       "Temp Read Blocks": 0,                                                                                                                                       +
                       "Temp Written Blocks": 0                                                                                                                                     +
                     },                                                                                                                                                             +
                     {                                                                                                                                                              +
                       "Node Type": "Hash",                                                                                                                                         +
                       "Parent Relationship": "Inner",                                                                                                                              +
                       "Parallel Aware": false,                                                                                                                                     +
                       "Async Capable": false,                                                                                                                                      +
                       "Startup Cost": 17353.00,                                                                                                                                    +
                       "Total Cost": 17353.00,                                                                                                                                      +
                       "Plan Rows": 1000000,                                                                                                                                        +
                       "Plan Width": 30,                                                                                                                                            +
                       "Actual Startup Time": 200.477,                                                                                                                              +
                       "Actual Total Time": 200.478,                                                                                                                                +
                       "Actual Rows": 1000000.00,                                                                                                                                   +
                       "Actual Loops": 1,                                                                                                                                           +
                       "Disabled": false,                                                                                                                                           +
                       "Hash Buckets": 131072,                                                                                                                                      +
                       "Original Hash Buckets": 131072,                                                                                                                             +
                       "Hash Batches": 16,                                                                                                                                          +
                       "Original Hash Batches": 16,                                                                                                                                 +
                       "Peak Memory Usage": 4872,                                                                                                                                   +
                       "Shared Hit Blocks": 4720,                                                                                                                                   +
                       "Shared Read Blocks": 2633,                                                                                                                                  +
                       "Shared Dirtied Blocks": 0,                                                                                                                                  +
                       "Shared Written Blocks": 0,                                                                                                                                  +
                       "Local Hit Blocks": 0,                                                                                                                                       +
                       "Local Read Blocks": 0,                                                                                                                                      +
                       "Local Dirtied Blocks": 0,                                                                                                                                   +
                       "Local Written Blocks": 0,                                                                                                                                   +
                       "Temp Read Blocks": 0,                                                                                                                                       +
                       "Temp Written Blocks": 5815,                                                                                                                                 +
                       "Plans": [                                                                                                                                                   +
                         {                                                                                                                                                          +
                           "Node Type": "Seq Scan",                                                                                                                                 +
                           "Parent Relationship": "Outer",                                                                                                                          +
                           "Parallel Aware": false,                                                                                                                                 +
                           "Async Capable": false,                                                                                                                                  +
                           "Relation Name": "books",                                                                                                                                +
                           "Alias": "b",                                                                                                                                            +
                           "Startup Cost": 0.00,                                                                                                                                    +
                           "Total Cost": 17353.00,                                                                                                                                  +
                           "Plan Rows": 1000000,                                                                                                                                    +
                           "Plan Width": 30,                                                                                                                                        +
                           "Actual Startup Time": 0.021,                                                                                                                            +
                           "Actual Total Time": 73.869,                                                                                                                             +
                           "Actual Rows": 1000000.00,                                                                                                                               +
                           "Actual Loops": 1,                                                                                                                                       +
                           "Disabled": false,                                                                                                                                       +
                           "Shared Hit Blocks": 4720,                                                                                                                               +
                           "Shared Read Blocks": 2633,                                                                                                                              +
                           "Shared Dirtied Blocks": 0,                                                                                                                              +
                           "Shared Written Blocks": 0,                                                                                                                              +
                           "Local Hit Blocks": 0,                                                                                                                                   +
                           "Local Read Blocks": 0,                                                                                                                                  +
                           "Local Dirtied Blocks": 0,                                                                                                                               +
                           "Local Written Blocks": 0,                                                                                                                               +
                           "Temp Read Blocks": 0,                                                                                                                                   +
                           "Temp Written Blocks": 0                                                                                                                                 +
                         }                                                                                                                                                          +
                       ]                                                                                                                                                            +
                     }                                                                                                                                                              +
                   ]                                                                                                                                                                +
                 }                                                                                                                                                                  +
               ]                                                                                                                                                                    +
             }                                                                                                                                                                      +
           ]                                                                                                                                                                        +
         }                                                                                                                                                                          +
       ]                                                                                                                                                                            +
     },                                                                                                                                                                             +
     "Planning": {                                                                                                                                                                  +
       "Shared Hit Blocks": 12,                                                                                                                                                     +
       "Shared Read Blocks": 0,                                                                                                                                                     +
       "Shared Dirtied Blocks": 0,                                                                                                                                                  +
       "Shared Written Blocks": 0,                                                                                                                                                  +
       "Local Hit Blocks": 0,                                                                                                                                                       +
       "Local Read Blocks": 0,                                                                                                                                                      +
       "Local Dirtied Blocks": 0,                                                                                                                                                   +
       "Local Written Blocks": 0,                                                                                                                                                   +
       "Temp Read Blocks": 0,                                                                                                                                                       +
       "Temp Written Blocks": 0                                                                                                                                                     +
     },                                                                                                                                                                             +
     "Planning Time": 0.349,                                                                                                                                                        +
     "Triggers": [                                                                                                                                                                  +
     ],                                                                                                                                                                             +
     "Execution Time": 701.343                                                                                                                                                      +
   }                                                                                                                                                                                +
 ]
(1 row)

BENCH after 1
                                                                                     QUERY PLAN
-------------------------------------------------------------------------------------------------------------------------------------------------------------------------------------
 [                                                                                                                                                                                  +
   {                                                                                                                                                                                +
     "Plan": {                                                                                                                                                                      +
       "Node Type": "Nested Loop",                                                                                                                                                  +
       "Parallel Aware": false,                                                                                                                                                     +
       "Async Capable": false,                                                                                                                                                      +
       "Join Type": "Inner",                                                                                                                                                        +
       "Startup Cost": 66418.28,                                                                                                                                                    +
       "Total Cost": 66586.96,                                                                                                                                                      +
       "Plan Rows": 20,                                                                                                                                                             +
       "Plan Width": 38,                                                                                                                                                            +
       "Actual Startup Time": 220.401,                                                                                                                                              +
       "Actual Total Time": 220.484,                                                                                                                                                +
       "Actual Rows": 20.00,                                                                                                                                                        +
       "Actual Loops": 1,                                                                                                                                                           +
       "Disabled": false,                                                                                                                                                           +
       "Inner Unique": true,                                                                                                                                                        +
       "Shared Hit Blocks": 2069,                                                                                                                                                   +
       "Shared Read Blocks": 0,                                                                                                                                                     +
       "Shared Dirtied Blocks": 0,                                                                                                                                                  +
       "Shared Written Blocks": 0,                                                                                                                                                  +
       "Local Hit Blocks": 0,                                                                                                                                                       +
       "Local Read Blocks": 0,                                                                                                                                                      +
       "Local Dirtied Blocks": 0,                                                                                                                                                   +
       "Local Written Blocks": 0,                                                                                                                                                   +
       "Temp Read Blocks": 1345,                                                                                                                                                    +
       "Temp Written Blocks": 3060,                                                                                                                                                 +
       "Plans": [                                                                                                                                                                   +
         {                                                                                                                                                                          +
           "Node Type": "Limit",                                                                                                                                                    +
           "Parent Relationship": "Outer",                                                                                                                                          +
           "Parallel Aware": false,                                                                                                                                                 +
           "Async Capable": false,                                                                                                                                                  +
           "Startup Cost": 66417.86,                                                                                                                                                +
           "Total Cost": 66417.91,                                                                                                                                                  +
           "Plan Rows": 20,                                                                                                                                                         +
           "Plan Width": 16,                                                                                                                                                        +
           "Actual Startup Time": 220.360,                                                                                                                                          +
           "Actual Total Time": 220.364,                                                                                                                                            +
           "Actual Rows": 20.00,                                                                                                                                                    +
           "Actual Loops": 1,                                                                                                                                                       +
           "Disabled": false,                                                                                                                                                       +
           "Shared Hit Blocks": 1989,                                                                                                                                               +
           "Shared Read Blocks": 0,                                                                                                                                                 +
           "Shared Dirtied Blocks": 0,                                                                                                                                              +
           "Shared Written Blocks": 0,                                                                                                                                              +
           "Local Hit Blocks": 0,                                                                                                                                                   +
           "Local Read Blocks": 0,                                                                                                                                                  +
           "Local Dirtied Blocks": 0,                                                                                                                                               +
           "Local Written Blocks": 0,                                                                                                                                               +
           "Temp Read Blocks": 1345,                                                                                                                                                +
           "Temp Written Blocks": 3060,                                                                                                                                             +
           "Plans": [                                                                                                                                                               +
             {                                                                                                                                                                      +
               "Node Type": "Sort",                                                                                                                                                 +
               "Parent Relationship": "Outer",                                                                                                                                      +
               "Parallel Aware": false,                                                                                                                                             +
               "Async Capable": false,                                                                                                                                              +
               "Startup Cost": 66417.86,                                                                                                                                            +
               "Total Cost": 67527.04,                                                                                                                                              +
               "Plan Rows": 443673,                                                                                                                                                 +
               "Plan Width": 16,                                                                                                                                                    +
               "Actual Startup Time": 220.359,                                                                                                                                      +
               "Actual Total Time": 220.361,                                                                                                                                        +
               "Actual Rows": 20.00,                                                                                                                                                +
               "Actual Loops": 1,                                                                                                                                                   +
               "Disabled": false,                                                                                                                                                   +
               "Sort Key": ["(count(*)) DESC", "reading_records.book_id"],                                                                                                          +
               "Sort Method": "top-N heapsort",                                                                                                                                     +
               "Sort Space Used": 26,                                                                                                                                               +
               "Sort Space Type": "Memory",                                                                                                                                         +
               "Shared Hit Blocks": 1989,                                                                                                                                           +
               "Shared Read Blocks": 0,                                                                                                                                             +
               "Shared Dirtied Blocks": 0,                                                                                                                                          +
               "Shared Written Blocks": 0,                                                                                                                                          +
               "Local Hit Blocks": 0,                                                                                                                                               +
               "Local Read Blocks": 0,                                                                                                                                              +
               "Local Dirtied Blocks": 0,                                                                                                                                           +
               "Local Written Blocks": 0,                                                                                                                                           +
               "Temp Read Blocks": 1345,                                                                                                                                            +
               "Temp Written Blocks": 3060,                                                                                                                                         +
               "Plans": [                                                                                                                                                           +
                 {                                                                                                                                                                  +
                   "Node Type": "Aggregate",                                                                                                                                        +
                   "Strategy": "Hashed",                                                                                                                                            +
                   "Partial Mode": "Simple",                                                                                                                                        +
                   "Parent Relationship": "Outer",                                                                                                                                  +
                   "Parallel Aware": false,                                                                                                                                         +
                   "Async Capable": false,                                                                                                                                          +
                   "Startup Cost": 46234.38,                                                                                                                                        +
                   "Total Cost": 54611.88,                                                                                                                                          +
                   "Plan Rows": 443673,                                                                                                                                             +
                   "Plan Width": 16,                                                                                                                                                +
                   "Actual Startup Time": 113.573,                                                                                                                                  +
                   "Actual Total Time": 191.010,                                                                                                                                    +
                   "Actual Rows": 492722.00,                                                                                                                                        +
                   "Actual Loops": 1,                                                                                                                                               +
                   "Disabled": false,                                                                                                                                               +
                   "Group Key": ["reading_records.book_id"],                                                                                                                        +
                   "Planned Partitions": 8,                                                                                                                                         +
                   "HashAgg Batches": 9,                                                                                                                                            +
                   "Peak Memory Usage": 8281,                                                                                                                                       +
                   "Disk Usage": 15224,                                                                                                                                             +
                   "Shared Hit Blocks": 1989,                                                                                                                                       +
                   "Shared Read Blocks": 0,                                                                                                                                         +
                   "Shared Dirtied Blocks": 0,                                                                                                                                      +
                   "Shared Written Blocks": 0,                                                                                                                                      +
                   "Local Hit Blocks": 0,                                                                                                                                           +
                   "Local Read Blocks": 0,                                                                                                                                          +
                   "Local Dirtied Blocks": 0,                                                                                                                                       +
                   "Local Written Blocks": 0,                                                                                                                                       +
                   "Temp Read Blocks": 1345,                                                                                                                                        +
                   "Temp Written Blocks": 3060,                                                                                                                                     +
                   "Plans": [                                                                                                                                                       +
                     {                                                                                                                                                              +
                       "Node Type": "Index Only Scan",                                                                                                                              +
                       "Parent Relationship": "Outer",                                                                                                                              +
                       "Parallel Aware": false,                                                                                                                                     +
                       "Async Capable": false,                                                                                                                                      +
                       "Scan Direction": "Forward",                                                                                                                                 +
                       "Index Name": "reading_records_order_idx",                                                                                                                   +
                       "Relation Name": "reading_records",                                                                                                                          +
                       "Alias": "reading_records",                                                                                                                                  +
                       "Startup Cost": 0.43,                                                                                                                                        +
                       "Total Cost": 17860.81,                                                                                                                                      +
                       "Plan Rows": 504419,                                                                                                                                         +
                       "Plan Width": 8,                                                                                                                                             +
                       "Actual Startup Time": 0.010,                                                                                                                                +
                       "Actual Total Time": 32.016,                                                                                                                                 +
                       "Actual Rows": 499998.00,                                                                                                                                    +
                       "Actual Loops": 1,                                                                                                                                           +
                       "Disabled": false,                                                                                                                                           +
                       "Index Cond": "((finished_at >= '2026-09-14 00:00:00'::timestamp without time zone) AND (finished_at < '2026-09-21 00:00:00'::timestamp without time zone))",+
                       "Rows Removed by Index Recheck": 0,                                                                                                                          +
                       "Heap Fetches": 93,                                                                                                                                          +
                       "Index Searches": 1,                                                                                                                                         +
                       "Shared Hit Blocks": 1989,                                                                                                                                   +
                       "Shared Read Blocks": 0,                                                                                                                                     +
                       "Shared Dirtied Blocks": 0,                                                                                                                                  +
                       "Shared Written Blocks": 0,                                                                                                                                  +
                       "Local Hit Blocks": 0,                                                                                                                                       +
                       "Local Read Blocks": 0,                                                                                                                                      +
                       "Local Dirtied Blocks": 0,                                                                                                                                   +
                       "Local Written Blocks": 0,                                                                                                                                   +
                       "Temp Read Blocks": 0,                                                                                                                                       +
                       "Temp Written Blocks": 0                                                                                                                                     +
                     }                                                                                                                                                              +
                   ]                                                                                                                                                                +
                 }                                                                                                                                                                  +
               ]                                                                                                                                                                    +
             }                                                                                                                                                                      +
           ]                                                                                                                                                                        +
         },                                                                                                                                                                         +
         {                                                                                                                                                                          +
           "Node Type": "Index Scan",                                                                                                                                               +
           "Parent Relationship": "Inner",                                                                                                                                          +
           "Parallel Aware": false,                                                                                                                                                 +
           "Async Capable": false,                                                                                                                                                  +
           "Scan Direction": "Forward",                                                                                                                                             +
           "Index Name": "books_pkey",                                                                                                                                              +
           "Relation Name": "books",                                                                                                                                                +
           "Alias": "b",                                                                                                                                                            +
           "Startup Cost": 0.42,                                                                                                                                                    +
           "Total Cost": 8.44,                                                                                                                                                      +
           "Plan Rows": 1,                                                                                                                                                          +
           "Plan Width": 30,                                                                                                                                                        +
           "Actual Startup Time": 0.005,                                                                                                                                            +
           "Actual Total Time": 0.005,                                                                                                                                              +
           "Actual Rows": 1.00,                                                                                                                                                     +
           "Actual Loops": 20,                                                                                                                                                      +
           "Disabled": false,                                                                                                                                                       +
           "Index Cond": "(id = reading_records.book_id)",                                                                                                                          +
           "Rows Removed by Index Recheck": 0,                                                                                                                                      +
           "Index Searches": 20,                                                                                                                                                    +
           "Shared Hit Blocks": 80,                                                                                                                                                 +
           "Shared Read Blocks": 0,                                                                                                                                                 +
           "Shared Dirtied Blocks": 0,                                                                                                                                              +
           "Shared Written Blocks": 0,                                                                                                                                              +
           "Local Hit Blocks": 0,                                                                                                                                                   +
           "Local Read Blocks": 0,                                                                                                                                                  +
           "Local Dirtied Blocks": 0,                                                                                                                                               +
           "Local Written Blocks": 0,                                                                                                                                               +
           "Temp Read Blocks": 0,                                                                                                                                                   +
           "Temp Written Blocks": 0                                                                                                                                                 +
         }                                                                                                                                                                          +
       ]                                                                                                                                                                            +
     },                                                                                                                                                                             +
     "Planning": {                                                                                                                                                                  +
       "Shared Hit Blocks": 4,                                                                                                                                                      +
       "Shared Read Blocks": 0,                                                                                                                                                     +
       "Shared Dirtied Blocks": 0,                                                                                                                                                  +
       "Shared Written Blocks": 0,                                                                                                                                                  +
       "Local Hit Blocks": 0,                                                                                                                                                       +
       "Local Read Blocks": 0,                                                                                                                                                      +
       "Local Dirtied Blocks": 0,                                                                                                                                                   +
       "Local Written Blocks": 0,                                                                                                                                                   +
       "Temp Read Blocks": 0,                                                                                                                                                       +
       "Temp Written Blocks": 0                                                                                                                                                     +
     },                                                                                                                                                                             +
     "Planning Time": 0.169,                                                                                                                                                        +
     "Triggers": [                                                                                                                                                                  +
     ],                                                                                                                                                                             +
     "Execution Time": 222.231                                                                                                                                                      +
   }                                                                                                                                                                                +
 ]
(1 row)

BENCH after 2
                                                                                     QUERY PLAN
-------------------------------------------------------------------------------------------------------------------------------------------------------------------------------------
 [                                                                                                                                                                                  +
   {                                                                                                                                                                                +
     "Plan": {                                                                                                                                                                      +
       "Node Type": "Nested Loop",                                                                                                                                                  +
       "Parallel Aware": false,                                                                                                                                                     +
       "Async Capable": false,                                                                                                                                                      +
       "Join Type": "Inner",                                                                                                                                                        +
       "Startup Cost": 66418.28,                                                                                                                                                    +
       "Total Cost": 66586.96,                                                                                                                                                      +
       "Plan Rows": 20,                                                                                                                                                             +
       "Plan Width": 38,                                                                                                                                                            +
       "Actual Startup Time": 226.400,                                                                                                                                              +
       "Actual Total Time": 226.447,                                                                                                                                                +
       "Actual Rows": 20.00,                                                                                                                                                        +
       "Actual Loops": 1,                                                                                                                                                           +
       "Disabled": false,                                                                                                                                                           +
       "Inner Unique": true,                                                                                                                                                        +
       "Shared Hit Blocks": 2069,                                                                                                                                                   +
       "Shared Read Blocks": 0,                                                                                                                                                     +
       "Shared Dirtied Blocks": 0,                                                                                                                                                  +
       "Shared Written Blocks": 0,                                                                                                                                                  +
       "Local Hit Blocks": 0,                                                                                                                                                       +
       "Local Read Blocks": 0,                                                                                                                                                      +
       "Local Dirtied Blocks": 0,                                                                                                                                                   +
       "Local Written Blocks": 0,                                                                                                                                                   +
       "Temp Read Blocks": 1345,                                                                                                                                                    +
       "Temp Written Blocks": 3060,                                                                                                                                                 +
       "Plans": [                                                                                                                                                                   +
         {                                                                                                                                                                          +
           "Node Type": "Limit",                                                                                                                                                    +
           "Parent Relationship": "Outer",                                                                                                                                          +
           "Parallel Aware": false,                                                                                                                                                 +
           "Async Capable": false,                                                                                                                                                  +
           "Startup Cost": 66417.86,                                                                                                                                                +
           "Total Cost": 66417.91,                                                                                                                                                  +
           "Plan Rows": 20,                                                                                                                                                         +
           "Plan Width": 16,                                                                                                                                                        +
           "Actual Startup Time": 226.372,                                                                                                                                          +
           "Actual Total Time": 226.376,                                                                                                                                            +
           "Actual Rows": 20.00,                                                                                                                                                    +
           "Actual Loops": 1,                                                                                                                                                       +
           "Disabled": false,                                                                                                                                                       +
           "Shared Hit Blocks": 1989,                                                                                                                                               +
           "Shared Read Blocks": 0,                                                                                                                                                 +
           "Shared Dirtied Blocks": 0,                                                                                                                                              +
           "Shared Written Blocks": 0,                                                                                                                                              +
           "Local Hit Blocks": 0,                                                                                                                                                   +
           "Local Read Blocks": 0,                                                                                                                                                  +
           "Local Dirtied Blocks": 0,                                                                                                                                               +
           "Local Written Blocks": 0,                                                                                                                                               +
           "Temp Read Blocks": 1345,                                                                                                                                                +
           "Temp Written Blocks": 3060,                                                                                                                                             +
           "Plans": [                                                                                                                                                               +
             {                                                                                                                                                                      +
               "Node Type": "Sort",                                                                                                                                                 +
               "Parent Relationship": "Outer",                                                                                                                                      +
               "Parallel Aware": false,                                                                                                                                             +
               "Async Capable": false,                                                                                                                                              +
               "Startup Cost": 66417.86,                                                                                                                                            +
               "Total Cost": 67527.04,                                                                                                                                              +
               "Plan Rows": 443673,                                                                                                                                                 +
               "Plan Width": 16,                                                                                                                                                    +
               "Actual Startup Time": 226.371,                                                                                                                                      +
               "Actual Total Time": 226.373,                                                                                                                                        +
               "Actual Rows": 20.00,                                                                                                                                                +
               "Actual Loops": 1,                                                                                                                                                   +
               "Disabled": false,                                                                                                                                                   +
               "Sort Key": ["(count(*)) DESC", "reading_records.book_id"],                                                                                                          +
               "Sort Method": "top-N heapsort",                                                                                                                                     +
               "Sort Space Used": 26,                                                                                                                                               +
               "Sort Space Type": "Memory",                                                                                                                                         +
               "Shared Hit Blocks": 1989,                                                                                                                                           +
               "Shared Read Blocks": 0,                                                                                                                                             +
               "Shared Dirtied Blocks": 0,                                                                                                                                          +
               "Shared Written Blocks": 0,                                                                                                                                          +
               "Local Hit Blocks": 0,                                                                                                                                               +
               "Local Read Blocks": 0,                                                                                                                                              +
               "Local Dirtied Blocks": 0,                                                                                                                                           +
               "Local Written Blocks": 0,                                                                                                                                           +
               "Temp Read Blocks": 1345,                                                                                                                                            +
               "Temp Written Blocks": 3060,                                                                                                                                         +
               "Plans": [                                                                                                                                                           +
                 {                                                                                                                                                                  +
                   "Node Type": "Aggregate",                                                                                                                                        +
                   "Strategy": "Hashed",                                                                                                                                            +
                   "Partial Mode": "Simple",                                                                                                                                        +
                   "Parent Relationship": "Outer",                                                                                                                                  +
                   "Parallel Aware": false,                                                                                                                                         +
                   "Async Capable": false,                                                                                                                                          +
                   "Startup Cost": 46234.38,                                                                                                                                        +
                   "Total Cost": 54611.88,                                                                                                                                          +
                   "Plan Rows": 443673,                                                                                                                                             +
                   "Plan Width": 16,                                                                                                                                                +
                   "Actual Startup Time": 120.400,                                                                                                                                  +
                   "Actual Total Time": 197.028,                                                                                                                                    +
                   "Actual Rows": 492722.00,                                                                                                                                        +
                   "Actual Loops": 1,                                                                                                                                               +
                   "Disabled": false,                                                                                                                                               +
                   "Group Key": ["reading_records.book_id"],                                                                                                                        +
                   "Planned Partitions": 8,                                                                                                                                         +
                   "HashAgg Batches": 9,                                                                                                                                            +
                   "Peak Memory Usage": 8281,                                                                                                                                       +
                   "Disk Usage": 15224,                                                                                                                                             +
                   "Shared Hit Blocks": 1989,                                                                                                                                       +
                   "Shared Read Blocks": 0,                                                                                                                                         +
                   "Shared Dirtied Blocks": 0,                                                                                                                                      +
                   "Shared Written Blocks": 0,                                                                                                                                      +
                   "Local Hit Blocks": 0,                                                                                                                                           +
                   "Local Read Blocks": 0,                                                                                                                                          +
                   "Local Dirtied Blocks": 0,                                                                                                                                       +
                   "Local Written Blocks": 0,                                                                                                                                       +
                   "Temp Read Blocks": 1345,                                                                                                                                        +
                   "Temp Written Blocks": 3060,                                                                                                                                     +
                   "Plans": [                                                                                                                                                       +
                     {                                                                                                                                                              +
                       "Node Type": "Index Only Scan",                                                                                                                              +
                       "Parent Relationship": "Outer",                                                                                                                              +
                       "Parallel Aware": false,                                                                                                                                     +
                       "Async Capable": false,                                                                                                                                      +
                       "Scan Direction": "Forward",                                                                                                                                 +
                       "Index Name": "reading_records_order_idx",                                                                                                                   +
                       "Relation Name": "reading_records",                                                                                                                          +
                       "Alias": "reading_records",                                                                                                                                  +
                       "Startup Cost": 0.43,                                                                                                                                        +
                       "Total Cost": 17860.81,                                                                                                                                      +
                       "Plan Rows": 504419,                                                                                                                                         +
                       "Plan Width": 8,                                                                                                                                             +
                       "Actual Startup Time": 0.007,                                                                                                                                +
                       "Actual Total Time": 32.599,                                                                                                                                 +
                       "Actual Rows": 499998.00,                                                                                                                                    +
                       "Actual Loops": 1,                                                                                                                                           +
                       "Disabled": false,                                                                                                                                           +
                       "Index Cond": "((finished_at >= '2026-09-14 00:00:00'::timestamp without time zone) AND (finished_at < '2026-09-21 00:00:00'::timestamp without time zone))",+
                       "Rows Removed by Index Recheck": 0,                                                                                                                          +
                       "Heap Fetches": 93,                                                                                                                                          +
                       "Index Searches": 1,                                                                                                                                         +
                       "Shared Hit Blocks": 1989,                                                                                                                                   +
                       "Shared Read Blocks": 0,                                                                                                                                     +
                       "Shared Dirtied Blocks": 0,                                                                                                                                  +
                       "Shared Written Blocks": 0,                                                                                                                                  +
                       "Local Hit Blocks": 0,                                                                                                                                       +
                       "Local Read Blocks": 0,                                                                                                                                      +
                       "Local Dirtied Blocks": 0,                                                                                                                                   +
                       "Local Written Blocks": 0,                                                                                                                                   +
                       "Temp Read Blocks": 0,                                                                                                                                       +
                       "Temp Written Blocks": 0                                                                                                                                     +
                     }                                                                                                                                                              +
                   ]                                                                                                                                                                +
                 }                                                                                                                                                                  +
               ]                                                                                                                                                                    +
             }                                                                                                                                                                      +
           ]                                                                                                                                                                        +
         },                                                                                                                                                                         +
         {                                                                                                                                                                          +
           "Node Type": "Index Scan",                                                                                                                                               +
           "Parent Relationship": "Inner",                                                                                                                                          +
           "Parallel Aware": false,                                                                                                                                                 +
           "Async Capable": false,                                                                                                                                                  +
           "Scan Direction": "Forward",                                                                                                                                             +
           "Index Name": "books_pkey",                                                                                                                                              +
           "Relation Name": "books",                                                                                                                                                +
           "Alias": "b",                                                                                                                                                            +
           "Startup Cost": 0.42,                                                                                                                                                    +
           "Total Cost": 8.44,                                                                                                                                                      +
           "Plan Rows": 1,                                                                                                                                                          +
           "Plan Width": 30,                                                                                                                                                        +
           "Actual Startup Time": 0.003,                                                                                                                                            +
           "Actual Total Time": 0.003,                                                                                                                                              +
           "Actual Rows": 1.00,                                                                                                                                                     +
           "Actual Loops": 20,                                                                                                                                                      +
           "Disabled": false,                                                                                                                                                       +
           "Index Cond": "(id = reading_records.book_id)",                                                                                                                          +
           "Rows Removed by Index Recheck": 0,                                                                                                                                      +
           "Index Searches": 20,                                                                                                                                                    +
           "Shared Hit Blocks": 80,                                                                                                                                                 +
           "Shared Read Blocks": 0,                                                                                                                                                 +
           "Shared Dirtied Blocks": 0,                                                                                                                                              +
           "Shared Written Blocks": 0,                                                                                                                                              +
           "Local Hit Blocks": 0,                                                                                                                                                   +
           "Local Read Blocks": 0,                                                                                                                                                  +
           "Local Dirtied Blocks": 0,                                                                                                                                               +
           "Local Written Blocks": 0,                                                                                                                                               +
           "Temp Read Blocks": 0,                                                                                                                                                   +
           "Temp Written Blocks": 0                                                                                                                                                 +
         }                                                                                                                                                                          +
       ]                                                                                                                                                                            +
     },                                                                                                                                                                             +
     "Planning": {                                                                                                                                                                  +
       "Shared Hit Blocks": 4,                                                                                                                                                      +
       "Shared Read Blocks": 0,                                                                                                                                                     +
       "Shared Dirtied Blocks": 0,                                                                                                                                                  +
       "Shared Written Blocks": 0,                                                                                                                                                  +
       "Local Hit Blocks": 0,                                                                                                                                                       +
       "Local Read Blocks": 0,                                                                                                                                                      +
       "Local Dirtied Blocks": 0,                                                                                                                                                   +
       "Local Written Blocks": 0,                                                                                                                                                   +
       "Temp Read Blocks": 0,                                                                                                                                                       +
       "Temp Written Blocks": 0                                                                                                                                                     +
     },                                                                                                                                                                             +
     "Planning Time": 0.175,                                                                                                                                                        +
     "Triggers": [                                                                                                                                                                  +
     ],                                                                                                                                                                             +
     "Execution Time": 227.916                                                                                                                                                      +
   }                                                                                                                                                                                +
 ]
(1 row)

BENCH after 3
                                                                                     QUERY PLAN
-------------------------------------------------------------------------------------------------------------------------------------------------------------------------------------
 [                                                                                                                                                                                  +
   {                                                                                                                                                                                +
     "Plan": {                                                                                                                                                                      +
       "Node Type": "Nested Loop",                                                                                                                                                  +
       "Parallel Aware": false,                                                                                                                                                     +
       "Async Capable": false,                                                                                                                                                      +
       "Join Type": "Inner",                                                                                                                                                        +
       "Startup Cost": 66418.28,                                                                                                                                                    +
       "Total Cost": 66586.96,                                                                                                                                                      +
       "Plan Rows": 20,                                                                                                                                                             +
       "Plan Width": 38,                                                                                                                                                            +
       "Actual Startup Time": 231.819,                                                                                                                                              +
       "Actual Total Time": 231.871,                                                                                                                                                +
       "Actual Rows": 20.00,                                                                                                                                                        +
       "Actual Loops": 1,                                                                                                                                                           +
       "Disabled": false,                                                                                                                                                           +
       "Inner Unique": true,                                                                                                                                                        +
       "Shared Hit Blocks": 2069,                                                                                                                                                   +
       "Shared Read Blocks": 0,                                                                                                                                                     +
       "Shared Dirtied Blocks": 0,                                                                                                                                                  +
       "Shared Written Blocks": 0,                                                                                                                                                  +
       "Local Hit Blocks": 0,                                                                                                                                                       +
       "Local Read Blocks": 0,                                                                                                                                                      +
       "Local Dirtied Blocks": 0,                                                                                                                                                   +
       "Local Written Blocks": 0,                                                                                                                                                   +
       "Temp Read Blocks": 1345,                                                                                                                                                    +
       "Temp Written Blocks": 3060,                                                                                                                                                 +
       "Plans": [                                                                                                                                                                   +
         {                                                                                                                                                                          +
           "Node Type": "Limit",                                                                                                                                                    +
           "Parent Relationship": "Outer",                                                                                                                                          +
           "Parallel Aware": false,                                                                                                                                                 +
           "Async Capable": false,                                                                                                                                                  +
           "Startup Cost": 66417.86,                                                                                                                                                +
           "Total Cost": 66417.91,                                                                                                                                                  +
           "Plan Rows": 20,                                                                                                                                                         +
           "Plan Width": 16,                                                                                                                                                        +
           "Actual Startup Time": 231.791,                                                                                                                                          +
           "Actual Total Time": 231.795,                                                                                                                                            +
           "Actual Rows": 20.00,                                                                                                                                                    +
           "Actual Loops": 1,                                                                                                                                                       +
           "Disabled": false,                                                                                                                                                       +
           "Shared Hit Blocks": 1989,                                                                                                                                               +
           "Shared Read Blocks": 0,                                                                                                                                                 +
           "Shared Dirtied Blocks": 0,                                                                                                                                              +
           "Shared Written Blocks": 0,                                                                                                                                              +
           "Local Hit Blocks": 0,                                                                                                                                                   +
           "Local Read Blocks": 0,                                                                                                                                                  +
           "Local Dirtied Blocks": 0,                                                                                                                                               +
           "Local Written Blocks": 0,                                                                                                                                               +
           "Temp Read Blocks": 1345,                                                                                                                                                +
           "Temp Written Blocks": 3060,                                                                                                                                             +
           "Plans": [                                                                                                                                                               +
             {                                                                                                                                                                      +
               "Node Type": "Sort",                                                                                                                                                 +
               "Parent Relationship": "Outer",                                                                                                                                      +
               "Parallel Aware": false,                                                                                                                                             +
               "Async Capable": false,                                                                                                                                              +
               "Startup Cost": 66417.86,                                                                                                                                            +
               "Total Cost": 67527.04,                                                                                                                                              +
               "Plan Rows": 443673,                                                                                                                                                 +
               "Plan Width": 16,                                                                                                                                                    +
               "Actual Startup Time": 231.790,                                                                                                                                      +
               "Actual Total Time": 231.792,                                                                                                                                        +
               "Actual Rows": 20.00,                                                                                                                                                +
               "Actual Loops": 1,                                                                                                                                                   +
               "Disabled": false,                                                                                                                                                   +
               "Sort Key": ["(count(*)) DESC", "reading_records.book_id"],                                                                                                          +
               "Sort Method": "top-N heapsort",                                                                                                                                     +
               "Sort Space Used": 26,                                                                                                                                               +
               "Sort Space Type": "Memory",                                                                                                                                         +
               "Shared Hit Blocks": 1989,                                                                                                                                           +
               "Shared Read Blocks": 0,                                                                                                                                             +
               "Shared Dirtied Blocks": 0,                                                                                                                                          +
               "Shared Written Blocks": 0,                                                                                                                                          +
               "Local Hit Blocks": 0,                                                                                                                                               +
               "Local Read Blocks": 0,                                                                                                                                              +
               "Local Dirtied Blocks": 0,                                                                                                                                           +
               "Local Written Blocks": 0,                                                                                                                                           +
               "Temp Read Blocks": 1345,                                                                                                                                            +
               "Temp Written Blocks": 3060,                                                                                                                                         +
               "Plans": [                                                                                                                                                           +
                 {                                                                                                                                                                  +
                   "Node Type": "Aggregate",                                                                                                                                        +
                   "Strategy": "Hashed",                                                                                                                                            +
                   "Partial Mode": "Simple",                                                                                                                                        +
                   "Parent Relationship": "Outer",                                                                                                                                  +
                   "Parallel Aware": false,                                                                                                                                         +
                   "Async Capable": false,                                                                                                                                          +
                   "Startup Cost": 46234.38,                                                                                                                                        +
                   "Total Cost": 54611.88,                                                                                                                                          +
                   "Plan Rows": 443673,                                                                                                                                             +
                   "Plan Width": 16,                                                                                                                                                +
                   "Actual Startup Time": 122.713,                                                                                                                                  +
                   "Actual Total Time": 202.404,                                                                                                                                    +
                   "Actual Rows": 492722.00,                                                                                                                                        +
                   "Actual Loops": 1,                                                                                                                                               +
                   "Disabled": false,                                                                                                                                               +
                   "Group Key": ["reading_records.book_id"],                                                                                                                        +
                   "Planned Partitions": 8,                                                                                                                                         +
                   "HashAgg Batches": 9,                                                                                                                                            +
                   "Peak Memory Usage": 8281,                                                                                                                                       +
                   "Disk Usage": 15224,                                                                                                                                             +
                   "Shared Hit Blocks": 1989,                                                                                                                                       +
                   "Shared Read Blocks": 0,                                                                                                                                         +
                   "Shared Dirtied Blocks": 0,                                                                                                                                      +
                   "Shared Written Blocks": 0,                                                                                                                                      +
                   "Local Hit Blocks": 0,                                                                                                                                           +
                   "Local Read Blocks": 0,                                                                                                                                          +
                   "Local Dirtied Blocks": 0,                                                                                                                                       +
                   "Local Written Blocks": 0,                                                                                                                                       +
                   "Temp Read Blocks": 1345,                                                                                                                                        +
                   "Temp Written Blocks": 3060,                                                                                                                                     +
                   "Plans": [                                                                                                                                                       +
                     {                                                                                                                                                              +
                       "Node Type": "Index Only Scan",                                                                                                                              +
                       "Parent Relationship": "Outer",                                                                                                                              +
                       "Parallel Aware": false,                                                                                                                                     +
                       "Async Capable": false,                                                                                                                                      +
                       "Scan Direction": "Forward",                                                                                                                                 +
                       "Index Name": "reading_records_order_idx",                                                                                                                   +
                       "Relation Name": "reading_records",                                                                                                                          +
                       "Alias": "reading_records",                                                                                                                                  +
                       "Startup Cost": 0.43,                                                                                                                                        +
                       "Total Cost": 17860.81,                                                                                                                                      +
                       "Plan Rows": 504419,                                                                                                                                         +
                       "Plan Width": 8,                                                                                                                                             +
                       "Actual Startup Time": 0.008,                                                                                                                                +
                       "Actual Total Time": 32.777,                                                                                                                                 +
                       "Actual Rows": 499998.00,                                                                                                                                    +
                       "Actual Loops": 1,                                                                                                                                           +
                       "Disabled": false,                                                                                                                                           +
                       "Index Cond": "((finished_at >= '2026-09-14 00:00:00'::timestamp without time zone) AND (finished_at < '2026-09-21 00:00:00'::timestamp without time zone))",+
                       "Rows Removed by Index Recheck": 0,                                                                                                                          +
                       "Heap Fetches": 93,                                                                                                                                          +
                       "Index Searches": 1,                                                                                                                                         +
                       "Shared Hit Blocks": 1989,                                                                                                                                   +
                       "Shared Read Blocks": 0,                                                                                                                                     +
                       "Shared Dirtied Blocks": 0,                                                                                                                                  +
                       "Shared Written Blocks": 0,                                                                                                                                  +
                       "Local Hit Blocks": 0,                                                                                                                                       +
                       "Local Read Blocks": 0,                                                                                                                                      +
                       "Local Dirtied Blocks": 0,                                                                                                                                   +
                       "Local Written Blocks": 0,                                                                                                                                   +
                       "Temp Read Blocks": 0,                                                                                                                                       +
                       "Temp Written Blocks": 0                                                                                                                                     +
                     }                                                                                                                                                              +
                   ]                                                                                                                                                                +
                 }                                                                                                                                                                  +
               ]                                                                                                                                                                    +
             }                                                                                                                                                                      +
           ]                                                                                                                                                                        +
         },                                                                                                                                                                         +
         {                                                                                                                                                                          +
           "Node Type": "Index Scan",                                                                                                                                               +
           "Parent Relationship": "Inner",                                                                                                                                          +
           "Parallel Aware": false,                                                                                                                                                 +
           "Async Capable": false,                                                                                                                                                  +
           "Scan Direction": "Forward",                                                                                                                                             +
           "Index Name": "books_pkey",                                                                                                                                              +
           "Relation Name": "books",                                                                                                                                                +
           "Alias": "b",                                                                                                                                                            +
           "Startup Cost": 0.42,                                                                                                                                                    +
           "Total Cost": 8.44,                                                                                                                                                      +
           "Plan Rows": 1,                                                                                                                                                          +
           "Plan Width": 30,                                                                                                                                                        +
           "Actual Startup Time": 0.003,                                                                                                                                            +
           "Actual Total Time": 0.003,                                                                                                                                              +
           "Actual Rows": 1.00,                                                                                                                                                     +
           "Actual Loops": 20,                                                                                                                                                      +
           "Disabled": false,                                                                                                                                                       +
           "Index Cond": "(id = reading_records.book_id)",                                                                                                                          +
           "Rows Removed by Index Recheck": 0,                                                                                                                                      +
           "Index Searches": 20,                                                                                                                                                    +
           "Shared Hit Blocks": 80,                                                                                                                                                 +
           "Shared Read Blocks": 0,                                                                                                                                                 +
           "Shared Dirtied Blocks": 0,                                                                                                                                              +
           "Shared Written Blocks": 0,                                                                                                                                              +
           "Local Hit Blocks": 0,                                                                                                                                                   +
           "Local Read Blocks": 0,                                                                                                                                                  +
           "Local Dirtied Blocks": 0,                                                                                                                                               +
           "Local Written Blocks": 0,                                                                                                                                               +
           "Temp Read Blocks": 0,                                                                                                                                                   +
           "Temp Written Blocks": 0                                                                                                                                                 +
         }                                                                                                                                                                          +
       ]                                                                                                                                                                            +
     },                                                                                                                                                                             +
     "Planning": {                                                                                                                                                                  +
       "Shared Hit Blocks": 4,                                                                                                                                                      +
       "Shared Read Blocks": 0,                                                                                                                                                     +
       "Shared Dirtied Blocks": 0,                                                                                                                                                  +
       "Shared Written Blocks": 0,                                                                                                                                                  +
       "Local Hit Blocks": 0,                                                                                                                                                       +
       "Local Read Blocks": 0,                                                                                                                                                      +
       "Local Dirtied Blocks": 0,                                                                                                                                                   +
       "Local Written Blocks": 0,                                                                                                                                                   +
       "Temp Read Blocks": 0,                                                                                                                                                       +
       "Temp Written Blocks": 0                                                                                                                                                     +
     },                                                                                                                                                                             +
     "Planning Time": 0.135,                                                                                                                                                        +
     "Triggers": [                                                                                                                                                                  +
     ],                                                                                                                                                                             +
     "Execution Time": 233.531                                                                                                                                                      +
   }                                                                                                                                                                                +
 ]
(1 row)

BENCH preaggregated 1
                         QUERY PLAN
-------------------------------------------------------------
 [                                                          +
   {                                                        +
     "Plan": {                                              +
       "Node Type": "Limit",                                +
       "Parallel Aware": false,                             +
       "Async Capable": false,                              +
       "Startup Cost": 0.85,                                +
       "Total Cost": 12.22,                                 +
       "Plan Rows": 20,                                     +
       "Plan Width": 46,                                    +
       "Actual Startup Time": 0.099,                        +
       "Actual Total Time": 0.347,                          +
       "Actual Rows": 20.00,                                +
       "Actual Loops": 1,                                   +
       "Disabled": false,                                   +
       "Shared Hit Blocks": 100,                            +
       "Shared Read Blocks": 3,                             +
       "Shared Dirtied Blocks": 0,                          +
       "Shared Written Blocks": 0,                          +
       "Local Hit Blocks": 0,                               +
       "Local Read Blocks": 0,                              +
       "Local Dirtied Blocks": 0,                           +
       "Local Written Blocks": 0,                           +
       "Temp Read Blocks": 0,                               +
       "Temp Written Blocks": 0,                            +
       "Plans": [                                           +
         {                                                  +
           "Node Type": "Nested Loop",                      +
           "Parent Relationship": "Outer",                  +
           "Parallel Aware": false,                         +
           "Async Capable": false,                          +
           "Join Type": "Inner",                            +
           "Startup Cost": 0.85,                            +
           "Total Cost": 280277.94,                         +
           "Plan Rows": 492722,                             +
           "Plan Width": 46,                                +
           "Actual Startup Time": 0.099,                    +
           "Actual Total Time": 0.344,                      +
           "Actual Rows": 20.00,                            +
           "Actual Loops": 1,                               +
           "Disabled": false,                               +
           "Inner Unique": true,                            +
           "Shared Hit Blocks": 100,                        +
           "Shared Read Blocks": 3,                         +
           "Shared Dirtied Blocks": 0,                      +
           "Shared Written Blocks": 0,                      +
           "Local Hit Blocks": 0,                           +
           "Local Read Blocks": 0,                          +
           "Local Dirtied Blocks": 0,                       +
           "Local Written Blocks": 0,                       +
           "Temp Read Blocks": 0,                           +
           "Temp Written Blocks": 0,                        +
           "Plans": [                                       +
             {                                              +
               "Node Type": "Index Only Scan",              +
               "Parent Relationship": "Outer",              +
               "Parallel Aware": false,                     +
               "Async Capable": false,                      +
               "Scan Direction": "Forward",                 +
               "Index Name": "weekly_read_counts_order_idx",+
               "Relation Name": "weekly_read_counts",       +
               "Alias": "w",                                +
               "Startup Cost": 0.42,                        +
               "Total Cost": 21856.46,                      +
               "Plan Rows": 492722,                         +
               "Plan Width": 16,                            +
               "Actual Startup Time": 0.093,                +
               "Actual Total Time": 0.283,                  +
               "Actual Rows": 20.00,                        +
               "Actual Loops": 1,                           +
               "Disabled": false,                           +
               "Heap Fetches": 20,                          +
               "Index Searches": 1,                         +
               "Shared Hit Blocks": 20,                     +
               "Shared Read Blocks": 3,                     +
               "Shared Dirtied Blocks": 0,                  +
               "Shared Written Blocks": 0,                  +
               "Local Hit Blocks": 0,                       +
               "Local Read Blocks": 0,                      +
               "Local Dirtied Blocks": 0,                   +
               "Local Written Blocks": 0,                   +
               "Temp Read Blocks": 0,                       +
               "Temp Written Blocks": 0                     +
             },                                             +
             {                                              +
               "Node Type": "Index Scan",                   +
               "Parent Relationship": "Inner",              +
               "Parallel Aware": false,                     +
               "Async Capable": false,                      +
               "Scan Direction": "Forward",                 +
               "Index Name": "books_pkey",                  +
               "Relation Name": "books",                    +
               "Alias": "b",                                +
               "Startup Cost": 0.42,                        +
               "Total Cost": 0.52,                          +
               "Plan Rows": 1,                              +
               "Plan Width": 30,                            +
               "Actual Startup Time": 0.002,                +
               "Actual Total Time": 0.002,                  +
               "Actual Rows": 1.00,                         +
               "Actual Loops": 20,                          +
               "Disabled": false,                           +
               "Index Cond": "(id = w.book_id)",            +
               "Rows Removed by Index Recheck": 0,          +
               "Index Searches": 20,                        +
               "Shared Hit Blocks": 80,                     +
               "Shared Read Blocks": 0,                     +
               "Shared Dirtied Blocks": 0,                  +
               "Shared Written Blocks": 0,                  +
               "Local Hit Blocks": 0,                       +
               "Local Read Blocks": 0,                      +
               "Local Dirtied Blocks": 0,                   +
               "Local Written Blocks": 0,                   +
               "Temp Read Blocks": 0,                       +
               "Temp Written Blocks": 0                     +
             }                                              +
           ]                                                +
         }                                                  +
       ]                                                    +
     },                                                     +
     "Planning": {                                          +
       "Shared Hit Blocks": 34,                             +
       "Shared Read Blocks": 1,                             +
       "Shared Dirtied Blocks": 0,                          +
       "Shared Written Blocks": 0,                          +
       "Local Hit Blocks": 0,                               +
       "Local Read Blocks": 0,                              +
       "Local Dirtied Blocks": 0,                           +
       "Local Written Blocks": 0,                           +
       "Temp Read Blocks": 0,                               +
       "Temp Written Blocks": 0                             +
     },                                                     +
     "Planning Time": 0.293,                                +
     "Triggers": [                                          +
     ],                                                     +
     "Execution Time": 0.360                                +
   }                                                        +
 ]
(1 row)

BENCH preaggregated 2
                         QUERY PLAN
-------------------------------------------------------------
 [                                                          +
   {                                                        +
     "Plan": {                                              +
       "Node Type": "Limit",                                +
       "Parallel Aware": false,                             +
       "Async Capable": false,                              +
       "Startup Cost": 0.85,                                +
       "Total Cost": 12.22,                                 +
       "Plan Rows": 20,                                     +
       "Plan Width": 46,                                    +
       "Actual Startup Time": 0.007,                        +
       "Actual Total Time": 0.036,                          +
       "Actual Rows": 20.00,                                +
       "Actual Loops": 1,                                   +
       "Disabled": false,                                   +
       "Shared Hit Blocks": 103,                            +
       "Shared Read Blocks": 0,                             +
       "Shared Dirtied Blocks": 0,                          +
       "Shared Written Blocks": 0,                          +
       "Local Hit Blocks": 0,                               +
       "Local Read Blocks": 0,                              +
       "Local Dirtied Blocks": 0,                           +
       "Local Written Blocks": 0,                           +
       "Temp Read Blocks": 0,                               +
       "Temp Written Blocks": 0,                            +
       "Plans": [                                           +
         {                                                  +
           "Node Type": "Nested Loop",                      +
           "Parent Relationship": "Outer",                  +
           "Parallel Aware": false,                         +
           "Async Capable": false,                          +
           "Join Type": "Inner",                            +
           "Startup Cost": 0.85,                            +
           "Total Cost": 280277.94,                         +
           "Plan Rows": 492722,                             +
           "Plan Width": 46,                                +
           "Actual Startup Time": 0.007,                    +
           "Actual Total Time": 0.034,                      +
           "Actual Rows": 20.00,                            +
           "Actual Loops": 1,                               +
           "Disabled": false,                               +
           "Inner Unique": true,                            +
           "Shared Hit Blocks": 103,                        +
           "Shared Read Blocks": 0,                         +
           "Shared Dirtied Blocks": 0,                      +
           "Shared Written Blocks": 0,                      +
           "Local Hit Blocks": 0,                           +
           "Local Read Blocks": 0,                          +
           "Local Dirtied Blocks": 0,                       +
           "Local Written Blocks": 0,                       +
           "Temp Read Blocks": 0,                           +
           "Temp Written Blocks": 0,                        +
           "Plans": [                                       +
             {                                              +
               "Node Type": "Index Only Scan",              +
               "Parent Relationship": "Outer",              +
               "Parallel Aware": false,                     +
               "Async Capable": false,                      +
               "Scan Direction": "Forward",                 +
               "Index Name": "weekly_read_counts_order_idx",+
               "Relation Name": "weekly_read_counts",       +
               "Alias": "w",                                +
               "Startup Cost": 0.42,                        +
               "Total Cost": 21856.46,                      +
               "Plan Rows": 492722,                         +
               "Plan Width": 16,                            +
               "Actual Startup Time": 0.004,                +
               "Actual Total Time": 0.010,                  +
               "Actual Rows": 20.00,                        +
               "Actual Loops": 1,                           +
               "Disabled": false,                           +
               "Heap Fetches": 20,                          +
               "Index Searches": 1,                         +
               "Shared Hit Blocks": 23,                     +
               "Shared Read Blocks": 0,                     +
               "Shared Dirtied Blocks": 0,                  +
               "Shared Written Blocks": 0,                  +
               "Local Hit Blocks": 0,                       +
               "Local Read Blocks": 0,                      +
               "Local Dirtied Blocks": 0,                   +
               "Local Written Blocks": 0,                   +
               "Temp Read Blocks": 0,                       +
               "Temp Written Blocks": 0                     +
             },                                             +
             {                                              +
               "Node Type": "Index Scan",                   +
               "Parent Relationship": "Inner",              +
               "Parallel Aware": false,                     +
               "Async Capable": false,                      +
               "Scan Direction": "Forward",                 +
               "Index Name": "books_pkey",                  +
               "Relation Name": "books",                    +
               "Alias": "b",                                +
               "Startup Cost": 0.42,                        +
               "Total Cost": 0.52,                          +
               "Plan Rows": 1,                              +
               "Plan Width": 30,                            +
               "Actual Startup Time": 0.001,                +
               "Actual Total Time": 0.001,                  +
               "Actual Rows": 1.00,                         +
               "Actual Loops": 20,                          +
               "Disabled": false,                           +
               "Index Cond": "(id = w.book_id)",            +
               "Rows Removed by Index Recheck": 0,          +
               "Index Searches": 20,                        +
               "Shared Hit Blocks": 80,                     +
               "Shared Read Blocks": 0,                     +
               "Shared Dirtied Blocks": 0,                  +
               "Shared Written Blocks": 0,                  +
               "Local Hit Blocks": 0,                       +
               "Local Read Blocks": 0,                      +
               "Local Dirtied Blocks": 0,                   +
               "Local Written Blocks": 0,                   +
               "Temp Read Blocks": 0,                       +
               "Temp Written Blocks": 0                     +
             }                                              +
           ]                                                +
         }                                                  +
       ]                                                    +
     },                                                     +
     "Planning": {                                          +
       "Shared Hit Blocks": 8,                              +
       "Shared Read Blocks": 0,                             +
       "Shared Dirtied Blocks": 0,                          +
       "Shared Written Blocks": 0,                          +
       "Local Hit Blocks": 0,                               +
       "Local Read Blocks": 0,                              +
       "Local Dirtied Blocks": 0,                           +
       "Local Written Blocks": 0,                           +
       "Temp Read Blocks": 0,                               +
       "Temp Written Blocks": 0                             +
     },                                                     +
     "Planning Time": 0.058,                                +
     "Triggers": [                                          +
     ],                                                     +
     "Execution Time": 0.043                                +
   }                                                        +
 ]
(1 row)

BENCH preaggregated 3
                         QUERY PLAN
-------------------------------------------------------------
 [                                                          +
   {                                                        +
     "Plan": {                                              +
       "Node Type": "Limit",                                +
       "Parallel Aware": false,                             +
       "Async Capable": false,                              +
       "Startup Cost": 0.85,                                +
       "Total Cost": 12.22,                                 +
       "Plan Rows": 20,                                     +
       "Plan Width": 46,                                    +
       "Actual Startup Time": 0.012,                        +
       "Actual Total Time": 0.064,                          +
       "Actual Rows": 20.00,                                +
       "Actual Loops": 1,                                   +
       "Disabled": false,                                   +
       "Shared Hit Blocks": 103,                            +
       "Shared Read Blocks": 0,                             +
       "Shared Dirtied Blocks": 0,                          +
       "Shared Written Blocks": 0,                          +
       "Local Hit Blocks": 0,                               +
       "Local Read Blocks": 0,                              +
       "Local Dirtied Blocks": 0,                           +
       "Local Written Blocks": 0,                           +
       "Temp Read Blocks": 0,                               +
       "Temp Written Blocks": 0,                            +
       "Plans": [                                           +
         {                                                  +
           "Node Type": "Nested Loop",                      +
           "Parent Relationship": "Outer",                  +
           "Parallel Aware": false,                         +
           "Async Capable": false,                          +
           "Join Type": "Inner",                            +
           "Startup Cost": 0.85,                            +
           "Total Cost": 280277.94,                         +
           "Plan Rows": 492722,                             +
           "Plan Width": 46,                                +
           "Actual Startup Time": 0.011,                    +
           "Actual Total Time": 0.062,                      +
           "Actual Rows": 20.00,                            +
           "Actual Loops": 1,                               +
           "Disabled": false,                               +
           "Inner Unique": true,                            +
           "Shared Hit Blocks": 103,                        +
           "Shared Read Blocks": 0,                         +
           "Shared Dirtied Blocks": 0,                      +
           "Shared Written Blocks": 0,                      +
           "Local Hit Blocks": 0,                           +
           "Local Read Blocks": 0,                          +
           "Local Dirtied Blocks": 0,                       +
           "Local Written Blocks": 0,                       +
           "Temp Read Blocks": 0,                           +
           "Temp Written Blocks": 0,                        +
           "Plans": [                                       +
             {                                              +
               "Node Type": "Index Only Scan",              +
               "Parent Relationship": "Outer",              +
               "Parallel Aware": false,                     +
               "Async Capable": false,                      +
               "Scan Direction": "Forward",                 +
               "Index Name": "weekly_read_counts_order_idx",+
               "Relation Name": "weekly_read_counts",       +
               "Alias": "w",                                +
               "Startup Cost": 0.42,                        +
               "Total Cost": 21856.46,                      +
               "Plan Rows": 492722,                         +
               "Plan Width": 16,                            +
               "Actual Startup Time": 0.007,                +
               "Actual Total Time": 0.023,                  +
               "Actual Rows": 20.00,                        +
               "Actual Loops": 1,                           +
               "Disabled": false,                           +
               "Heap Fetches": 20,                          +
               "Index Searches": 1,                         +
               "Shared Hit Blocks": 23,                     +
               "Shared Read Blocks": 0,                     +
               "Shared Dirtied Blocks": 0,                  +
               "Shared Written Blocks": 0,                  +
               "Local Hit Blocks": 0,                       +
               "Local Read Blocks": 0,                      +
               "Local Dirtied Blocks": 0,                   +
               "Local Written Blocks": 0,                   +
               "Temp Read Blocks": 0,                       +
               "Temp Written Blocks": 0                     +
             },                                             +
             {                                              +
               "Node Type": "Index Scan",                   +
               "Parent Relationship": "Inner",              +
               "Parallel Aware": false,                     +
               "Async Capable": false,                      +
               "Scan Direction": "Forward",                 +
               "Index Name": "books_pkey",                  +
               "Relation Name": "books",                    +
               "Alias": "b",                                +
               "Startup Cost": 0.42,                        +
               "Total Cost": 0.52,                          +
               "Plan Rows": 1,                              +
               "Plan Width": 30,                            +
               "Actual Startup Time": 0.002,                +
               "Actual Total Time": 0.002,                  +
               "Actual Rows": 1.00,                         +
               "Actual Loops": 20,                          +
               "Disabled": false,                           +
               "Index Cond": "(id = w.book_id)",            +
               "Rows Removed by Index Recheck": 0,          +
               "Index Searches": 20,                        +
               "Shared Hit Blocks": 80,                     +
               "Shared Read Blocks": 0,                     +
               "Shared Dirtied Blocks": 0,                  +
               "Shared Written Blocks": 0,                  +
               "Local Hit Blocks": 0,                       +
               "Local Read Blocks": 0,                      +
               "Local Dirtied Blocks": 0,                   +
               "Local Written Blocks": 0,                   +
               "Temp Read Blocks": 0,                       +
               "Temp Written Blocks": 0                     +
             }                                              +
           ]                                                +
         }                                                  +
       ]                                                    +
     },                                                     +
     "Planning": {                                          +
       "Shared Hit Blocks": 8,                              +
       "Shared Read Blocks": 0,                             +
       "Shared Dirtied Blocks": 0,                          +
       "Shared Written Blocks": 0,                          +
       "Local Hit Blocks": 0,                               +
       "Local Read Blocks": 0,                              +
       "Local Dirtied Blocks": 0,                           +
       "Local Written Blocks": 0,                           +
       "Temp Read Blocks": 0,                               +
       "Temp Written Blocks": 0                             +
     },                                                     +
     "Planning Time": 0.115,                                +
     "Triggers": [                                          +
     ],                                                     +
     "Execution Time": 0.074                                +
   }                                                        +
 ]
(1 row)

