SET
SET
SET
CREATE VIEW
                                                                                         QUERY PLAN
--------------------------------------------------------------------------------------------------------------------------------------------------------------------------------------------
 Limit  (cost=130692.61..130692.66 rows=20 width=38) (actual time=613.443..613.449 rows=20.00 loops=1)
   Buffers: shared hit=6376 read=2900, temp read=9042 written=10752
   ->  Sort  (cost=130692.61..131932.13 rows=495807 width=38) (actual time=613.442..613.445 rows=20.00 loops=1)
         Sort Key: (count(*)) DESC, b.id
         Sort Method: top-N heapsort  Memory: 27kB
         Buffers: shared hit=6376 read=2900, temp read=9042 written=10752
         ->  HashAggregate  (cost=105762.68..117499.36 rows=495807 width=38) (actual time=533.903..592.368 rows=255238.00 loops=1)
               Group Key: b.id
               Planned Partitions: 8  Batches: 9  Memory Usage: 8281kB  Disk Usage: 15576kB
               Buffers: shared hit=6373 read=2900, temp read=9042 written=10752
               ->  Hash Join  (cost=36689.43..66253.06 rows=495807 width=30) (actual time=187.106..427.581 rows=499998.00 loops=1)
                     Hash Cond: (r.book_id = b.id)
                     Buffers: shared hit=6373 read=2900, temp read=7279 written=7279
                     ->  Index Only Scan using reading_records_order_idx on reading_records r  (cost=0.43..17552.57 rows=495807 width=8) (actual time=0.011..40.775 rows=499998.00 loops=1)
                           Index Cond: ((finished_at >= '2026-09-14 00:00:00'::timestamp without time zone) AND (finished_at < '2026-09-21 00:00:00'::timestamp without time zone))
                           Heap Fetches: 46
                           Index Searches: 1
                           Buffers: shared hit=1920
                     ->  Hash  (cost=17353.00..17353.00 rows=1000000 width=30) (actual time=186.537..186.538 rows=1000000.00 loops=1)
                           Buckets: 131072  Batches: 16  Memory Usage: 4883kB
                           Buffers: shared hit=4453 read=2900, temp written=5815
                           ->  Seq Scan on books b  (cost=0.00..17353.00 rows=1000000 width=30) (actual time=0.023..66.305 rows=1000000.00 loops=1)
                                 Buffers: shared hit=4453 read=2900
 Planning:
   Buffers: shared hit=176 read=4
 Planning Time: 0.720 ms
 Execution Time: 615.956 ms
(27 rows)

CREATE VIEW
                                                                                        QUERY PLAN
------------------------------------------------------------------------------------------------------------------------------------------------------------------------------------------
 Nested Loop  (cost=22868.80..23037.47 rows=20 width=38) (actual time=189.339..189.493 rows=20.00 loops=1)
   Buffers: shared hit=2000, temp read=641 written=1378
   ->  Limit  (cost=22868.37..22868.42 rows=20 width=16) (actual time=189.288..189.295 rows=20.00 loops=1)
         Buffers: shared hit=1920, temp read=641 written=1378
         ->  Sort  (cost=22868.37..23062.09 rows=77487 width=16) (actual time=189.287..189.292 rows=20.00 loops=1)
               Sort Key: (count(*)) DESC, reading_records.book_id
               Sort Method: top-N heapsort  Memory: 26kB
               Buffers: shared hit=1920, temp read=641 written=1378
               ->  HashAggregate  (cost=20031.60..20806.47 rows=77487 width=16) (actual time=129.074..173.657 rows=255238.00 loops=1)
                     Group Key: reading_records.book_id
                     Batches: 5  Memory Usage: 8249kB  Disk Usage: 7224kB
                     Buffers: shared hit=1920, temp read=641 written=1378
                     ->  Index Only Scan using reading_records_order_idx on reading_records  (cost=0.43..17552.57 rows=495807 width=8) (actual time=0.009..34.171 rows=499998.00 loops=1)
                           Index Cond: ((finished_at >= '2026-09-14 00:00:00'::timestamp without time zone) AND (finished_at < '2026-09-21 00:00:00'::timestamp without time zone))
                           Heap Fetches: 46
                           Index Searches: 1
                           Buffers: shared hit=1920
   ->  Index Scan using books_pkey on books b  (cost=0.42..8.44 rows=1 width=30) (actual time=0.009..0.009 rows=1.00 loops=20)
         Index Cond: (id = reading_records.book_id)
         Index Searches: 20
         Buffers: shared hit=80
 Planning:
   Buffers: shared hit=7
 Planning Time: 0.178 ms
 Execution Time: 190.820 ms
(25 rows)

BENCH before 1
                                                                                     QUERY PLAN
-------------------------------------------------------------------------------------------------------------------------------------------------------------------------------------
 [                                                                                                                                                                                  +
   {                                                                                                                                                                                +
     "Plan": {                                                                                                                                                                      +
       "Node Type": "Limit",                                                                                                                                                        +
       "Parallel Aware": false,                                                                                                                                                     +
       "Async Capable": false,                                                                                                                                                      +
       "Startup Cost": 130692.61,                                                                                                                                                   +
       "Total Cost": 130692.66,                                                                                                                                                     +
       "Plan Rows": 20,                                                                                                                                                             +
       "Plan Width": 38,                                                                                                                                                            +
       "Actual Startup Time": 606.980,                                                                                                                                              +
       "Actual Total Time": 606.985,                                                                                                                                                +
       "Actual Rows": 20.00,                                                                                                                                                        +
       "Actual Loops": 1,                                                                                                                                                           +
       "Disabled": false,                                                                                                                                                           +
       "Shared Hit Blocks": 6451,                                                                                                                                                   +
       "Shared Read Blocks": 2822,                                                                                                                                                  +
       "Shared Dirtied Blocks": 0,                                                                                                                                                  +
       "Shared Written Blocks": 0,                                                                                                                                                  +
       "Local Hit Blocks": 0,                                                                                                                                                       +
       "Local Read Blocks": 0,                                                                                                                                                      +
       "Local Dirtied Blocks": 0,                                                                                                                                                   +
       "Local Written Blocks": 0,                                                                                                                                                   +
       "Temp Read Blocks": 9042,                                                                                                                                                    +
       "Temp Written Blocks": 10752,                                                                                                                                                +
       "Plans": [                                                                                                                                                                   +
         {                                                                                                                                                                          +
           "Node Type": "Sort",                                                                                                                                                     +
           "Parent Relationship": "Outer",                                                                                                                                          +
           "Parallel Aware": false,                                                                                                                                                 +
           "Async Capable": false,                                                                                                                                                  +
           "Startup Cost": 130692.61,                                                                                                                                               +
           "Total Cost": 131932.13,                                                                                                                                                 +
           "Plan Rows": 495807,                                                                                                                                                     +
           "Plan Width": 38,                                                                                                                                                        +
           "Actual Startup Time": 606.979,                                                                                                                                          +
           "Actual Total Time": 606.983,                                                                                                                                            +
           "Actual Rows": 20.00,                                                                                                                                                    +
           "Actual Loops": 1,                                                                                                                                                       +
           "Disabled": false,                                                                                                                                                       +
           "Sort Key": ["(count(*)) DESC", "b.id"],                                                                                                                                 +
           "Sort Method": "top-N heapsort",                                                                                                                                         +
           "Sort Space Used": 27,                                                                                                                                                   +
           "Sort Space Type": "Memory",                                                                                                                                             +
           "Shared Hit Blocks": 6451,                                                                                                                                               +
           "Shared Read Blocks": 2822,                                                                                                                                              +
           "Shared Dirtied Blocks": 0,                                                                                                                                              +
           "Shared Written Blocks": 0,                                                                                                                                              +
           "Local Hit Blocks": 0,                                                                                                                                                   +
           "Local Read Blocks": 0,                                                                                                                                                  +
           "Local Dirtied Blocks": 0,                                                                                                                                               +
           "Local Written Blocks": 0,                                                                                                                                               +
           "Temp Read Blocks": 9042,                                                                                                                                                +
           "Temp Written Blocks": 10752,                                                                                                                                            +
           "Plans": [                                                                                                                                                               +
             {                                                                                                                                                                      +
               "Node Type": "Aggregate",                                                                                                                                            +
               "Strategy": "Hashed",                                                                                                                                                +
               "Partial Mode": "Simple",                                                                                                                                            +
               "Parent Relationship": "Outer",                                                                                                                                      +
               "Parallel Aware": false,                                                                                                                                             +
               "Async Capable": false,                                                                                                                                              +
               "Startup Cost": 105762.68,                                                                                                                                           +
               "Total Cost": 117499.36,                                                                                                                                             +
               "Plan Rows": 495807,                                                                                                                                                 +
               "Plan Width": 38,                                                                                                                                                    +
               "Actual Startup Time": 519.402,                                                                                                                                      +
               "Actual Total Time": 585.248,                                                                                                                                        +
               "Actual Rows": 255238.00,                                                                                                                                            +
               "Actual Loops": 1,                                                                                                                                                   +
               "Disabled": false,                                                                                                                                                   +
               "Group Key": ["b.id"],                                                                                                                                               +
               "Planned Partitions": 8,                                                                                                                                             +
               "HashAgg Batches": 9,                                                                                                                                                +
               "Peak Memory Usage": 8281,                                                                                                                                           +
               "Disk Usage": 15576,                                                                                                                                                 +
               "Shared Hit Blocks": 6451,                                                                                                                                           +
               "Shared Read Blocks": 2822,                                                                                                                                          +
               "Shared Dirtied Blocks": 0,                                                                                                                                          +
               "Shared Written Blocks": 0,                                                                                                                                          +
               "Local Hit Blocks": 0,                                                                                                                                               +
               "Local Read Blocks": 0,                                                                                                                                              +
               "Local Dirtied Blocks": 0,                                                                                                                                           +
               "Local Written Blocks": 0,                                                                                                                                           +
               "Temp Read Blocks": 9042,                                                                                                                                            +
               "Temp Written Blocks": 10752,                                                                                                                                        +
               "Plans": [                                                                                                                                                           +
                 {                                                                                                                                                                  +
                   "Node Type": "Hash Join",                                                                                                                                        +
                   "Parent Relationship": "Outer",                                                                                                                                  +
                   "Parallel Aware": false,                                                                                                                                         +
                   "Async Capable": false,                                                                                                                                          +
                   "Join Type": "Inner",                                                                                                                                            +
                   "Startup Cost": 36689.43,                                                                                                                                        +
                   "Total Cost": 66253.06,                                                                                                                                          +
                   "Plan Rows": 495807,                                                                                                                                             +
                   "Plan Width": 30,                                                                                                                                                +
                   "Actual Startup Time": 180.315,                                                                                                                                  +
                   "Actual Total Time": 418.385,                                                                                                                                    +
                   "Actual Rows": 499998.00,                                                                                                                                        +
                   "Actual Loops": 1,                                                                                                                                               +
                   "Disabled": false,                                                                                                                                               +
                   "Inner Unique": true,                                                                                                                                            +
                   "Hash Cond": "(r.book_id = b.id)",                                                                                                                               +
                   "Shared Hit Blocks": 6451,                                                                                                                                       +
                   "Shared Read Blocks": 2822,                                                                                                                                      +
                   "Shared Dirtied Blocks": 0,                                                                                                                                      +
                   "Shared Written Blocks": 0,                                                                                                                                      +
                   "Local Hit Blocks": 0,                                                                                                                                           +
                   "Local Read Blocks": 0,                                                                                                                                          +
                   "Local Dirtied Blocks": 0,                                                                                                                                       +
                   "Local Written Blocks": 0,                                                                                                                                       +
                   "Temp Read Blocks": 7279,                                                                                                                                        +
                   "Temp Written Blocks": 7279,                                                                                                                                     +
                   "Plans": [                                                                                                                                                       +
                     {                                                                                                                                                              +
                       "Node Type": "Index Only Scan",                                                                                                                              +
                       "Parent Relationship": "Outer",                                                                                                                              +
                       "Parallel Aware": false,                                                                                                                                     +
                       "Async Capable": false,                                                                                                                                      +
                       "Scan Direction": "Forward",                                                                                                                                 +
                       "Index Name": "reading_records_order_idx",                                                                                                                   +
                       "Relation Name": "reading_records",                                                                                                                          +
                       "Alias": "r",                                                                                                                                                +
                       "Startup Cost": 0.43,                                                                                                                                        +
                       "Total Cost": 17552.57,                                                                                                                                      +
                       "Plan Rows": 495807,                                                                                                                                         +
                       "Plan Width": 8,                                                                                                                                             +
                       "Actual Startup Time": 0.008,                                                                                                                                +
                       "Actual Total Time": 35.540,                                                                                                                                 +
                       "Actual Rows": 499998.00,                                                                                                                                    +
                       "Actual Loops": 1,                                                                                                                                           +
                       "Disabled": false,                                                                                                                                           +
                       "Index Cond": "((finished_at >= '2026-09-14 00:00:00'::timestamp without time zone) AND (finished_at < '2026-09-21 00:00:00'::timestamp without time zone))",+
                       "Rows Removed by Index Recheck": 0,                                                                                                                          +
                       "Heap Fetches": 46,                                                                                                                                          +
                       "Index Searches": 1,                                                                                                                                         +
                       "Shared Hit Blocks": 1920,                                                                                                                                   +
                       "Shared Read Blocks": 0,                                                                                                                                     +
                       "Shared Dirtied Blocks": 0,                                                                                                                                  +
                       "Shared Written Blocks": 0,                                                                                                                                  +
                       "Local Hit Blocks": 0,                                                                                                                                       +
                       "Local Read Blocks": 0,                                                                                                                                      +
                       "Local Dirtied Blocks": 0,                                                                                                                                   +
                       "Local Written Blocks": 0,                                                                                                                                   +
                       "Temp Read Blocks": 0,                                                                                                                                       +
                       "Temp Written Blocks": 0                                                                                                                                     +
                     },                                                                                                                                                             +
                     {                                                                                                                                                              +
                       "Node Type": "Hash",                                                                                                                                         +
                       "Parent Relationship": "Inner",                                                                                                                              +
                       "Parallel Aware": false,                                                                                                                                     +
                       "Async Capable": false,                                                                                                                                      +
                       "Startup Cost": 17353.00,                                                                                                                                    +
                       "Total Cost": 17353.00,                                                                                                                                      +
                       "Plan Rows": 1000000,                                                                                                                                        +
                       "Plan Width": 30,                                                                                                                                            +
                       "Actual Startup Time": 179.980,                                                                                                                              +
                       "Actual Total Time": 179.981,                                                                                                                                +
                       "Actual Rows": 1000000.00,                                                                                                                                   +
                       "Actual Loops": 1,                                                                                                                                           +
                       "Disabled": false,                                                                                                                                           +
                       "Hash Buckets": 131072,                                                                                                                                      +
                       "Original Hash Buckets": 131072,                                                                                                                             +
                       "Hash Batches": 16,                                                                                                                                          +
                       "Original Hash Batches": 16,                                                                                                                                 +
                       "Peak Memory Usage": 4883,                                                                                                                                   +
                       "Shared Hit Blocks": 4531,                                                                                                                                   +
                       "Shared Read Blocks": 2822,                                                                                                                                  +
                       "Shared Dirtied Blocks": 0,                                                                                                                                  +
                       "Shared Written Blocks": 0,                                                                                                                                  +
                       "Local Hit Blocks": 0,                                                                                                                                       +
                       "Local Read Blocks": 0,                                                                                                                                      +
                       "Local Dirtied Blocks": 0,                                                                                                                                   +
                       "Local Written Blocks": 0,                                                                                                                                   +
                       "Temp Read Blocks": 0,                                                                                                                                       +
                       "Temp Written Blocks": 5815,                                                                                                                                 +
                       "Plans": [                                                                                                                                                   +
                         {                                                                                                                                                          +
                           "Node Type": "Seq Scan",                                                                                                                                 +
                           "Parent Relationship": "Outer",                                                                                                                          +
                           "Parallel Aware": false,                                                                                                                                 +
                           "Async Capable": false,                                                                                                                                  +
                           "Relation Name": "books",                                                                                                                                +
                           "Alias": "b",                                                                                                                                            +
                           "Startup Cost": 0.00,                                                                                                                                    +
                           "Total Cost": 17353.00,                                                                                                                                  +
                           "Plan Rows": 1000000,                                                                                                                                    +
                           "Plan Width": 30,                                                                                                                                        +
                           "Actual Startup Time": 0.061,                                                                                                                            +
                           "Actual Total Time": 64.364,                                                                                                                             +
                           "Actual Rows": 1000000.00,                                                                                                                               +
                           "Actual Loops": 1,                                                                                                                                       +
                           "Disabled": false,                                                                                                                                       +
                           "Shared Hit Blocks": 4531,                                                                                                                               +
                           "Shared Read Blocks": 2822,                                                                                                                              +
                           "Shared Dirtied Blocks": 0,                                                                                                                              +
                           "Shared Written Blocks": 0,                                                                                                                              +
                           "Local Hit Blocks": 0,                                                                                                                                   +
                           "Local Read Blocks": 0,                                                                                                                                  +
                           "Local Dirtied Blocks": 0,                                                                                                                               +
                           "Local Written Blocks": 0,                                                                                                                               +
                           "Temp Read Blocks": 0,                                                                                                                                   +
                           "Temp Written Blocks": 0                                                                                                                                 +
                         }                                                                                                                                                          +
                       ]                                                                                                                                                            +
                     }                                                                                                                                                              +
                   ]                                                                                                                                                                +
                 }                                                                                                                                                                  +
               ]                                                                                                                                                                    +
             }                                                                                                                                                                      +
           ]                                                                                                                                                                        +
         }                                                                                                                                                                          +
       ]                                                                                                                                                                            +
     },                                                                                                                                                                             +
     "Planning": {                                                                                                                                                                  +
       "Shared Hit Blocks": 12,                                                                                                                                                     +
       "Shared Read Blocks": 0,                                                                                                                                                     +
       "Shared Dirtied Blocks": 0,                                                                                                                                                  +
       "Shared Written Blocks": 0,                                                                                                                                                  +
       "Local Hit Blocks": 0,                                                                                                                                                       +
       "Local Read Blocks": 0,                                                                                                                                                      +
       "Local Dirtied Blocks": 0,                                                                                                                                                   +
       "Local Written Blocks": 0,                                                                                                                                                   +
       "Temp Read Blocks": 0,                                                                                                                                                       +
       "Temp Written Blocks": 0                                                                                                                                                     +
     },                                                                                                                                                                             +
     "Planning Time": 0.260,                                                                                                                                                        +
     "Triggers": [                                                                                                                                                                  +
     ],                                                                                                                                                                             +
     "Execution Time": 608.768                                                                                                                                                      +
   }                                                                                                                                                                                +
 ]
(1 row)

BENCH before 2
                                                                                     QUERY PLAN
-------------------------------------------------------------------------------------------------------------------------------------------------------------------------------------
 [                                                                                                                                                                                  +
   {                                                                                                                                                                                +
     "Plan": {                                                                                                                                                                      +
       "Node Type": "Limit",                                                                                                                                                        +
       "Parallel Aware": false,                                                                                                                                                     +
       "Async Capable": false,                                                                                                                                                      +
       "Startup Cost": 130692.61,                                                                                                                                                   +
       "Total Cost": 130692.66,                                                                                                                                                     +
       "Plan Rows": 20,                                                                                                                                                             +
       "Plan Width": 38,                                                                                                                                                            +
       "Actual Startup Time": 627.489,                                                                                                                                              +
       "Actual Total Time": 627.495,                                                                                                                                                +
       "Actual Rows": 20.00,                                                                                                                                                        +
       "Actual Loops": 1,                                                                                                                                                           +
       "Disabled": false,                                                                                                                                                           +
       "Shared Hit Blocks": 6545,                                                                                                                                                   +
       "Shared Read Blocks": 2728,                                                                                                                                                  +
       "Shared Dirtied Blocks": 0,                                                                                                                                                  +
       "Shared Written Blocks": 0,                                                                                                                                                  +
       "Local Hit Blocks": 0,                                                                                                                                                       +
       "Local Read Blocks": 0,                                                                                                                                                      +
       "Local Dirtied Blocks": 0,                                                                                                                                                   +
       "Local Written Blocks": 0,                                                                                                                                                   +
       "Temp Read Blocks": 9042,                                                                                                                                                    +
       "Temp Written Blocks": 10752,                                                                                                                                                +
       "Plans": [                                                                                                                                                                   +
         {                                                                                                                                                                          +
           "Node Type": "Sort",                                                                                                                                                     +
           "Parent Relationship": "Outer",                                                                                                                                          +
           "Parallel Aware": false,                                                                                                                                                 +
           "Async Capable": false,                                                                                                                                                  +
           "Startup Cost": 130692.61,                                                                                                                                               +
           "Total Cost": 131932.13,                                                                                                                                                 +
           "Plan Rows": 495807,                                                                                                                                                     +
           "Plan Width": 38,                                                                                                                                                        +
           "Actual Startup Time": 627.488,                                                                                                                                          +
           "Actual Total Time": 627.492,                                                                                                                                            +
           "Actual Rows": 20.00,                                                                                                                                                    +
           "Actual Loops": 1,                                                                                                                                                       +
           "Disabled": false,                                                                                                                                                       +
           "Sort Key": ["(count(*)) DESC", "b.id"],                                                                                                                                 +
           "Sort Method": "top-N heapsort",                                                                                                                                         +
           "Sort Space Used": 27,                                                                                                                                                   +
           "Sort Space Type": "Memory",                                                                                                                                             +
           "Shared Hit Blocks": 6545,                                                                                                                                               +
           "Shared Read Blocks": 2728,                                                                                                                                              +
           "Shared Dirtied Blocks": 0,                                                                                                                                              +
           "Shared Written Blocks": 0,                                                                                                                                              +
           "Local Hit Blocks": 0,                                                                                                                                                   +
           "Local Read Blocks": 0,                                                                                                                                                  +
           "Local Dirtied Blocks": 0,                                                                                                                                               +
           "Local Written Blocks": 0,                                                                                                                                               +
           "Temp Read Blocks": 9042,                                                                                                                                                +
           "Temp Written Blocks": 10752,                                                                                                                                            +
           "Plans": [                                                                                                                                                               +
             {                                                                                                                                                                      +
               "Node Type": "Aggregate",                                                                                                                                            +
               "Strategy": "Hashed",                                                                                                                                                +
               "Partial Mode": "Simple",                                                                                                                                            +
               "Parent Relationship": "Outer",                                                                                                                                      +
               "Parallel Aware": false,                                                                                                                                             +
               "Async Capable": false,                                                                                                                                              +
               "Startup Cost": 105762.68,                                                                                                                                           +
               "Total Cost": 117499.36,                                                                                                                                             +
               "Plan Rows": 495807,                                                                                                                                                 +
               "Plan Width": 38,                                                                                                                                                    +
               "Actual Startup Time": 544.093,                                                                                                                                      +
               "Actual Total Time": 606.468,                                                                                                                                        +
               "Actual Rows": 255238.00,                                                                                                                                            +
               "Actual Loops": 1,                                                                                                                                                   +
               "Disabled": false,                                                                                                                                                   +
               "Group Key": ["b.id"],                                                                                                                                               +
               "Planned Partitions": 8,                                                                                                                                             +
               "HashAgg Batches": 9,                                                                                                                                                +
               "Peak Memory Usage": 8281,                                                                                                                                           +
               "Disk Usage": 15576,                                                                                                                                                 +
               "Shared Hit Blocks": 6545,                                                                                                                                           +
               "Shared Read Blocks": 2728,                                                                                                                                          +
               "Shared Dirtied Blocks": 0,                                                                                                                                          +
               "Shared Written Blocks": 0,                                                                                                                                          +
               "Local Hit Blocks": 0,                                                                                                                                               +
               "Local Read Blocks": 0,                                                                                                                                              +
               "Local Dirtied Blocks": 0,                                                                                                                                           +
               "Local Written Blocks": 0,                                                                                                                                           +
               "Temp Read Blocks": 9042,                                                                                                                                            +
               "Temp Written Blocks": 10752,                                                                                                                                        +
               "Plans": [                                                                                                                                                           +
                 {                                                                                                                                                                  +
                   "Node Type": "Hash Join",                                                                                                                                        +
                   "Parent Relationship": "Outer",                                                                                                                                  +
                   "Parallel Aware": false,                                                                                                                                         +
                   "Async Capable": false,                                                                                                                                          +
                   "Join Type": "Inner",                                                                                                                                            +
                   "Startup Cost": 36689.43,                                                                                                                                        +
                   "Total Cost": 66253.06,                                                                                                                                          +
                   "Plan Rows": 495807,                                                                                                                                             +
                   "Plan Width": 30,                                                                                                                                                +
                   "Actual Startup Time": 178.853,                                                                                                                                  +
                   "Actual Total Time": 429.096,                                                                                                                                    +
                   "Actual Rows": 499998.00,                                                                                                                                        +
                   "Actual Loops": 1,                                                                                                                                               +
                   "Disabled": false,                                                                                                                                               +
                   "Inner Unique": true,                                                                                                                                            +
                   "Hash Cond": "(r.book_id = b.id)",                                                                                                                               +
                   "Shared Hit Blocks": 6545,                                                                                                                                       +
                   "Shared Read Blocks": 2728,                                                                                                                                      +
                   "Shared Dirtied Blocks": 0,                                                                                                                                      +
                   "Shared Written Blocks": 0,                                                                                                                                      +
                   "Local Hit Blocks": 0,                                                                                                                                           +
                   "Local Read Blocks": 0,                                                                                                                                          +
                   "Local Dirtied Blocks": 0,                                                                                                                                       +
                   "Local Written Blocks": 0,                                                                                                                                       +
                   "Temp Read Blocks": 7279,                                                                                                                                        +
                   "Temp Written Blocks": 7279,                                                                                                                                     +
                   "Plans": [                                                                                                                                                       +
                     {                                                                                                                                                              +
                       "Node Type": "Index Only Scan",                                                                                                                              +
                       "Parent Relationship": "Outer",                                                                                                                              +
                       "Parallel Aware": false,                                                                                                                                     +
                       "Async Capable": false,                                                                                                                                      +
                       "Scan Direction": "Forward",                                                                                                                                 +
                       "Index Name": "reading_records_order_idx",                                                                                                                   +
                       "Relation Name": "reading_records",                                                                                                                          +
                       "Alias": "r",                                                                                                                                                +
                       "Startup Cost": 0.43,                                                                                                                                        +
                       "Total Cost": 17552.57,                                                                                                                                      +
                       "Plan Rows": 495807,                                                                                                                                         +
                       "Plan Width": 8,                                                                                                                                             +
                       "Actual Startup Time": 0.020,                                                                                                                                +
                       "Actual Total Time": 36.297,                                                                                                                                 +
                       "Actual Rows": 499998.00,                                                                                                                                    +
                       "Actual Loops": 1,                                                                                                                                           +
                       "Disabled": false,                                                                                                                                           +
                       "Index Cond": "((finished_at >= '2026-09-14 00:00:00'::timestamp without time zone) AND (finished_at < '2026-09-21 00:00:00'::timestamp without time zone))",+
                       "Rows Removed by Index Recheck": 0,                                                                                                                          +
                       "Heap Fetches": 46,                                                                                                                                          +
                       "Index Searches": 1,                                                                                                                                         +
                       "Shared Hit Blocks": 1920,                                                                                                                                   +
                       "Shared Read Blocks": 0,                                                                                                                                     +
                       "Shared Dirtied Blocks": 0,                                                                                                                                  +
                       "Shared Written Blocks": 0,                                                                                                                                  +
                       "Local Hit Blocks": 0,                                                                                                                                       +
                       "Local Read Blocks": 0,                                                                                                                                      +
                       "Local Dirtied Blocks": 0,                                                                                                                                   +
                       "Local Written Blocks": 0,                                                                                                                                   +
                       "Temp Read Blocks": 0,                                                                                                                                       +
                       "Temp Written Blocks": 0                                                                                                                                     +
                     },                                                                                                                                                             +
                     {                                                                                                                                                              +
                       "Node Type": "Hash",                                                                                                                                         +
                       "Parent Relationship": "Inner",                                                                                                                              +
                       "Parallel Aware": false,                                                                                                                                     +
                       "Async Capable": false,                                                                                                                                      +
                       "Startup Cost": 17353.00,                                                                                                                                    +
                       "Total Cost": 17353.00,                                                                                                                                      +
                       "Plan Rows": 1000000,                                                                                                                                        +
                       "Plan Width": 30,                                                                                                                                            +
                       "Actual Startup Time": 178.050,                                                                                                                              +
                       "Actual Total Time": 178.051,                                                                                                                                +
                       "Actual Rows": 1000000.00,                                                                                                                                   +
                       "Actual Loops": 1,                                                                                                                                           +
                       "Disabled": false,                                                                                                                                           +
                       "Hash Buckets": 131072,                                                                                                                                      +
                       "Original Hash Buckets": 131072,                                                                                                                             +
                       "Hash Batches": 16,                                                                                                                                          +
                       "Original Hash Batches": 16,                                                                                                                                 +
                       "Peak Memory Usage": 4883,                                                                                                                                   +
                       "Shared Hit Blocks": 4625,                                                                                                                                   +
                       "Shared Read Blocks": 2728,                                                                                                                                  +
                       "Shared Dirtied Blocks": 0,                                                                                                                                  +
                       "Shared Written Blocks": 0,                                                                                                                                  +
                       "Local Hit Blocks": 0,                                                                                                                                       +
                       "Local Read Blocks": 0,                                                                                                                                      +
                       "Local Dirtied Blocks": 0,                                                                                                                                   +
                       "Local Written Blocks": 0,                                                                                                                                   +
                       "Temp Read Blocks": 0,                                                                                                                                       +
                       "Temp Written Blocks": 5815,                                                                                                                                 +
                       "Plans": [                                                                                                                                                   +
                         {                                                                                                                                                          +
                           "Node Type": "Seq Scan",                                                                                                                                 +
                           "Parent Relationship": "Outer",                                                                                                                          +
                           "Parallel Aware": false,                                                                                                                                 +
                           "Async Capable": false,                                                                                                                                  +
                           "Relation Name": "books",                                                                                                                                +
                           "Alias": "b",                                                                                                                                            +
                           "Startup Cost": 0.00,                                                                                                                                    +
                           "Total Cost": 17353.00,                                                                                                                                  +
                           "Plan Rows": 1000000,                                                                                                                                    +
                           "Plan Width": 30,                                                                                                                                        +
                           "Actual Startup Time": 0.031,                                                                                                                            +
                           "Actual Total Time": 63.103,                                                                                                                             +
                           "Actual Rows": 1000000.00,                                                                                                                               +
                           "Actual Loops": 1,                                                                                                                                       +
                           "Disabled": false,                                                                                                                                       +
                           "Shared Hit Blocks": 4625,                                                                                                                               +
                           "Shared Read Blocks": 2728,                                                                                                                              +
                           "Shared Dirtied Blocks": 0,                                                                                                                              +
                           "Shared Written Blocks": 0,                                                                                                                              +
                           "Local Hit Blocks": 0,                                                                                                                                   +
                           "Local Read Blocks": 0,                                                                                                                                  +
                           "Local Dirtied Blocks": 0,                                                                                                                               +
                           "Local Written Blocks": 0,                                                                                                                               +
                           "Temp Read Blocks": 0,                                                                                                                                   +
                           "Temp Written Blocks": 0                                                                                                                                 +
                         }                                                                                                                                                          +
                       ]                                                                                                                                                            +
                     }                                                                                                                                                              +
                   ]                                                                                                                                                                +
                 }                                                                                                                                                                  +
               ]                                                                                                                                                                    +
             }                                                                                                                                                                      +
           ]                                                                                                                                                                        +
         }                                                                                                                                                                          +
       ]                                                                                                                                                                            +
     },                                                                                                                                                                             +
     "Planning": {                                                                                                                                                                  +
       "Shared Hit Blocks": 12,                                                                                                                                                     +
       "Shared Read Blocks": 0,                                                                                                                                                     +
       "Shared Dirtied Blocks": 0,                                                                                                                                                  +
       "Shared Written Blocks": 0,                                                                                                                                                  +
       "Local Hit Blocks": 0,                                                                                                                                                       +
       "Local Read Blocks": 0,                                                                                                                                                      +
       "Local Dirtied Blocks": 0,                                                                                                                                                   +
       "Local Written Blocks": 0,                                                                                                                                                   +
       "Temp Read Blocks": 0,                                                                                                                                                       +
       "Temp Written Blocks": 0                                                                                                                                                     +
     },                                                                                                                                                                             +
     "Planning Time": 0.193,                                                                                                                                                        +
     "Triggers": [                                                                                                                                                                  +
     ],                                                                                                                                                                             +
     "Execution Time": 629.833                                                                                                                                                      +
   }                                                                                                                                                                                +
 ]
(1 row)

BENCH before 3
                                                                                     QUERY PLAN
-------------------------------------------------------------------------------------------------------------------------------------------------------------------------------------
 [                                                                                                                                                                                  +
   {                                                                                                                                                                                +
     "Plan": {                                                                                                                                                                      +
       "Node Type": "Limit",                                                                                                                                                        +
       "Parallel Aware": false,                                                                                                                                                     +
       "Async Capable": false,                                                                                                                                                      +
       "Startup Cost": 130692.61,                                                                                                                                                   +
       "Total Cost": 130692.66,                                                                                                                                                     +
       "Plan Rows": 20,                                                                                                                                                             +
       "Plan Width": 38,                                                                                                                                                            +
       "Actual Startup Time": 675.264,                                                                                                                                              +
       "Actual Total Time": 675.275,                                                                                                                                                +
       "Actual Rows": 20.00,                                                                                                                                                        +
       "Actual Loops": 1,                                                                                                                                                           +
       "Disabled": false,                                                                                                                                                           +
       "Shared Hit Blocks": 6639,                                                                                                                                                   +
       "Shared Read Blocks": 2634,                                                                                                                                                  +
       "Shared Dirtied Blocks": 0,                                                                                                                                                  +
       "Shared Written Blocks": 0,                                                                                                                                                  +
       "Local Hit Blocks": 0,                                                                                                                                                       +
       "Local Read Blocks": 0,                                                                                                                                                      +
       "Local Dirtied Blocks": 0,                                                                                                                                                   +
       "Local Written Blocks": 0,                                                                                                                                                   +
       "Temp Read Blocks": 9042,                                                                                                                                                    +
       "Temp Written Blocks": 10752,                                                                                                                                                +
       "Plans": [                                                                                                                                                                   +
         {                                                                                                                                                                          +
           "Node Type": "Sort",                                                                                                                                                     +
           "Parent Relationship": "Outer",                                                                                                                                          +
           "Parallel Aware": false,                                                                                                                                                 +
           "Async Capable": false,                                                                                                                                                  +
           "Startup Cost": 130692.61,                                                                                                                                               +
           "Total Cost": 131932.13,                                                                                                                                                 +
           "Plan Rows": 495807,                                                                                                                                                     +
           "Plan Width": 38,                                                                                                                                                        +
           "Actual Startup Time": 675.263,                                                                                                                                          +
           "Actual Total Time": 675.272,                                                                                                                                            +
           "Actual Rows": 20.00,                                                                                                                                                    +
           "Actual Loops": 1,                                                                                                                                                       +
           "Disabled": false,                                                                                                                                                       +
           "Sort Key": ["(count(*)) DESC", "b.id"],                                                                                                                                 +
           "Sort Method": "top-N heapsort",                                                                                                                                         +
           "Sort Space Used": 27,                                                                                                                                                   +
           "Sort Space Type": "Memory",                                                                                                                                             +
           "Shared Hit Blocks": 6639,                                                                                                                                               +
           "Shared Read Blocks": 2634,                                                                                                                                              +
           "Shared Dirtied Blocks": 0,                                                                                                                                              +
           "Shared Written Blocks": 0,                                                                                                                                              +
           "Local Hit Blocks": 0,                                                                                                                                                   +
           "Local Read Blocks": 0,                                                                                                                                                  +
           "Local Dirtied Blocks": 0,                                                                                                                                               +
           "Local Written Blocks": 0,                                                                                                                                               +
           "Temp Read Blocks": 9042,                                                                                                                                                +
           "Temp Written Blocks": 10752,                                                                                                                                            +
           "Plans": [                                                                                                                                                               +
             {                                                                                                                                                                      +
               "Node Type": "Aggregate",                                                                                                                                            +
               "Strategy": "Hashed",                                                                                                                                                +
               "Partial Mode": "Simple",                                                                                                                                            +
               "Parent Relationship": "Outer",                                                                                                                                      +
               "Parallel Aware": false,                                                                                                                                             +
               "Async Capable": false,                                                                                                                                              +
               "Startup Cost": 105762.68,                                                                                                                                           +
               "Total Cost": 117499.36,                                                                                                                                             +
               "Plan Rows": 495807,                                                                                                                                                 +
               "Plan Width": 38,                                                                                                                                                    +
               "Actual Startup Time": 571.584,                                                                                                                                      +
               "Actual Total Time": 647.440,                                                                                                                                        +
               "Actual Rows": 255238.00,                                                                                                                                            +
               "Actual Loops": 1,                                                                                                                                                   +
               "Disabled": false,                                                                                                                                                   +
               "Group Key": ["b.id"],                                                                                                                                               +
               "Planned Partitions": 8,                                                                                                                                             +
               "HashAgg Batches": 9,                                                                                                                                                +
               "Peak Memory Usage": 8281,                                                                                                                                           +
               "Disk Usage": 15576,                                                                                                                                                 +
               "Shared Hit Blocks": 6639,                                                                                                                                           +
               "Shared Read Blocks": 2634,                                                                                                                                          +
               "Shared Dirtied Blocks": 0,                                                                                                                                          +
               "Shared Written Blocks": 0,                                                                                                                                          +
               "Local Hit Blocks": 0,                                                                                                                                               +
               "Local Read Blocks": 0,                                                                                                                                              +
               "Local Dirtied Blocks": 0,                                                                                                                                           +
               "Local Written Blocks": 0,                                                                                                                                           +
               "Temp Read Blocks": 9042,                                                                                                                                            +
               "Temp Written Blocks": 10752,                                                                                                                                        +
               "Plans": [                                                                                                                                                           +
                 {                                                                                                                                                                  +
                   "Node Type": "Hash Join",                                                                                                                                        +
                   "Parent Relationship": "Outer",                                                                                                                                  +
                   "Parallel Aware": false,                                                                                                                                         +
                   "Async Capable": false,                                                                                                                                          +
                   "Join Type": "Inner",                                                                                                                                            +
                   "Startup Cost": 36689.43,                                                                                                                                        +
                   "Total Cost": 66253.06,                                                                                                                                          +
                   "Plan Rows": 495807,                                                                                                                                             +
                   "Plan Width": 30,                                                                                                                                                +
                   "Actual Startup Time": 181.376,                                                                                                                                  +
                   "Actual Total Time": 455.993,                                                                                                                                    +
                   "Actual Rows": 499998.00,                                                                                                                                        +
                   "Actual Loops": 1,                                                                                                                                               +
                   "Disabled": false,                                                                                                                                               +
                   "Inner Unique": true,                                                                                                                                            +
                   "Hash Cond": "(r.book_id = b.id)",                                                                                                                               +
                   "Shared Hit Blocks": 6639,                                                                                                                                       +
                   "Shared Read Blocks": 2634,                                                                                                                                      +
                   "Shared Dirtied Blocks": 0,                                                                                                                                      +
                   "Shared Written Blocks": 0,                                                                                                                                      +
                   "Local Hit Blocks": 0,                                                                                                                                           +
                   "Local Read Blocks": 0,                                                                                                                                          +
                   "Local Dirtied Blocks": 0,                                                                                                                                       +
                   "Local Written Blocks": 0,                                                                                                                                       +
                   "Temp Read Blocks": 7279,                                                                                                                                        +
                   "Temp Written Blocks": 7279,                                                                                                                                     +
                   "Plans": [                                                                                                                                                       +
                     {                                                                                                                                                              +
                       "Node Type": "Index Only Scan",                                                                                                                              +
                       "Parent Relationship": "Outer",                                                                                                                              +
                       "Parallel Aware": false,                                                                                                                                     +
                       "Async Capable": false,                                                                                                                                      +
                       "Scan Direction": "Forward",                                                                                                                                 +
                       "Index Name": "reading_records_order_idx",                                                                                                                   +
                       "Relation Name": "reading_records",                                                                                                                          +
                       "Alias": "r",                                                                                                                                                +
                       "Startup Cost": 0.43,                                                                                                                                        +
                       "Total Cost": 17552.57,                                                                                                                                      +
                       "Plan Rows": 495807,                                                                                                                                         +
                       "Plan Width": 8,                                                                                                                                             +
                       "Actual Startup Time": 0.009,                                                                                                                                +
                       "Actual Total Time": 37.369,                                                                                                                                 +
                       "Actual Rows": 499998.00,                                                                                                                                    +
                       "Actual Loops": 1,                                                                                                                                           +
                       "Disabled": false,                                                                                                                                           +
                       "Index Cond": "((finished_at >= '2026-09-14 00:00:00'::timestamp without time zone) AND (finished_at < '2026-09-21 00:00:00'::timestamp without time zone))",+
                       "Rows Removed by Index Recheck": 0,                                                                                                                          +
                       "Heap Fetches": 46,                                                                                                                                          +
                       "Index Searches": 1,                                                                                                                                         +
                       "Shared Hit Blocks": 1920,                                                                                                                                   +
                       "Shared Read Blocks": 0,                                                                                                                                     +
                       "Shared Dirtied Blocks": 0,                                                                                                                                  +
                       "Shared Written Blocks": 0,                                                                                                                                  +
                       "Local Hit Blocks": 0,                                                                                                                                       +
                       "Local Read Blocks": 0,                                                                                                                                      +
                       "Local Dirtied Blocks": 0,                                                                                                                                   +
                       "Local Written Blocks": 0,                                                                                                                                   +
                       "Temp Read Blocks": 0,                                                                                                                                       +
                       "Temp Written Blocks": 0                                                                                                                                     +
                     },                                                                                                                                                             +
                     {                                                                                                                                                              +
                       "Node Type": "Hash",                                                                                                                                         +
                       "Parent Relationship": "Inner",                                                                                                                              +
                       "Parallel Aware": false,                                                                                                                                     +
                       "Async Capable": false,                                                                                                                                      +
                       "Startup Cost": 17353.00,                                                                                                                                    +
                       "Total Cost": 17353.00,                                                                                                                                      +
                       "Plan Rows": 1000000,                                                                                                                                        +
                       "Plan Width": 30,                                                                                                                                            +
                       "Actual Startup Time": 180.787,                                                                                                                              +
                       "Actual Total Time": 180.789,                                                                                                                                +
                       "Actual Rows": 1000000.00,                                                                                                                                   +
                       "Actual Loops": 1,                                                                                                                                           +
                       "Disabled": false,                                                                                                                                           +
                       "Hash Buckets": 131072,                                                                                                                                      +
                       "Original Hash Buckets": 131072,                                                                                                                             +
                       "Hash Batches": 16,                                                                                                                                          +
                       "Original Hash Batches": 16,                                                                                                                                 +
                       "Peak Memory Usage": 4883,                                                                                                                                   +
                       "Shared Hit Blocks": 4719,                                                                                                                                   +
                       "Shared Read Blocks": 2634,                                                                                                                                  +
                       "Shared Dirtied Blocks": 0,                                                                                                                                  +
                       "Shared Written Blocks": 0,                                                                                                                                  +
                       "Local Hit Blocks": 0,                                                                                                                                       +
                       "Local Read Blocks": 0,                                                                                                                                      +
                       "Local Dirtied Blocks": 0,                                                                                                                                   +
                       "Local Written Blocks": 0,                                                                                                                                   +
                       "Temp Read Blocks": 0,                                                                                                                                       +
                       "Temp Written Blocks": 5815,                                                                                                                                 +
                       "Plans": [                                                                                                                                                   +
                         {                                                                                                                                                          +
                           "Node Type": "Seq Scan",                                                                                                                                 +
                           "Parent Relationship": "Outer",                                                                                                                          +
                           "Parallel Aware": false,                                                                                                                                 +
                           "Async Capable": false,                                                                                                                                  +
                           "Relation Name": "books",                                                                                                                                +
                           "Alias": "b",                                                                                                                                            +
                           "Startup Cost": 0.00,                                                                                                                                    +
                           "Total Cost": 17353.00,                                                                                                                                  +
                           "Plan Rows": 1000000,                                                                                                                                    +
                           "Plan Width": 30,                                                                                                                                        +
                           "Actual Startup Time": 0.026,                                                                                                                            +
                           "Actual Total Time": 63.411,                                                                                                                             +
                           "Actual Rows": 1000000.00,                                                                                                                               +
                           "Actual Loops": 1,                                                                                                                                       +
                           "Disabled": false,                                                                                                                                       +
                           "Shared Hit Blocks": 4719,                                                                                                                               +
                           "Shared Read Blocks": 2634,                                                                                                                              +
                           "Shared Dirtied Blocks": 0,                                                                                                                              +
                           "Shared Written Blocks": 0,                                                                                                                              +
                           "Local Hit Blocks": 0,                                                                                                                                   +
                           "Local Read Blocks": 0,                                                                                                                                  +
                           "Local Dirtied Blocks": 0,                                                                                                                               +
                           "Local Written Blocks": 0,                                                                                                                               +
                           "Temp Read Blocks": 0,                                                                                                                                   +
                           "Temp Written Blocks": 0                                                                                                                                 +
                         }                                                                                                                                                          +
                       ]                                                                                                                                                            +
                     }                                                                                                                                                              +
                   ]                                                                                                                                                                +
                 }                                                                                                                                                                  +
               ]                                                                                                                                                                    +
             }                                                                                                                                                                      +
           ]                                                                                                                                                                        +
         }                                                                                                                                                                          +
       ]                                                                                                                                                                            +
     },                                                                                                                                                                             +
     "Planning": {                                                                                                                                                                  +
       "Shared Hit Blocks": 12,                                                                                                                                                     +
       "Shared Read Blocks": 0,                                                                                                                                                     +
       "Shared Dirtied Blocks": 0,                                                                                                                                                  +
       "Shared Written Blocks": 0,                                                                                                                                                  +
       "Local Hit Blocks": 0,                                                                                                                                                       +
       "Local Read Blocks": 0,                                                                                                                                                      +
       "Local Dirtied Blocks": 0,                                                                                                                                                   +
       "Local Written Blocks": 0,                                                                                                                                                   +
       "Temp Read Blocks": 0,                                                                                                                                                       +
       "Temp Written Blocks": 0                                                                                                                                                     +
     },                                                                                                                                                                             +
     "Planning Time": 0.201,                                                                                                                                                        +
     "Triggers": [                                                                                                                                                                  +
     ],                                                                                                                                                                             +
     "Execution Time": 677.358                                                                                                                                                      +
   }                                                                                                                                                                                +
 ]
(1 row)

BENCH after 1
                                                                                     QUERY PLAN
-------------------------------------------------------------------------------------------------------------------------------------------------------------------------------------
 [                                                                                                                                                                                  +
   {                                                                                                                                                                                +
     "Plan": {                                                                                                                                                                      +
       "Node Type": "Nested Loop",                                                                                                                                                  +
       "Parallel Aware": false,                                                                                                                                                     +
       "Async Capable": false,                                                                                                                                                      +
       "Join Type": "Inner",                                                                                                                                                        +
       "Startup Cost": 22868.80,                                                                                                                                                    +
       "Total Cost": 23037.47,                                                                                                                                                      +
       "Plan Rows": 20,                                                                                                                                                             +
       "Plan Width": 38,                                                                                                                                                            +
       "Actual Startup Time": 202.972,                                                                                                                                              +
       "Actual Total Time": 203.098,                                                                                                                                                +
       "Actual Rows": 20.00,                                                                                                                                                        +
       "Actual Loops": 1,                                                                                                                                                           +
       "Disabled": false,                                                                                                                                                           +
       "Inner Unique": true,                                                                                                                                                        +
       "Shared Hit Blocks": 2000,                                                                                                                                                   +
       "Shared Read Blocks": 0,                                                                                                                                                     +
       "Shared Dirtied Blocks": 0,                                                                                                                                                  +
       "Shared Written Blocks": 0,                                                                                                                                                  +
       "Local Hit Blocks": 0,                                                                                                                                                       +
       "Local Read Blocks": 0,                                                                                                                                                      +
       "Local Dirtied Blocks": 0,                                                                                                                                                   +
       "Local Written Blocks": 0,                                                                                                                                                   +
       "Temp Read Blocks": 641,                                                                                                                                                     +
       "Temp Written Blocks": 1378,                                                                                                                                                 +
       "Plans": [                                                                                                                                                                   +
         {                                                                                                                                                                          +
           "Node Type": "Limit",                                                                                                                                                    +
           "Parent Relationship": "Outer",                                                                                                                                          +
           "Parallel Aware": false,                                                                                                                                                 +
           "Async Capable": false,                                                                                                                                                  +
           "Startup Cost": 22868.37,                                                                                                                                                +
           "Total Cost": 22868.42,                                                                                                                                                  +
           "Plan Rows": 20,                                                                                                                                                         +
           "Plan Width": 16,                                                                                                                                                        +
           "Actual Startup Time": 202.919,                                                                                                                                          +
           "Actual Total Time": 202.924,                                                                                                                                            +
           "Actual Rows": 20.00,                                                                                                                                                    +
           "Actual Loops": 1,                                                                                                                                                       +
           "Disabled": false,                                                                                                                                                       +
           "Shared Hit Blocks": 1920,                                                                                                                                               +
           "Shared Read Blocks": 0,                                                                                                                                                 +
           "Shared Dirtied Blocks": 0,                                                                                                                                              +
           "Shared Written Blocks": 0,                                                                                                                                              +
           "Local Hit Blocks": 0,                                                                                                                                                   +
           "Local Read Blocks": 0,                                                                                                                                                  +
           "Local Dirtied Blocks": 0,                                                                                                                                               +
           "Local Written Blocks": 0,                                                                                                                                               +
           "Temp Read Blocks": 641,                                                                                                                                                 +
           "Temp Written Blocks": 1378,                                                                                                                                             +
           "Plans": [                                                                                                                                                               +
             {                                                                                                                                                                      +
               "Node Type": "Sort",                                                                                                                                                 +
               "Parent Relationship": "Outer",                                                                                                                                      +
               "Parallel Aware": false,                                                                                                                                             +
               "Async Capable": false,                                                                                                                                              +
               "Startup Cost": 22868.37,                                                                                                                                            +
               "Total Cost": 23062.09,                                                                                                                                              +
               "Plan Rows": 77487,                                                                                                                                                  +
               "Plan Width": 16,                                                                                                                                                    +
               "Actual Startup Time": 202.918,                                                                                                                                      +
               "Actual Total Time": 202.921,                                                                                                                                        +
               "Actual Rows": 20.00,                                                                                                                                                +
               "Actual Loops": 1,                                                                                                                                                   +
               "Disabled": false,                                                                                                                                                   +
               "Sort Key": ["(count(*)) DESC", "reading_records.book_id"],                                                                                                          +
               "Sort Method": "top-N heapsort",                                                                                                                                     +
               "Sort Space Used": 26,                                                                                                                                               +
               "Sort Space Type": "Memory",                                                                                                                                         +
               "Shared Hit Blocks": 1920,                                                                                                                                           +
               "Shared Read Blocks": 0,                                                                                                                                             +
               "Shared Dirtied Blocks": 0,                                                                                                                                          +
               "Shared Written Blocks": 0,                                                                                                                                          +
               "Local Hit Blocks": 0,                                                                                                                                               +
               "Local Read Blocks": 0,                                                                                                                                              +
               "Local Dirtied Blocks": 0,                                                                                                                                           +
               "Local Written Blocks": 0,                                                                                                                                           +
               "Temp Read Blocks": 641,                                                                                                                                             +
               "Temp Written Blocks": 1378,                                                                                                                                         +
               "Plans": [                                                                                                                                                           +
                 {                                                                                                                                                                  +
                   "Node Type": "Aggregate",                                                                                                                                        +
                   "Strategy": "Hashed",                                                                                                                                            +
                   "Partial Mode": "Simple",                                                                                                                                        +
                   "Parent Relationship": "Outer",                                                                                                                                  +
                   "Parallel Aware": false,                                                                                                                                         +
                   "Async Capable": false,                                                                                                                                          +
                   "Startup Cost": 20031.60,                                                                                                                                        +
                   "Total Cost": 20806.47,                                                                                                                                          +
                   "Plan Rows": 77487,                                                                                                                                              +
                   "Plan Width": 16,                                                                                                                                                +
                   "Actual Startup Time": 139.147,                                                                                                                                  +
                   "Actual Total Time": 186.986,                                                                                                                                    +
                   "Actual Rows": 255238.00,                                                                                                                                        +
                   "Actual Loops": 1,                                                                                                                                               +
                   "Disabled": false,                                                                                                                                               +
                   "Group Key": ["reading_records.book_id"],                                                                                                                        +
                   "Planned Partitions": 0,                                                                                                                                         +
                   "HashAgg Batches": 5,                                                                                                                                            +
                   "Peak Memory Usage": 8249,                                                                                                                                       +
                   "Disk Usage": 7224,                                                                                                                                              +
                   "Shared Hit Blocks": 1920,                                                                                                                                       +
                   "Shared Read Blocks": 0,                                                                                                                                         +
                   "Shared Dirtied Blocks": 0,                                                                                                                                      +
                   "Shared Written Blocks": 0,                                                                                                                                      +
                   "Local Hit Blocks": 0,                                                                                                                                           +
                   "Local Read Blocks": 0,                                                                                                                                          +
                   "Local Dirtied Blocks": 0,                                                                                                                                       +
                   "Local Written Blocks": 0,                                                                                                                                       +
                   "Temp Read Blocks": 641,                                                                                                                                         +
                   "Temp Written Blocks": 1378,                                                                                                                                     +
                   "Plans": [                                                                                                                                                       +
                     {                                                                                                                                                              +
                       "Node Type": "Index Only Scan",                                                                                                                              +
                       "Parent Relationship": "Outer",                                                                                                                              +
                       "Parallel Aware": false,                                                                                                                                     +
                       "Async Capable": false,                                                                                                                                      +
                       "Scan Direction": "Forward",                                                                                                                                 +
                       "Index Name": "reading_records_order_idx",                                                                                                                   +
                       "Relation Name": "reading_records",                                                                                                                          +
                       "Alias": "reading_records",                                                                                                                                  +
                       "Startup Cost": 0.43,                                                                                                                                        +
                       "Total Cost": 17552.57,                                                                                                                                      +
                       "Plan Rows": 495807,                                                                                                                                         +
                       "Plan Width": 8,                                                                                                                                             +
                       "Actual Startup Time": 0.012,                                                                                                                                +
                       "Actual Total Time": 36.724,                                                                                                                                 +
                       "Actual Rows": 499998.00,                                                                                                                                    +
                       "Actual Loops": 1,                                                                                                                                           +
                       "Disabled": false,                                                                                                                                           +
                       "Index Cond": "((finished_at >= '2026-09-14 00:00:00'::timestamp without time zone) AND (finished_at < '2026-09-21 00:00:00'::timestamp without time zone))",+
                       "Rows Removed by Index Recheck": 0,                                                                                                                          +
                       "Heap Fetches": 46,                                                                                                                                          +
                       "Index Searches": 1,                                                                                                                                         +
                       "Shared Hit Blocks": 1920,                                                                                                                                   +
                       "Shared Read Blocks": 0,                                                                                                                                     +
                       "Shared Dirtied Blocks": 0,                                                                                                                                  +
                       "Shared Written Blocks": 0,                                                                                                                                  +
                       "Local Hit Blocks": 0,                                                                                                                                       +
                       "Local Read Blocks": 0,                                                                                                                                      +
                       "Local Dirtied Blocks": 0,                                                                                                                                   +
                       "Local Written Blocks": 0,                                                                                                                                   +
                       "Temp Read Blocks": 0,                                                                                                                                       +
                       "Temp Written Blocks": 0                                                                                                                                     +
                     }                                                                                                                                                              +
                   ]                                                                                                                                                                +
                 }                                                                                                                                                                  +
               ]                                                                                                                                                                    +
             }                                                                                                                                                                      +
           ]                                                                                                                                                                        +
         },                                                                                                                                                                         +
         {                                                                                                                                                                          +
           "Node Type": "Index Scan",                                                                                                                                               +
           "Parent Relationship": "Inner",                                                                                                                                          +
           "Parallel Aware": false,                                                                                                                                                 +
           "Async Capable": false,                                                                                                                                                  +
           "Scan Direction": "Forward",                                                                                                                                             +
           "Index Name": "books_pkey",                                                                                                                                              +
           "Relation Name": "books",                                                                                                                                                +
           "Alias": "b",                                                                                                                                                            +
           "Startup Cost": 0.42,                                                                                                                                                    +
           "Total Cost": 8.44,                                                                                                                                                      +
           "Plan Rows": 1,                                                                                                                                                          +
           "Plan Width": 30,                                                                                                                                                        +
           "Actual Startup Time": 0.008,                                                                                                                                            +
           "Actual Total Time": 0.008,                                                                                                                                              +
           "Actual Rows": 1.00,                                                                                                                                                     +
           "Actual Loops": 20,                                                                                                                                                      +
           "Disabled": false,                                                                                                                                                       +
           "Index Cond": "(id = reading_records.book_id)",                                                                                                                          +
           "Rows Removed by Index Recheck": 0,                                                                                                                                      +
           "Index Searches": 20,                                                                                                                                                    +
           "Shared Hit Blocks": 80,                                                                                                                                                 +
           "Shared Read Blocks": 0,                                                                                                                                                 +
           "Shared Dirtied Blocks": 0,                                                                                                                                              +
           "Shared Written Blocks": 0,                                                                                                                                              +
           "Local Hit Blocks": 0,                                                                                                                                                   +
           "Local Read Blocks": 0,                                                                                                                                                  +
           "Local Dirtied Blocks": 0,                                                                                                                                               +
           "Local Written Blocks": 0,                                                                                                                                               +
           "Temp Read Blocks": 0,                                                                                                                                                   +
           "Temp Written Blocks": 0                                                                                                                                                 +
         }                                                                                                                                                                          +
       ]                                                                                                                                                                            +
     },                                                                                                                                                                             +
     "Planning": {                                                                                                                                                                  +
       "Shared Hit Blocks": 4,                                                                                                                                                      +
       "Shared Read Blocks": 0,                                                                                                                                                     +
       "Shared Dirtied Blocks": 0,                                                                                                                                                  +
       "Shared Written Blocks": 0,                                                                                                                                                  +
       "Local Hit Blocks": 0,                                                                                                                                                       +
       "Local Read Blocks": 0,                                                                                                                                                      +
       "Local Dirtied Blocks": 0,                                                                                                                                                   +
       "Local Written Blocks": 0,                                                                                                                                                   +
       "Temp Read Blocks": 0,                                                                                                                                                       +
       "Temp Written Blocks": 0                                                                                                                                                     +
     },                                                                                                                                                                             +
     "Planning Time": 0.328,                                                                                                                                                        +
     "Triggers": [                                                                                                                                                                  +
     ],                                                                                                                                                                             +
     "Execution Time": 204.982                                                                                                                                                      +
   }                                                                                                                                                                                +
 ]
(1 row)

BENCH after 2
                                                                                     QUERY PLAN
-------------------------------------------------------------------------------------------------------------------------------------------------------------------------------------
 [                                                                                                                                                                                  +
   {                                                                                                                                                                                +
     "Plan": {                                                                                                                                                                      +
       "Node Type": "Nested Loop",                                                                                                                                                  +
       "Parallel Aware": false,                                                                                                                                                     +
       "Async Capable": false,                                                                                                                                                      +
       "Join Type": "Inner",                                                                                                                                                        +
       "Startup Cost": 22868.80,                                                                                                                                                    +
       "Total Cost": 23037.47,                                                                                                                                                      +
       "Plan Rows": 20,                                                                                                                                                             +
       "Plan Width": 38,                                                                                                                                                            +
       "Actual Startup Time": 193.344,                                                                                                                                              +
       "Actual Total Time": 193.431,                                                                                                                                                +
       "Actual Rows": 20.00,                                                                                                                                                        +
       "Actual Loops": 1,                                                                                                                                                           +
       "Disabled": false,                                                                                                                                                           +
       "Inner Unique": true,                                                                                                                                                        +
       "Shared Hit Blocks": 2000,                                                                                                                                                   +
       "Shared Read Blocks": 0,                                                                                                                                                     +
       "Shared Dirtied Blocks": 0,                                                                                                                                                  +
       "Shared Written Blocks": 0,                                                                                                                                                  +
       "Local Hit Blocks": 0,                                                                                                                                                       +
       "Local Read Blocks": 0,                                                                                                                                                      +
       "Local Dirtied Blocks": 0,                                                                                                                                                   +
       "Local Written Blocks": 0,                                                                                                                                                   +
       "Temp Read Blocks": 641,                                                                                                                                                     +
       "Temp Written Blocks": 1378,                                                                                                                                                 +
       "Plans": [                                                                                                                                                                   +
         {                                                                                                                                                                          +
           "Node Type": "Limit",                                                                                                                                                    +
           "Parent Relationship": "Outer",                                                                                                                                          +
           "Parallel Aware": false,                                                                                                                                                 +
           "Async Capable": false,                                                                                                                                                  +
           "Startup Cost": 22868.37,                                                                                                                                                +
           "Total Cost": 22868.42,                                                                                                                                                  +
           "Plan Rows": 20,                                                                                                                                                         +
           "Plan Width": 16,                                                                                                                                                        +
           "Actual Startup Time": 193.304,                                                                                                                                          +
           "Actual Total Time": 193.308,                                                                                                                                            +
           "Actual Rows": 20.00,                                                                                                                                                    +
           "Actual Loops": 1,                                                                                                                                                       +
           "Disabled": false,                                                                                                                                                       +
           "Shared Hit Blocks": 1920,                                                                                                                                               +
           "Shared Read Blocks": 0,                                                                                                                                                 +
           "Shared Dirtied Blocks": 0,                                                                                                                                              +
           "Shared Written Blocks": 0,                                                                                                                                              +
           "Local Hit Blocks": 0,                                                                                                                                                   +
           "Local Read Blocks": 0,                                                                                                                                                  +
           "Local Dirtied Blocks": 0,                                                                                                                                               +
           "Local Written Blocks": 0,                                                                                                                                               +
           "Temp Read Blocks": 641,                                                                                                                                                 +
           "Temp Written Blocks": 1378,                                                                                                                                             +
           "Plans": [                                                                                                                                                               +
             {                                                                                                                                                                      +
               "Node Type": "Sort",                                                                                                                                                 +
               "Parent Relationship": "Outer",                                                                                                                                      +
               "Parallel Aware": false,                                                                                                                                             +
               "Async Capable": false,                                                                                                                                              +
               "Startup Cost": 22868.37,                                                                                                                                            +
               "Total Cost": 23062.09,                                                                                                                                              +
               "Plan Rows": 77487,                                                                                                                                                  +
               "Plan Width": 16,                                                                                                                                                    +
               "Actual Startup Time": 193.303,                                                                                                                                      +
               "Actual Total Time": 193.305,                                                                                                                                        +
               "Actual Rows": 20.00,                                                                                                                                                +
               "Actual Loops": 1,                                                                                                                                                   +
               "Disabled": false,                                                                                                                                                   +
               "Sort Key": ["(count(*)) DESC", "reading_records.book_id"],                                                                                                          +
               "Sort Method": "top-N heapsort",                                                                                                                                     +
               "Sort Space Used": 26,                                                                                                                                               +
               "Sort Space Type": "Memory",                                                                                                                                         +
               "Shared Hit Blocks": 1920,                                                                                                                                           +
               "Shared Read Blocks": 0,                                                                                                                                             +
               "Shared Dirtied Blocks": 0,                                                                                                                                          +
               "Shared Written Blocks": 0,                                                                                                                                          +
               "Local Hit Blocks": 0,                                                                                                                                               +
               "Local Read Blocks": 0,                                                                                                                                              +
               "Local Dirtied Blocks": 0,                                                                                                                                           +
               "Local Written Blocks": 0,                                                                                                                                           +
               "Temp Read Blocks": 641,                                                                                                                                             +
               "Temp Written Blocks": 1378,                                                                                                                                         +
               "Plans": [                                                                                                                                                           +
                 {                                                                                                                                                                  +
                   "Node Type": "Aggregate",                                                                                                                                        +
                   "Strategy": "Hashed",                                                                                                                                            +
                   "Partial Mode": "Simple",                                                                                                                                        +
                   "Parent Relationship": "Outer",                                                                                                                                  +
                   "Parallel Aware": false,                                                                                                                                         +
                   "Async Capable": false,                                                                                                                                          +
                   "Startup Cost": 20031.60,                                                                                                                                        +
                   "Total Cost": 20806.47,                                                                                                                                          +
                   "Plan Rows": 77487,                                                                                                                                              +
                   "Plan Width": 16,                                                                                                                                                +
                   "Actual Startup Time": 133.310,                                                                                                                                  +
                   "Actual Total Time": 176.958,                                                                                                                                    +
                   "Actual Rows": 255238.00,                                                                                                                                        +
                   "Actual Loops": 1,                                                                                                                                               +
                   "Disabled": false,                                                                                                                                               +
                   "Group Key": ["reading_records.book_id"],                                                                                                                        +
                   "Planned Partitions": 0,                                                                                                                                         +
                   "HashAgg Batches": 5,                                                                                                                                            +
                   "Peak Memory Usage": 8249,                                                                                                                                       +
                   "Disk Usage": 7224,                                                                                                                                              +
                   "Shared Hit Blocks": 1920,                                                                                                                                       +
                   "Shared Read Blocks": 0,                                                                                                                                         +
                   "Shared Dirtied Blocks": 0,                                                                                                                                      +
                   "Shared Written Blocks": 0,                                                                                                                                      +
                   "Local Hit Blocks": 0,                                                                                                                                           +
                   "Local Read Blocks": 0,                                                                                                                                          +
                   "Local Dirtied Blocks": 0,                                                                                                                                       +
                   "Local Written Blocks": 0,                                                                                                                                       +
                   "Temp Read Blocks": 641,                                                                                                                                         +
                   "Temp Written Blocks": 1378,                                                                                                                                     +
                   "Plans": [                                                                                                                                                       +
                     {                                                                                                                                                              +
                       "Node Type": "Index Only Scan",                                                                                                                              +
                       "Parent Relationship": "Outer",                                                                                                                              +
                       "Parallel Aware": false,                                                                                                                                     +
                       "Async Capable": false,                                                                                                                                      +
                       "Scan Direction": "Forward",                                                                                                                                 +
                       "Index Name": "reading_records_order_idx",                                                                                                                   +
                       "Relation Name": "reading_records",                                                                                                                          +
                       "Alias": "reading_records",                                                                                                                                  +
                       "Startup Cost": 0.43,                                                                                                                                        +
                       "Total Cost": 17552.57,                                                                                                                                      +
                       "Plan Rows": 495807,                                                                                                                                         +
                       "Plan Width": 8,                                                                                                                                             +
                       "Actual Startup Time": 0.009,                                                                                                                                +
                       "Actual Total Time": 35.899,                                                                                                                                 +
                       "Actual Rows": 499998.00,                                                                                                                                    +
                       "Actual Loops": 1,                                                                                                                                           +
                       "Disabled": false,                                                                                                                                           +
                       "Index Cond": "((finished_at >= '2026-09-14 00:00:00'::timestamp without time zone) AND (finished_at < '2026-09-21 00:00:00'::timestamp without time zone))",+
                       "Rows Removed by Index Recheck": 0,                                                                                                                          +
                       "Heap Fetches": 46,                                                                                                                                          +
                       "Index Searches": 1,                                                                                                                                         +
                       "Shared Hit Blocks": 1920,                                                                                                                                   +
                       "Shared Read Blocks": 0,                                                                                                                                     +
                       "Shared Dirtied Blocks": 0,                                                                                                                                  +
                       "Shared Written Blocks": 0,                                                                                                                                  +
                       "Local Hit Blocks": 0,                                                                                                                                       +
                       "Local Read Blocks": 0,                                                                                                                                      +
                       "Local Dirtied Blocks": 0,                                                                                                                                   +
                       "Local Written Blocks": 0,                                                                                                                                   +
                       "Temp Read Blocks": 0,                                                                                                                                       +
                       "Temp Written Blocks": 0                                                                                                                                     +
                     }                                                                                                                                                              +
                   ]                                                                                                                                                                +
                 }                                                                                                                                                                  +
               ]                                                                                                                                                                    +
             }                                                                                                                                                                      +
           ]                                                                                                                                                                        +
         },                                                                                                                                                                         +
         {                                                                                                                                                                          +
           "Node Type": "Index Scan",                                                                                                                                               +
           "Parent Relationship": "Inner",                                                                                                                                          +
           "Parallel Aware": false,                                                                                                                                                 +
           "Async Capable": false,                                                                                                                                                  +
           "Scan Direction": "Forward",                                                                                                                                             +
           "Index Name": "books_pkey",                                                                                                                                              +
           "Relation Name": "books",                                                                                                                                                +
           "Alias": "b",                                                                                                                                                            +
           "Startup Cost": 0.42,                                                                                                                                                    +
           "Total Cost": 8.44,                                                                                                                                                      +
           "Plan Rows": 1,                                                                                                                                                          +
           "Plan Width": 30,                                                                                                                                                        +
           "Actual Startup Time": 0.005,                                                                                                                                            +
           "Actual Total Time": 0.005,                                                                                                                                              +
           "Actual Rows": 1.00,                                                                                                                                                     +
           "Actual Loops": 20,                                                                                                                                                      +
           "Disabled": false,                                                                                                                                                       +
           "Index Cond": "(id = reading_records.book_id)",                                                                                                                          +
           "Rows Removed by Index Recheck": 0,                                                                                                                                      +
           "Index Searches": 20,                                                                                                                                                    +
           "Shared Hit Blocks": 80,                                                                                                                                                 +
           "Shared Read Blocks": 0,                                                                                                                                                 +
           "Shared Dirtied Blocks": 0,                                                                                                                                              +
           "Shared Written Blocks": 0,                                                                                                                                              +
           "Local Hit Blocks": 0,                                                                                                                                                   +
           "Local Read Blocks": 0,                                                                                                                                                  +
           "Local Dirtied Blocks": 0,                                                                                                                                               +
           "Local Written Blocks": 0,                                                                                                                                               +
           "Temp Read Blocks": 0,                                                                                                                                                   +
           "Temp Written Blocks": 0                                                                                                                                                 +
         }                                                                                                                                                                          +
       ]                                                                                                                                                                            +
     },                                                                                                                                                                             +
     "Planning": {                                                                                                                                                                  +
       "Shared Hit Blocks": 4,                                                                                                                                                      +
       "Shared Read Blocks": 0,                                                                                                                                                     +
       "Shared Dirtied Blocks": 0,                                                                                                                                                  +
       "Shared Written Blocks": 0,                                                                                                                                                  +
       "Local Hit Blocks": 0,                                                                                                                                                       +
       "Local Read Blocks": 0,                                                                                                                                                      +
       "Local Dirtied Blocks": 0,                                                                                                                                                   +
       "Local Written Blocks": 0,                                                                                                                                                   +
       "Temp Read Blocks": 0,                                                                                                                                                       +
       "Temp Written Blocks": 0                                                                                                                                                     +
     },                                                                                                                                                                             +
     "Planning Time": 0.175,                                                                                                                                                        +
     "Triggers": [                                                                                                                                                                  +
     ],                                                                                                                                                                             +
     "Execution Time": 194.781                                                                                                                                                      +
   }                                                                                                                                                                                +
 ]
(1 row)

BENCH after 3
                                                                                     QUERY PLAN
-------------------------------------------------------------------------------------------------------------------------------------------------------------------------------------
 [                                                                                                                                                                                  +
   {                                                                                                                                                                                +
     "Plan": {                                                                                                                                                                      +
       "Node Type": "Nested Loop",                                                                                                                                                  +
       "Parallel Aware": false,                                                                                                                                                     +
       "Async Capable": false,                                                                                                                                                      +
       "Join Type": "Inner",                                                                                                                                                        +
       "Startup Cost": 22868.80,                                                                                                                                                    +
       "Total Cost": 23037.47,                                                                                                                                                      +
       "Plan Rows": 20,                                                                                                                                                             +
       "Plan Width": 38,                                                                                                                                                            +
       "Actual Startup Time": 173.378,                                                                                                                                              +
       "Actual Total Time": 173.461,                                                                                                                                                +
       "Actual Rows": 20.00,                                                                                                                                                        +
       "Actual Loops": 1,                                                                                                                                                           +
       "Disabled": false,                                                                                                                                                           +
       "Inner Unique": true,                                                                                                                                                        +
       "Shared Hit Blocks": 2000,                                                                                                                                                   +
       "Shared Read Blocks": 0,                                                                                                                                                     +
       "Shared Dirtied Blocks": 0,                                                                                                                                                  +
       "Shared Written Blocks": 0,                                                                                                                                                  +
       "Local Hit Blocks": 0,                                                                                                                                                       +
       "Local Read Blocks": 0,                                                                                                                                                      +
       "Local Dirtied Blocks": 0,                                                                                                                                                   +
       "Local Written Blocks": 0,                                                                                                                                                   +
       "Temp Read Blocks": 641,                                                                                                                                                     +
       "Temp Written Blocks": 1378,                                                                                                                                                 +
       "Plans": [                                                                                                                                                                   +
         {                                                                                                                                                                          +
           "Node Type": "Limit",                                                                                                                                                    +
           "Parent Relationship": "Outer",                                                                                                                                          +
           "Parallel Aware": false,                                                                                                                                                 +
           "Async Capable": false,                                                                                                                                                  +
           "Startup Cost": 22868.37,                                                                                                                                                +
           "Total Cost": 22868.42,                                                                                                                                                  +
           "Plan Rows": 20,                                                                                                                                                         +
           "Plan Width": 16,                                                                                                                                                        +
           "Actual Startup Time": 173.349,                                                                                                                                          +
           "Actual Total Time": 173.352,                                                                                                                                            +
           "Actual Rows": 20.00,                                                                                                                                                    +
           "Actual Loops": 1,                                                                                                                                                       +
           "Disabled": false,                                                                                                                                                       +
           "Shared Hit Blocks": 1920,                                                                                                                                               +
           "Shared Read Blocks": 0,                                                                                                                                                 +
           "Shared Dirtied Blocks": 0,                                                                                                                                              +
           "Shared Written Blocks": 0,                                                                                                                                              +
           "Local Hit Blocks": 0,                                                                                                                                                   +
           "Local Read Blocks": 0,                                                                                                                                                  +
           "Local Dirtied Blocks": 0,                                                                                                                                               +
           "Local Written Blocks": 0,                                                                                                                                               +
           "Temp Read Blocks": 641,                                                                                                                                                 +
           "Temp Written Blocks": 1378,                                                                                                                                             +
           "Plans": [                                                                                                                                                               +
             {                                                                                                                                                                      +
               "Node Type": "Sort",                                                                                                                                                 +
               "Parent Relationship": "Outer",                                                                                                                                      +
               "Parallel Aware": false,                                                                                                                                             +
               "Async Capable": false,                                                                                                                                              +
               "Startup Cost": 22868.37,                                                                                                                                            +
               "Total Cost": 23062.09,                                                                                                                                              +
               "Plan Rows": 77487,                                                                                                                                                  +
               "Plan Width": 16,                                                                                                                                                    +
               "Actual Startup Time": 173.348,                                                                                                                                      +
               "Actual Total Time": 173.350,                                                                                                                                        +
               "Actual Rows": 20.00,                                                                                                                                                +
               "Actual Loops": 1,                                                                                                                                                   +
               "Disabled": false,                                                                                                                                                   +
               "Sort Key": ["(count(*)) DESC", "reading_records.book_id"],                                                                                                          +
               "Sort Method": "top-N heapsort",                                                                                                                                     +
               "Sort Space Used": 26,                                                                                                                                               +
               "Sort Space Type": "Memory",                                                                                                                                         +
               "Shared Hit Blocks": 1920,                                                                                                                                           +
               "Shared Read Blocks": 0,                                                                                                                                             +
               "Shared Dirtied Blocks": 0,                                                                                                                                          +
               "Shared Written Blocks": 0,                                                                                                                                          +
               "Local Hit Blocks": 0,                                                                                                                                               +
               "Local Read Blocks": 0,                                                                                                                                              +
               "Local Dirtied Blocks": 0,                                                                                                                                           +
               "Local Written Blocks": 0,                                                                                                                                           +
               "Temp Read Blocks": 641,                                                                                                                                             +
               "Temp Written Blocks": 1378,                                                                                                                                         +
               "Plans": [                                                                                                                                                           +
                 {                                                                                                                                                                  +
                   "Node Type": "Aggregate",                                                                                                                                        +
                   "Strategy": "Hashed",                                                                                                                                            +
                   "Partial Mode": "Simple",                                                                                                                                        +
                   "Parent Relationship": "Outer",                                                                                                                                  +
                   "Parallel Aware": false,                                                                                                                                         +
                   "Async Capable": false,                                                                                                                                          +
                   "Startup Cost": 20031.60,                                                                                                                                        +
                   "Total Cost": 20806.47,                                                                                                                                          +
                   "Plan Rows": 77487,                                                                                                                                              +
                   "Plan Width": 16,                                                                                                                                                +
                   "Actual Startup Time": 119.513,                                                                                                                                  +
                   "Actual Total Time": 158.140,                                                                                                                                    +
                   "Actual Rows": 255238.00,                                                                                                                                        +
                   "Actual Loops": 1,                                                                                                                                               +
                   "Disabled": false,                                                                                                                                               +
                   "Group Key": ["reading_records.book_id"],                                                                                                                        +
                   "Planned Partitions": 0,                                                                                                                                         +
                   "HashAgg Batches": 5,                                                                                                                                            +
                   "Peak Memory Usage": 8249,                                                                                                                                       +
                   "Disk Usage": 7224,                                                                                                                                              +
                   "Shared Hit Blocks": 1920,                                                                                                                                       +
                   "Shared Read Blocks": 0,                                                                                                                                         +
                   "Shared Dirtied Blocks": 0,                                                                                                                                      +
                   "Shared Written Blocks": 0,                                                                                                                                      +
                   "Local Hit Blocks": 0,                                                                                                                                           +
                   "Local Read Blocks": 0,                                                                                                                                          +
                   "Local Dirtied Blocks": 0,                                                                                                                                       +
                   "Local Written Blocks": 0,                                                                                                                                       +
                   "Temp Read Blocks": 641,                                                                                                                                         +
                   "Temp Written Blocks": 1378,                                                                                                                                     +
                   "Plans": [                                                                                                                                                       +
                     {                                                                                                                                                              +
                       "Node Type": "Index Only Scan",                                                                                                                              +
                       "Parent Relationship": "Outer",                                                                                                                              +
                       "Parallel Aware": false,                                                                                                                                     +
                       "Async Capable": false,                                                                                                                                      +
                       "Scan Direction": "Forward",                                                                                                                                 +
                       "Index Name": "reading_records_order_idx",                                                                                                                   +
                       "Relation Name": "reading_records",                                                                                                                          +
                       "Alias": "reading_records",                                                                                                                                  +
                       "Startup Cost": 0.43,                                                                                                                                        +
                       "Total Cost": 17552.57,                                                                                                                                      +
                       "Plan Rows": 495807,                                                                                                                                         +
                       "Plan Width": 8,                                                                                                                                             +
                       "Actual Startup Time": 0.009,                                                                                                                                +
                       "Actual Total Time": 33.165,                                                                                                                                 +
                       "Actual Rows": 499998.00,                                                                                                                                    +
                       "Actual Loops": 1,                                                                                                                                           +
                       "Disabled": false,                                                                                                                                           +
                       "Index Cond": "((finished_at >= '2026-09-14 00:00:00'::timestamp without time zone) AND (finished_at < '2026-09-21 00:00:00'::timestamp without time zone))",+
                       "Rows Removed by Index Recheck": 0,                                                                                                                          +
                       "Heap Fetches": 46,                                                                                                                                          +
                       "Index Searches": 1,                                                                                                                                         +
                       "Shared Hit Blocks": 1920,                                                                                                                                   +
                       "Shared Read Blocks": 0,                                                                                                                                     +
                       "Shared Dirtied Blocks": 0,                                                                                                                                  +
                       "Shared Written Blocks": 0,                                                                                                                                  +
                       "Local Hit Blocks": 0,                                                                                                                                       +
                       "Local Read Blocks": 0,                                                                                                                                      +
                       "Local Dirtied Blocks": 0,                                                                                                                                   +
                       "Local Written Blocks": 0,                                                                                                                                   +
                       "Temp Read Blocks": 0,                                                                                                                                       +
                       "Temp Written Blocks": 0                                                                                                                                     +
                     }                                                                                                                                                              +
                   ]                                                                                                                                                                +
                 }                                                                                                                                                                  +
               ]                                                                                                                                                                    +
             }                                                                                                                                                                      +
           ]                                                                                                                                                                        +
         },                                                                                                                                                                         +
         {                                                                                                                                                                          +
           "Node Type": "Index Scan",                                                                                                                                               +
           "Parent Relationship": "Inner",                                                                                                                                          +
           "Parallel Aware": false,                                                                                                                                                 +
           "Async Capable": false,                                                                                                                                                  +
           "Scan Direction": "Forward",                                                                                                                                             +
           "Index Name": "books_pkey",                                                                                                                                              +
           "Relation Name": "books",                                                                                                                                                +
           "Alias": "b",                                                                                                                                                            +
           "Startup Cost": 0.42,                                                                                                                                                    +
           "Total Cost": 8.44,                                                                                                                                                      +
           "Plan Rows": 1,                                                                                                                                                          +
           "Plan Width": 30,                                                                                                                                                        +
           "Actual Startup Time": 0.005,                                                                                                                                            +
           "Actual Total Time": 0.005,                                                                                                                                              +
           "Actual Rows": 1.00,                                                                                                                                                     +
           "Actual Loops": 20,                                                                                                                                                      +
           "Disabled": false,                                                                                                                                                       +
           "Index Cond": "(id = reading_records.book_id)",                                                                                                                          +
           "Rows Removed by Index Recheck": 0,                                                                                                                                      +
           "Index Searches": 20,                                                                                                                                                    +
           "Shared Hit Blocks": 80,                                                                                                                                                 +
           "Shared Read Blocks": 0,                                                                                                                                                 +
           "Shared Dirtied Blocks": 0,                                                                                                                                              +
           "Shared Written Blocks": 0,                                                                                                                                              +
           "Local Hit Blocks": 0,                                                                                                                                                   +
           "Local Read Blocks": 0,                                                                                                                                                  +
           "Local Dirtied Blocks": 0,                                                                                                                                               +
           "Local Written Blocks": 0,                                                                                                                                               +
           "Temp Read Blocks": 0,                                                                                                                                                   +
           "Temp Written Blocks": 0                                                                                                                                                 +
         }                                                                                                                                                                          +
       ]                                                                                                                                                                            +
     },                                                                                                                                                                             +
     "Planning": {                                                                                                                                                                  +
       "Shared Hit Blocks": 4,                                                                                                                                                      +
       "Shared Read Blocks": 0,                                                                                                                                                     +
       "Shared Dirtied Blocks": 0,                                                                                                                                                  +
       "Shared Written Blocks": 0,                                                                                                                                                  +
       "Local Hit Blocks": 0,                                                                                                                                                       +
       "Local Read Blocks": 0,                                                                                                                                                      +
       "Local Dirtied Blocks": 0,                                                                                                                                                   +
       "Local Written Blocks": 0,                                                                                                                                                   +
       "Temp Read Blocks": 0,                                                                                                                                                       +
       "Temp Written Blocks": 0                                                                                                                                                     +
     },                                                                                                                                                                             +
     "Planning Time": 0.146,                                                                                                                                                        +
     "Triggers": [                                                                                                                                                                  +
     ],                                                                                                                                                                             +
     "Execution Time": 174.590                                                                                                                                                      +
   }                                                                                                                                                                                +
 ]
(1 row)

BENCH preaggregated 1
                         QUERY PLAN
-------------------------------------------------------------
 [                                                          +
   {                                                        +
     "Plan": {                                              +
       "Node Type": "Limit",                                +
       "Parallel Aware": false,                             +
       "Async Capable": false,                              +
       "Startup Cost": 0.84,                                +
       "Total Cost": 13.87,                                 +
       "Plan Rows": 20,                                     +
       "Plan Width": 46,                                    +
       "Actual Startup Time": 0.073,                        +
       "Actual Total Time": 0.298,                          +
       "Actual Rows": 20.00,                                +
       "Actual Loops": 1,                                   +
       "Disabled": false,                                   +
       "Shared Hit Blocks": 100,                            +
       "Shared Read Blocks": 3,                             +
       "Shared Dirtied Blocks": 0,                          +
       "Shared Written Blocks": 0,                          +
       "Local Hit Blocks": 0,                               +
       "Local Read Blocks": 0,                              +
       "Local Dirtied Blocks": 0,                           +
       "Local Written Blocks": 0,                           +
       "Temp Read Blocks": 0,                               +
       "Temp Written Blocks": 0,                            +
       "Plans": [                                           +
         {                                                  +
           "Node Type": "Nested Loop",                      +
           "Parent Relationship": "Outer",                  +
           "Parallel Aware": false,                         +
           "Async Capable": false,                          +
           "Join Type": "Inner",                            +
           "Startup Cost": 0.84,                            +
           "Total Cost": 166283.20,                         +
           "Plan Rows": 255238,                             +
           "Plan Width": 46,                                +
           "Actual Startup Time": 0.072,                    +
           "Actual Total Time": 0.295,                      +
           "Actual Rows": 20.00,                            +
           "Actual Loops": 1,                               +
           "Disabled": false,                               +
           "Inner Unique": true,                            +
           "Shared Hit Blocks": 100,                        +
           "Shared Read Blocks": 3,                         +
           "Shared Dirtied Blocks": 0,                      +
           "Shared Written Blocks": 0,                      +
           "Local Hit Blocks": 0,                           +
           "Local Read Blocks": 0,                          +
           "Local Dirtied Blocks": 0,                       +
           "Local Written Blocks": 0,                       +
           "Temp Read Blocks": 0,                           +
           "Temp Written Blocks": 0,                        +
           "Plans": [                                       +
             {                                              +
               "Node Type": "Index Only Scan",              +
               "Parent Relationship": "Outer",              +
               "Parallel Aware": false,                     +
               "Async Capable": false,                      +
               "Scan Direction": "Forward",                 +
               "Index Name": "weekly_read_counts_order_idx",+
               "Relation Name": "weekly_read_counts",       +
               "Alias": "w",                                +
               "Startup Cost": 0.42,                        +
               "Total Cost": 12948.39,                      +
               "Plan Rows": 255238,                         +
               "Plan Width": 16,                            +
               "Actual Startup Time": 0.063,                +
               "Actual Total Time": 0.218,                  +
               "Actual Rows": 20.00,                        +
               "Actual Loops": 1,                           +
               "Disabled": false,                           +
               "Heap Fetches": 20,                          +
               "Index Searches": 1,                         +
               "Shared Hit Blocks": 20,                     +
               "Shared Read Blocks": 3,                     +
               "Shared Dirtied Blocks": 0,                  +
               "Shared Written Blocks": 0,                  +
               "Local Hit Blocks": 0,                       +
               "Local Read Blocks": 0,                      +
               "Local Dirtied Blocks": 0,                   +
               "Local Written Blocks": 0,                   +
               "Temp Read Blocks": 0,                       +
               "Temp Written Blocks": 0                     +
             },                                             +
             {                                              +
               "Node Type": "Index Scan",                   +
               "Parent Relationship": "Inner",              +
               "Parallel Aware": false,                     +
               "Async Capable": false,                      +
               "Scan Direction": "Forward",                 +
               "Index Name": "books_pkey",                  +
               "Relation Name": "books",                    +
               "Alias": "b",                                +
               "Startup Cost": 0.42,                        +
               "Total Cost": 0.60,                          +
               "Plan Rows": 1,                              +
               "Plan Width": 30,                            +
               "Actual Startup Time": 0.003,                +
               "Actual Total Time": 0.003,                  +
               "Actual Rows": 1.00,                         +
               "Actual Loops": 20,                          +
               "Disabled": false,                           +
               "Index Cond": "(id = w.book_id)",            +
               "Rows Removed by Index Recheck": 0,          +
               "Index Searches": 20,                        +
               "Shared Hit Blocks": 80,                     +
               "Shared Read Blocks": 0,                     +
               "Shared Dirtied Blocks": 0,                  +
               "Shared Written Blocks": 0,                  +
               "Local Hit Blocks": 0,                       +
               "Local Read Blocks": 0,                      +
               "Local Dirtied Blocks": 0,                   +
               "Local Written Blocks": 0,                   +
               "Temp Read Blocks": 0,                       +
               "Temp Written Blocks": 0                     +
             }                                              +
           ]                                                +
         }                                                  +
       ]                                                    +
     },                                                     +
     "Planning": {                                          +
       "Shared Hit Blocks": 34,                             +
       "Shared Read Blocks": 1,                             +
       "Shared Dirtied Blocks": 0,                          +
       "Shared Written Blocks": 0,                          +
       "Local Hit Blocks": 0,                               +
       "Local Read Blocks": 0,                              +
       "Local Dirtied Blocks": 0,                           +
       "Local Written Blocks": 0,                           +
       "Temp Read Blocks": 0,                               +
       "Temp Written Blocks": 0                             +
     },                                                     +
     "Planning Time": 0.226,                                +
     "Triggers": [                                          +
     ],                                                     +
     "Execution Time": 0.310                                +
   }                                                        +
 ]
(1 row)

BENCH preaggregated 2
                         QUERY PLAN
-------------------------------------------------------------
 [                                                          +
   {                                                        +
     "Plan": {                                              +
       "Node Type": "Limit",                                +
       "Parallel Aware": false,                             +
       "Async Capable": false,                              +
       "Startup Cost": 0.84,                                +
       "Total Cost": 13.87,                                 +
       "Plan Rows": 20,                                     +
       "Plan Width": 46,                                    +
       "Actual Startup Time": 0.013,                        +
       "Actual Total Time": 0.078,                          +
       "Actual Rows": 20.00,                                +
       "Actual Loops": 1,                                   +
       "Disabled": false,                                   +
       "Shared Hit Blocks": 103,                            +
       "Shared Read Blocks": 0,                             +
       "Shared Dirtied Blocks": 0,                          +
       "Shared Written Blocks": 0,                          +
       "Local Hit Blocks": 0,                               +
       "Local Read Blocks": 0,                              +
       "Local Dirtied Blocks": 0,                           +
       "Local Written Blocks": 0,                           +
       "Temp Read Blocks": 0,                               +
       "Temp Written Blocks": 0,                            +
       "Plans": [                                           +
         {                                                  +
           "Node Type": "Nested Loop",                      +
           "Parent Relationship": "Outer",                  +
           "Parallel Aware": false,                         +
           "Async Capable": false,                          +
           "Join Type": "Inner",                            +
           "Startup Cost": 0.84,                            +
           "Total Cost": 166283.20,                         +
           "Plan Rows": 255238,                             +
           "Plan Width": 46,                                +
           "Actual Startup Time": 0.012,                    +
           "Actual Total Time": 0.075,                      +
           "Actual Rows": 20.00,                            +
           "Actual Loops": 1,                               +
           "Disabled": false,                               +
           "Inner Unique": true,                            +
           "Shared Hit Blocks": 103,                        +
           "Shared Read Blocks": 0,                         +
           "Shared Dirtied Blocks": 0,                      +
           "Shared Written Blocks": 0,                      +
           "Local Hit Blocks": 0,                           +
           "Local Read Blocks": 0,                          +
           "Local Dirtied Blocks": 0,                       +
           "Local Written Blocks": 0,                       +
           "Temp Read Blocks": 0,                           +
           "Temp Written Blocks": 0,                        +
           "Plans": [                                       +
             {                                              +
               "Node Type": "Index Only Scan",              +
               "Parent Relationship": "Outer",              +
               "Parallel Aware": false,                     +
               "Async Capable": false,                      +
               "Scan Direction": "Forward",                 +
               "Index Name": "weekly_read_counts_order_idx",+
               "Relation Name": "weekly_read_counts",       +
               "Alias": "w",                                +
               "Startup Cost": 0.42,                        +
               "Total Cost": 12948.39,                      +
               "Plan Rows": 255238,                         +
               "Plan Width": 16,                            +
               "Actual Startup Time": 0.007,                +
               "Actual Total Time": 0.026,                  +
               "Actual Rows": 20.00,                        +
               "Actual Loops": 1,                           +
               "Disabled": false,                           +
               "Heap Fetches": 20,                          +
               "Index Searches": 1,                         +
               "Shared Hit Blocks": 23,                     +
               "Shared Read Blocks": 0,                     +
               "Shared Dirtied Blocks": 0,                  +
               "Shared Written Blocks": 0,                  +
               "Local Hit Blocks": 0,                       +
               "Local Read Blocks": 0,                      +
               "Local Dirtied Blocks": 0,                   +
               "Local Written Blocks": 0,                   +
               "Temp Read Blocks": 0,                       +
               "Temp Written Blocks": 0                     +
             },                                             +
             {                                              +
               "Node Type": "Index Scan",                   +
               "Parent Relationship": "Inner",              +
               "Parallel Aware": false,                     +
               "Async Capable": false,                      +
               "Scan Direction": "Forward",                 +
               "Index Name": "books_pkey",                  +
               "Relation Name": "books",                    +
               "Alias": "b",                                +
               "Startup Cost": 0.42,                        +
               "Total Cost": 0.60,                          +
               "Plan Rows": 1,                              +
               "Plan Width": 30,                            +
               "Actual Startup Time": 0.002,                +
               "Actual Total Time": 0.002,                  +
               "Actual Rows": 1.00,                         +
               "Actual Loops": 20,                          +
               "Disabled": false,                           +
               "Index Cond": "(id = w.book_id)",            +
               "Rows Removed by Index Recheck": 0,          +
               "Index Searches": 20,                        +
               "Shared Hit Blocks": 80,                     +
               "Shared Read Blocks": 0,                     +
               "Shared Dirtied Blocks": 0,                  +
               "Shared Written Blocks": 0,                  +
               "Local Hit Blocks": 0,                       +
               "Local Read Blocks": 0,                      +
               "Local Dirtied Blocks": 0,                   +
               "Local Written Blocks": 0,                   +
               "Temp Read Blocks": 0,                       +
               "Temp Written Blocks": 0                     +
             }                                              +
           ]                                                +
         }                                                  +
       ]                                                    +
     },                                                     +
     "Planning": {                                          +
       "Shared Hit Blocks": 8,                              +
       "Shared Read Blocks": 0,                             +
       "Shared Dirtied Blocks": 0,                          +
       "Shared Written Blocks": 0,                          +
       "Local Hit Blocks": 0,                               +
       "Local Read Blocks": 0,                              +
       "Local Dirtied Blocks": 0,                           +
       "Local Written Blocks": 0,                           +
       "Temp Read Blocks": 0,                               +
       "Temp Written Blocks": 0                             +
     },                                                     +
     "Planning Time": 0.105,                                +
     "Triggers": [                                          +
     ],                                                     +
     "Execution Time": 0.088                                +
   }                                                        +
 ]
(1 row)

BENCH preaggregated 3
                         QUERY PLAN
-------------------------------------------------------------
 [                                                          +
   {                                                        +
     "Plan": {                                              +
       "Node Type": "Limit",                                +
       "Parallel Aware": false,                             +
       "Async Capable": false,                              +
       "Startup Cost": 0.84,                                +
       "Total Cost": 13.87,                                 +
       "Plan Rows": 20,                                     +
       "Plan Width": 46,                                    +
       "Actual Startup Time": 0.057,                        +
       "Actual Total Time": 0.094,                          +
       "Actual Rows": 20.00,                                +
       "Actual Loops": 1,                                   +
       "Disabled": false,                                   +
       "Shared Hit Blocks": 103,                            +
       "Shared Read Blocks": 0,                             +
       "Shared Dirtied Blocks": 0,                          +
       "Shared Written Blocks": 0,                          +
       "Local Hit Blocks": 0,                               +
       "Local Read Blocks": 0,                              +
       "Local Dirtied Blocks": 0,                           +
       "Local Written Blocks": 0,                           +
       "Temp Read Blocks": 0,                               +
       "Temp Written Blocks": 0,                            +
       "Plans": [                                           +
         {                                                  +
           "Node Type": "Nested Loop",                      +
           "Parent Relationship": "Outer",                  +
           "Parallel Aware": false,                         +
           "Async Capable": false,                          +
           "Join Type": "Inner",                            +
           "Startup Cost": 0.84,                            +
           "Total Cost": 166283.20,                         +
           "Plan Rows": 255238,                             +
           "Plan Width": 46,                                +
           "Actual Startup Time": 0.057,                    +
           "Actual Total Time": 0.092,                      +
           "Actual Rows": 20.00,                            +
           "Actual Loops": 1,                               +
           "Disabled": false,                               +
           "Inner Unique": true,                            +
           "Shared Hit Blocks": 103,                        +
           "Shared Read Blocks": 0,                         +
           "Shared Dirtied Blocks": 0,                      +
           "Shared Written Blocks": 0,                      +
           "Local Hit Blocks": 0,                           +
           "Local Read Blocks": 0,                          +
           "Local Dirtied Blocks": 0,                       +
           "Local Written Blocks": 0,                       +
           "Temp Read Blocks": 0,                           +
           "Temp Written Blocks": 0,                        +
           "Plans": [                                       +
             {                                              +
               "Node Type": "Index Only Scan",              +
               "Parent Relationship": "Outer",              +
               "Parallel Aware": false,                     +
               "Async Capable": false,                      +
               "Scan Direction": "Forward",                 +
               "Index Name": "weekly_read_counts_order_idx",+
               "Relation Name": "weekly_read_counts",       +
               "Alias": "w",                                +
               "Startup Cost": 0.42,                        +
               "Total Cost": 12948.39,                      +
               "Plan Rows": 255238,                         +
               "Plan Width": 16,                            +
               "Actual Startup Time": 0.004,                +
               "Actual Total Time": 0.011,                  +
               "Actual Rows": 20.00,                        +
               "Actual Loops": 1,                           +
               "Disabled": false,                           +
               "Heap Fetches": 20,                          +
               "Index Searches": 1,                         +
               "Shared Hit Blocks": 23,                     +
               "Shared Read Blocks": 0,                     +
               "Shared Dirtied Blocks": 0,                  +
               "Shared Written Blocks": 0,                  +
               "Local Hit Blocks": 0,                       +
               "Local Read Blocks": 0,                      +
               "Local Dirtied Blocks": 0,                   +
               "Local Written Blocks": 0,                   +
               "Temp Read Blocks": 0,                       +
               "Temp Written Blocks": 0                     +
             },                                             +
             {                                              +
               "Node Type": "Index Scan",                   +
               "Parent Relationship": "Inner",              +
               "Parallel Aware": false,                     +
               "Async Capable": false,                      +
               "Scan Direction": "Forward",                 +
               "Index Name": "books_pkey",                  +
               "Relation Name": "books",                    +
               "Alias": "b",                                +
               "Startup Cost": 0.42,                        +
               "Total Cost": 0.60,                          +
               "Plan Rows": 1,                              +
               "Plan Width": 30,                            +
               "Actual Startup Time": 0.001,                +
               "Actual Total Time": 0.001,                  +
               "Actual Rows": 1.00,                         +
               "Actual Loops": 20,                          +
               "Disabled": false,                           +
               "Index Cond": "(id = w.book_id)",            +
               "Rows Removed by Index Recheck": 0,          +
               "Index Searches": 20,                        +
               "Shared Hit Blocks": 80,                     +
               "Shared Read Blocks": 0,                     +
               "Shared Dirtied Blocks": 0,                  +
               "Shared Written Blocks": 0,                  +
               "Local Hit Blocks": 0,                       +
               "Local Read Blocks": 0,                      +
               "Local Dirtied Blocks": 0,                   +
               "Local Written Blocks": 0,                   +
               "Temp Read Blocks": 0,                       +
               "Temp Written Blocks": 0                     +
             }                                              +
           ]                                                +
         }                                                  +
       ]                                                    +
     },                                                     +
     "Planning": {                                          +
       "Shared Hit Blocks": 8,                              +
       "Shared Read Blocks": 0,                             +
       "Shared Dirtied Blocks": 0,                          +
       "Shared Written Blocks": 0,                          +
       "Local Hit Blocks": 0,                               +
       "Local Read Blocks": 0,                              +
       "Local Dirtied Blocks": 0,                           +
       "Local Written Blocks": 0,                           +
       "Temp Read Blocks": 0,                               +
       "Temp Written Blocks": 0                             +
     },                                                     +
     "Planning Time": 0.060,                                +
     "Triggers": [                                          +
     ],                                                     +
     "Execution Time": 0.102                                +
   }                                                        +
 ]
(1 row)

