Pager usage is off.
                                                         version                                                          
--------------------------------------------------------------------------------------------------------------------------
 PostgreSQL 18.6 (Debian 18.6-1.pgdg13+2) on aarch64-unknown-linux-gnu, compiled by gcc (Debian 14.2.0-19) 14.2.0, 64-bit
(1 row)

01-explain-basics
Pager usage is off.
                                                         version                                                          
--------------------------------------------------------------------------------------------------------------------------
 PostgreSQL 18.6 (Debian 18.6-1.pgdg13+2) on aarch64-unknown-linux-gnu, compiled by gcc (Debian 14.2.0-19) 14.2.0, 64-bit
(1 row)

CREATE TABLE
CREATE TABLE
INSERT 0 1000
INSERT 0 20000
ANALYZE
ANALYZE
 count 
-------
  1000
(1 row)

 count 
-------
 20000
(1 row)

                      QUERY PLAN                       
-------------------------------------------------------
 Seq Scan on books  (cost=0.00..20.50 rows=1 width=27)
   Filter: (title = '実験用の本 42'::text)
(2 rows)

                                             QUERY PLAN                                             
----------------------------------------------------------------------------------------------------
 Seq Scan on books  (cost=0.00..20.50 rows=1 width=27) (actual time=0.007..0.045 rows=1.00 loops=1)
   Filter: (title = '実験用の本 42'::text)
   Rows Removed by Filter: 999
   Buffers: shared hit=8
 Planning Time: 0.011 ms
 Execution Time: 0.048 ms
(6 rows)

                                                      QUERY PLAN                                                      
----------------------------------------------------------------------------------------------------------------------
 Index Scan using books_pkey on books  (cost=0.28..8.29 rows=1 width=27) (actual time=0.015..0.015 rows=1.00 loops=1)
   Index Cond: (id = 42)
   Index Searches: 1
   Buffers: shared hit=6
 Planning:
   Buffers: shared hit=5
 Planning Time: 0.035 ms
 Execution Time: 0.032 ms
(8 rows)

02-process-and-execution
 pg_backend_pid 
----------------
            613
(1 row)

 pid | state  |                query                
-----+--------+-------------------------------------
 613 | active | SELECT pid, state, query           +
     |        | FROM pg_stat_activity              +
     |        | WHERE datname = current_database();
(1 row)

                              QUERY PLAN                              
----------------------------------------------------------------------
 Limit  (cost=30.92..30.93 rows=3 width=27)
   ->  Sort  (cost=30.92..33.42 rows=1000 width=27)
         Sort Key: title
         ->  Seq Scan on books  (cost=0.00..18.00 rows=1000 width=27)
(4 rows)

03-pages-and-storage
 pg_relation_filepath 
----------------------
 base/16572/16573
(1 row)

 table_size | total_size 
------------+------------
 64 kB      | 136 kB
(1 row)

 block_size 
------------
 8192
(1 row)

 id | ctid  |    title     
----+-------+--------------
  1 | (0,1) | 実験用の本 1
  2 | (0,2) | 実験用の本 2
  3 | (0,3) | 実験用の本 3
  4 | (0,4) | 実験用の本 4
  5 | (0,5) | 実験用の本 5
  6 | (0,6) | 実験用の本 6
  7 | (0,7) | 実験用の本 7
  8 | (0,8) | 実験用の本 8
(8 rows)

BEGIN
SELECT 1000
SELECT 1000
 short_bytes | long_bytes 
-------------+------------
       65536 |     262144
(1 row)

ROLLBACK
04-memory-and-buffers
                                             QUERY PLAN                                             
----------------------------------------------------------------------------------------------------
 Seq Scan on books  (cost=0.00..20.50 rows=1 width=27) (actual time=0.010..0.051 rows=1.00 loops=1)
   Filter: (title = '実験用の本 42'::text)
   Rows Removed by Filter: 999
   Buffers: shared hit=8
 Planning Time: 0.024 ms
 Execution Time: 0.055 ms
(6 rows)

 shared_buffers 
----------------
 128MB
(1 row)

 work_mem 
----------
 4MB
(1 row)

 temp_buffers 
--------------
 8MB
(1 row)

 maintenance_work_mem 
----------------------
 64MB
(1 row)

05-linear-search
SET
SET
SET
 count 
-------
  1000
(1 row)

                                             QUERY PLAN                                             
----------------------------------------------------------------------------------------------------
 Seq Scan on books  (cost=0.00..20.50 rows=1 width=27) (actual time=0.009..0.051 rows=1.00 loops=1)
   Filter: (title = '実験用の本 42'::text)
   Rows Removed by Filter: 999
   Buffers: shared hit=8
 Planning Time: 0.026 ms
 Execution Time: 0.056 ms
(6 rows)

INSERT 0 99000
ANALYZE
INSERT 0 900000
ANALYZE
                                                 QUERY PLAN                                                  
-------------------------------------------------------------------------------------------------------------
 Limit  (cost=0.00..19853.00 rows=1 width=30) (actual time=0.028..0.028 rows=1.00 loops=1)
   Buffers: shared hit=2
   ->  Seq Scan on books  (cost=0.00..19853.00 rows=1 width=30) (actual time=0.026..0.027 rows=1.00 loops=1)
         Filter: (title = '実験用の本 42'::text)
         Rows Removed by Filter: 41
         Buffers: shared hit=2
 Planning:
   Buffers: shared hit=17
 Planning Time: 0.106 ms
 Execution Time: 0.039 ms
(10 rows)

06-btree-index
                                               QUERY PLAN                                               
--------------------------------------------------------------------------------------------------------
 Seq Scan on books  (cost=0.00..19853.00 rows=1 width=30) (actual time=0.013..43.167 rows=1.00 loops=1)
   Filter: (title = '実験用の本 42'::text)
   Rows Removed by Filter: 999999
   Buffers: shared hit=7353
 Planning Time: 0.040 ms
 Execution Time: 43.185 ms
(6 rows)

CREATE INDEX
ANALYZE
                                                        QUERY PLAN                                                         
---------------------------------------------------------------------------------------------------------------------------
 Index Scan using books_title_idx on books  (cost=0.42..8.44 rows=1 width=30) (actual time=0.080..0.081 rows=1.00 loops=1)
   Index Cond: (title = '実験用の本 42'::text)
   Index Searches: 1
   Buffers: shared hit=1 read=3
 Planning:
   Buffers: shared hit=10 read=1
 Planning Time: 0.126 ms
 Execution Time: 0.093 ms
(8 rows)

 pg_size_pretty 
----------------
 39 MB
(1 row)

                                                       QUERY PLAN                                                       
------------------------------------------------------------------------------------------------------------------------
 Index Scan using books_pkey on books  (cost=0.42..8.64 rows=11 width=30) (actual time=0.009..0.011 rows=11.00 loops=1)
   Index Cond: ((id >= 400000) AND (id <= 400010))
   Index Searches: 1
   Buffers: shared hit=4
 Planning:
   Buffers: shared hit=6
 Planning Time: 0.063 ms
 Execution Time: 0.020 ms
(8 rows)

                                                    QUERY PLAN                                                    
------------------------------------------------------------------------------------------------------------------
 Seq Scan on books  (cost=0.00..22353.00 rows=902229 width=30) (actual time=0.007..82.133 rows=900000.00 loops=1)
   Filter: ((id >= 1) AND (id <= 900000))
   Rows Removed by Filter: 100000
   Buffers: shared hit=7353
 Planning:
   Buffers: shared hit=4
 Planning Time: 0.038 ms
 Execution Time: 115.258 ms
(8 rows)

07-sort
 book_id |     finished_at     
---------+---------------------
     652 | 2026-09-20 23:59:01
     303 | 2026-09-20 23:58:02
     954 | 2026-09-20 23:57:03
     363 | 2026-09-20 23:52:22
      14 | 2026-09-20 23:51:23
     665 | 2026-09-20 23:50:24
      74 | 2026-09-20 23:45:43
     725 | 2026-09-20 23:44:44
     376 | 2026-09-20 23:43:45
     785 | 2026-09-20 23:39:04
     436 | 2026-09-20 23:38:05
      87 | 2026-09-20 23:37:06
     496 | 2026-09-20 23:32:25
     147 | 2026-09-20 23:31:26
     798 | 2026-09-20 23:30:27
     207 | 2026-09-20 23:25:46
     858 | 2026-09-20 23:24:47
     509 | 2026-09-20 23:23:48
     918 | 2026-09-20 23:19:07
     569 | 2026-09-20 23:18:08
     220 | 2026-09-20 23:17:09
     629 | 2026-09-20 23:12:28
     280 | 2026-09-20 23:11:29
     931 | 2026-09-20 23:10:30
     340 | 2026-09-20 23:05:49
     991 | 2026-09-20 23:04:50
     642 | 2026-09-20 23:03:51
      51 | 2026-09-20 22:59:10
     702 | 2026-09-20 22:58:11
     353 | 2026-09-20 22:57:12
     762 | 2026-09-20 22:52:31
     413 | 2026-09-20 22:51:32
      64 | 2026-09-20 22:50:33
     473 | 2026-09-20 22:45:52
     124 | 2026-09-20 22:44:53
     775 | 2026-09-20 22:43:54
     184 | 2026-09-20 22:39:13
     835 | 2026-09-20 22:38:14
     486 | 2026-09-20 22:37:15
     895 | 2026-09-20 22:32:34
     546 | 2026-09-20 22:31:35
     197 | 2026-09-20 22:30:36
     606 | 2026-09-20 22:25:55
     257 | 2026-09-20 22:24:56
     908 | 2026-09-20 22:23:57
     317 | 2026-09-20 22:19:16
     968 | 2026-09-20 22:18:17
     619 | 2026-09-20 22:17:18
      28 | 2026-09-20 22:12:37
     679 | 2026-09-20 22:11:38
     330 | 2026-09-20 22:10:39
     739 | 2026-09-20 22:05:58
     390 | 2026-09-20 22:04:59
      41 | 2026-09-20 22:04:00
     450 | 2026-09-20 21:59:19
     101 | 2026-09-20 21:58:20
     752 | 2026-09-20 21:57:21
     403 | 2026-09-20 21:56:22
     161 | 2026-09-20 21:52:40
     812 | 2026-09-20 21:51:41
     463 | 2026-09-20 21:50:42
     114 | 2026-09-20 21:49:43
     872 | 2026-09-20 21:46:01
     523 | 2026-09-20 21:45:02
     174 | 2026-09-20 21:44:03
     825 | 2026-09-20 21:43:04
     583 | 2026-09-20 21:39:22
     234 | 2026-09-20 21:38:23
     885 | 2026-09-20 21:37:24
     536 | 2026-09-20 21:36:25
     294 | 2026-09-20 21:32:43
     945 | 2026-09-20 21:31:44
     596 | 2026-09-20 21:30:45
     247 | 2026-09-20 21:29:46
       5 | 2026-09-20 21:26:04
     656 | 2026-09-20 21:25:05
     307 | 2026-09-20 21:24:06
     958 | 2026-09-20 21:23:07
     716 | 2026-09-20 21:19:25
     367 | 2026-09-20 21:18:26
      18 | 2026-09-20 21:17:27
     669 | 2026-09-20 21:16:28
     427 | 2026-09-20 21:12:46
      78 | 2026-09-20 21:11:47
     729 | 2026-09-20 21:10:48
     380 | 2026-09-20 21:09:49
     138 | 2026-09-20 21:06:07
     789 | 2026-09-20 21:05:08
     440 | 2026-09-20 21:04:09
      91 | 2026-09-20 21:03:10
     500 | 2026-09-20 20:58:29
     151 | 2026-09-20 20:57:30
     802 | 2026-09-20 20:56:31
     211 | 2026-09-20 20:51:50
     862 | 2026-09-20 20:50:51
     513 | 2026-09-20 20:49:52
     922 | 2026-09-20 20:45:11
     573 | 2026-09-20 20:44:12
     224 | 2026-09-20 20:43:13
     633 | 2026-09-20 20:38:32
     284 | 2026-09-20 20:37:33
     935 | 2026-09-20 20:36:34
     344 | 2026-09-20 20:31:53
     995 | 2026-09-20 20:30:54
     646 | 2026-09-20 20:29:55
      55 | 2026-09-20 20:25:14
     706 | 2026-09-20 20:24:15
     357 | 2026-09-20 20:23:16
     766 | 2026-09-20 20:18:35
     417 | 2026-09-20 20:17:36
      68 | 2026-09-20 20:16:37
     477 | 2026-09-20 20:11:56
     128 | 2026-09-20 20:10:57
     779 | 2026-09-20 20:09:58
     188 | 2026-09-20 20:05:17
     839 | 2026-09-20 20:04:18
     490 | 2026-09-20 20:03:19
     899 | 2026-09-20 19:58:38
     550 | 2026-09-20 19:57:39
     201 | 2026-09-20 19:56:40
     610 | 2026-09-20 19:51:59
     261 | 2026-09-20 19:51:00
     912 | 2026-09-20 19:50:01
     321 | 2026-09-20 19:45:20
     972 | 2026-09-20 19:44:21
     623 | 2026-09-20 19:43:22
      32 | 2026-09-20 19:38:41
     683 | 2026-09-20 19:37:42
     334 | 2026-09-20 19:36:43
     743 | 2026-09-20 19:32:02
     394 | 2026-09-20 19:31:03
      45 | 2026-09-20 19:30:04
     454 | 2026-09-20 19:25:23
     105 | 2026-09-20 19:24:24
     756 | 2026-09-20 19:23:25
     165 | 2026-09-20 19:18:44
     816 | 2026-09-20 19:17:45
     467 | 2026-09-20 19:16:46
     876 | 2026-09-20 19:12:05
     527 | 2026-09-20 19:11:06
     178 | 2026-09-20 19:10:07
     587 | 2026-09-20 19:05:26
     238 | 2026-09-20 19:04:27
     889 | 2026-09-20 19:03:28
     540 | 2026-09-20 19:02:29
     298 | 2026-09-20 18:58:47
     949 | 2026-09-20 18:57:48
     600 | 2026-09-20 18:56:49
     251 | 2026-09-20 18:55:50
       9 | 2026-09-20 18:52:08
     660 | 2026-09-20 18:51:09
     311 | 2026-09-20 18:50:10
     962 | 2026-09-20 18:49:11
     720 | 2026-09-20 18:45:29
     371 | 2026-09-20 18:44:30
      22 | 2026-09-20 18:43:31
     673 | 2026-09-20 18:42:32
     431 | 2026-09-20 18:38:50
      82 | 2026-09-20 18:37:51
     733 | 2026-09-20 18:36:52
     384 | 2026-09-20 18:35:53
     142 | 2026-09-20 18:32:11
     793 | 2026-09-20 18:31:12
     444 | 2026-09-20 18:30:13
      95 | 2026-09-20 18:29:14
     853 | 2026-09-20 18:25:32
     504 | 2026-09-20 18:24:33
     155 | 2026-09-20 18:23:34
     806 | 2026-09-20 18:22:35
     564 | 2026-09-20 18:18:53
     215 | 2026-09-20 18:17:54
     866 | 2026-09-20 18:16:55
     517 | 2026-09-20 18:15:56
     275 | 2026-09-20 18:12:14
     926 | 2026-09-20 18:11:15
     577 | 2026-09-20 18:10:16
     228 | 2026-09-20 18:09:17
     637 | 2026-09-20 18:04:36
     288 | 2026-09-20 18:03:37
     939 | 2026-09-20 18:02:38
     348 | 2026-09-20 17:57:57
     999 | 2026-09-20 17:56:58
     650 | 2026-09-20 17:55:59
      59 | 2026-09-20 17:51:18
     710 | 2026-09-20 17:50:19
     361 | 2026-09-20 17:49:20
     770 | 2026-09-20 17:44:39
     421 | 2026-09-20 17:43:40
      72 | 2026-09-20 17:42:41
     481 | 2026-09-20 17:38:00
     132 | 2026-09-20 17:37:01
     783 | 2026-09-20 17:36:02
     192 | 2026-09-20 17:31:21
     843 | 2026-09-20 17:30:22
     494 | 2026-09-20 17:29:23
     903 | 2026-09-20 17:24:42
     554 | 2026-09-20 17:23:43
     205 | 2026-09-20 17:22:44
     614 | 2026-09-20 17:18:03
     265 | 2026-09-20 17:17:04
     916 | 2026-09-20 17:16:05
     325 | 2026-09-20 17:11:24
     976 | 2026-09-20 17:10:25
     627 | 2026-09-20 17:09:26
      36 | 2026-09-20 17:04:45
     687 | 2026-09-20 17:03:46
     338 | 2026-09-20 17:02:47
     747 | 2026-09-20 16:58:06
     398 | 2026-09-20 16:57:07
      49 | 2026-09-20 16:56:08
     458 | 2026-09-20 16:51:27
     109 | 2026-09-20 16:50:28
     760 | 2026-09-20 16:49:29
     169 | 2026-09-20 16:44:48
     820 | 2026-09-20 16:43:49
     471 | 2026-09-20 16:42:50
     880 | 2026-09-20 16:38:09
     531 | 2026-09-20 16:37:10
     182 | 2026-09-20 16:36:11
     591 | 2026-09-20 16:31:30
     242 | 2026-09-20 16:30:31
     893 | 2026-09-20 16:29:32
     302 | 2026-09-20 16:24:51
     953 | 2026-09-20 16:23:52
     604 | 2026-09-20 16:22:53
      13 | 2026-09-20 16:18:12
     664 | 2026-09-20 16:17:13
     315 | 2026-09-20 16:16:14
     724 | 2026-09-20 16:11:33
     375 | 2026-09-20 16:10:34
      26 | 2026-09-20 16:09:35
     435 | 2026-09-20 16:04:54
      86 | 2026-09-20 16:03:55
     737 | 2026-09-20 16:02:56
     388 | 2026-09-20 16:01:57
     146 | 2026-09-20 15:58:15
     797 | 2026-09-20 15:57:16
     448 | 2026-09-20 15:56:17
      99 | 2026-09-20 15:55:18
     857 | 2026-09-20 15:51:36
     508 | 2026-09-20 15:50:37
     159 | 2026-09-20 15:49:38
     810 | 2026-09-20 15:48:39
     568 | 2026-09-20 15:44:57
     219 | 2026-09-20 15:43:58
     870 | 2026-09-20 15:42:59
     521 | 2026-09-20 15:42:00
     279 | 2026-09-20 15:38:18
     930 | 2026-09-20 15:37:19
     581 | 2026-09-20 15:36:20
     232 | 2026-09-20 15:35:21
     990 | 2026-09-20 15:31:39
     641 | 2026-09-20 15:30:40
     292 | 2026-09-20 15:29:41
     943 | 2026-09-20 15:28:42
     701 | 2026-09-20 15:25:00
     352 | 2026-09-20 15:24:01
       3 | 2026-09-20 15:23:02
     654 | 2026-09-20 15:22:03
     412 | 2026-09-20 15:18:21
      63 | 2026-09-20 15:17:22
     714 | 2026-09-20 15:16:23
     365 | 2026-09-20 15:15:24
     774 | 2026-09-20 15:10:43
     425 | 2026-09-20 15:09:44
      76 | 2026-09-20 15:08:45
     485 | 2026-09-20 15:04:04
     136 | 2026-09-20 15:03:05
     787 | 2026-09-20 15:02:06
     196 | 2026-09-20 14:57:25
     847 | 2026-09-20 14:56:26
     498 | 2026-09-20 14:55:27
     907 | 2026-09-20 14:50:46
     558 | 2026-09-20 14:49:47
     209 | 2026-09-20 14:48:48
     618 | 2026-09-20 14:44:07
     269 | 2026-09-20 14:43:08
     920 | 2026-09-20 14:42:09
     329 | 2026-09-20 14:37:28
     980 | 2026-09-20 14:36:29
     631 | 2026-09-20 14:35:30
      40 | 2026-09-20 14:30:49
     691 | 2026-09-20 14:29:50
     342 | 2026-09-20 14:28:51
     751 | 2026-09-20 14:24:10
     402 | 2026-09-20 14:23:11
      53 | 2026-09-20 14:22:12
     462 | 2026-09-20 14:17:31
     113 | 2026-09-20 14:16:32
     764 | 2026-09-20 14:15:33
     173 | 2026-09-20 14:10:52
     824 | 2026-09-20 14:09:53
     475 | 2026-09-20 14:08:54
     884 | 2026-09-20 14:04:13
     535 | 2026-09-20 14:03:14
     186 | 2026-09-20 14:02:15
     595 | 2026-09-20 13:57:34
     246 | 2026-09-20 13:56:35
     897 | 2026-09-20 13:55:36
     306 | 2026-09-20 13:50:55
     957 | 2026-09-20 13:49:56
     608 | 2026-09-20 13:48:57
      17 | 2026-09-20 13:44:16
     668 | 2026-09-20 13:43:17
     319 | 2026-09-20 13:42:18
     728 | 2026-09-20 13:37:37
     379 | 2026-09-20 13:36:38
      30 | 2026-09-20 13:35:39
     439 | 2026-09-20 13:30:58
      90 | 2026-09-20 13:29:59
     741 | 2026-09-20 13:29:00
     150 | 2026-09-20 13:24:19
     801 | 2026-09-20 13:23:20
     452 | 2026-09-20 13:22:21
     861 | 2026-09-20 13:17:40
     512 | 2026-09-20 13:16:41
     163 | 2026-09-20 13:15:42
     572 | 2026-09-20 13:11:01
     223 | 2026-09-20 13:10:02
     874 | 2026-09-20 13:09:03
     525 | 2026-09-20 13:08:04
     283 | 2026-09-20 13:04:22
     934 | 2026-09-20 13:03:23
     585 | 2026-09-20 13:02:24
     236 | 2026-09-20 13:01:25
     994 | 2026-09-20 12:57:43
     645 | 2026-09-20 12:56:44
     296 | 2026-09-20 12:55:45
     947 | 2026-09-20 12:54:46
     705 | 2026-09-20 12:51:04
     356 | 2026-09-20 12:50:05
       7 | 2026-09-20 12:49:06
     658 | 2026-09-20 12:48:07
     416 | 2026-09-20 12:44:25
      67 | 2026-09-20 12:43:26
     718 | 2026-09-20 12:42:27
     369 | 2026-09-20 12:41:28
     127 | 2026-09-20 12:37:46
     778 | 2026-09-20 12:36:47
     429 | 2026-09-20 12:35:48
      80 | 2026-09-20 12:34:49
     838 | 2026-09-20 12:31:07
     489 | 2026-09-20 12:30:08
     140 | 2026-09-20 12:29:09
     791 | 2026-09-20 12:28:10
     549 | 2026-09-20 12:24:28
     200 | 2026-09-20 12:23:29
     851 | 2026-09-20 12:22:30
     502 | 2026-09-20 12:21:31
     911 | 2026-09-20 12:16:50
     562 | 2026-09-20 12:15:51
     213 | 2026-09-20 12:14:52
     622 | 2026-09-20 12:10:11
     273 | 2026-09-20 12:09:12
     924 | 2026-09-20 12:08:13
     333 | 2026-09-20 12:03:32
     984 | 2026-09-20 12:02:33
     635 | 2026-09-20 12:01:34
      44 | 2026-09-20 11:56:53
     695 | 2026-09-20 11:55:54
     346 | 2026-09-20 11:54:55
     755 | 2026-09-20 11:50:14
     406 | 2026-09-20 11:49:15
      57 | 2026-09-20 11:48:16
     466 | 2026-09-20 11:43:35
     117 | 2026-09-20 11:42:36
     768 | 2026-09-20 11:41:37
     177 | 2026-09-20 11:36:56
     828 | 2026-09-20 11:35:57
     479 | 2026-09-20 11:34:58
     888 | 2026-09-20 11:30:17
     539 | 2026-09-20 11:29:18
     190 | 2026-09-20 11:28:19
     599 | 2026-09-20 11:23:38
     250 | 2026-09-20 11:22:39
     901 | 2026-09-20 11:21:40
     310 | 2026-09-20 11:16:59
     961 | 2026-09-20 11:16:00
     612 | 2026-09-20 11:15:01
      21 | 2026-09-20 11:10:20
     672 | 2026-09-20 11:09:21
     323 | 2026-09-20 11:08:22
     732 | 2026-09-20 11:03:41
     383 | 2026-09-20 11:02:42
      34 | 2026-09-20 11:01:43
     443 | 2026-09-20 10:57:02
      94 | 2026-09-20 10:56:03
     745 | 2026-09-20 10:55:04
     154 | 2026-09-20 10:50:23
     805 | 2026-09-20 10:49:24
     456 | 2026-09-20 10:48:25
     865 | 2026-09-20 10:43:44
     516 | 2026-09-20 10:42:45
     167 | 2026-09-20 10:41:46
     576 | 2026-09-20 10:37:05
     227 | 2026-09-20 10:36:06
     878 | 2026-09-20 10:35:07
     287 | 2026-09-20 10:30:26
     938 | 2026-09-20 10:29:27
     589 | 2026-09-20 10:28:28
     998 | 2026-09-20 10:23:47
     649 | 2026-09-20 10:22:48
     300 | 2026-09-20 10:21:49
     709 | 2026-09-20 10:17:08
     360 | 2026-09-20 10:16:09
      11 | 2026-09-20 10:15:10
     662 | 2026-09-20 10:14:11
     420 | 2026-09-20 10:10:29
      71 | 2026-09-20 10:09:30
     722 | 2026-09-20 10:08:31
     373 | 2026-09-20 10:07:32
     131 | 2026-09-20 10:03:50
     782 | 2026-09-20 10:02:51
     433 | 2026-09-20 10:01:52
      84 | 2026-09-20 10:00:53
     842 | 2026-09-20 09:57:11
     493 | 2026-09-20 09:56:12
     144 | 2026-09-20 09:55:13
     795 | 2026-09-20 09:54:14
     553 | 2026-09-20 09:50:32
     204 | 2026-09-20 09:49:33
     855 | 2026-09-20 09:48:34
     506 | 2026-09-20 09:47:35
     264 | 2026-09-20 09:43:53
     915 | 2026-09-20 09:42:54
     566 | 2026-09-20 09:41:55
     217 | 2026-09-20 09:40:56
     975 | 2026-09-20 09:37:14
     626 | 2026-09-20 09:36:15
     277 | 2026-09-20 09:35:16
     928 | 2026-09-20 09:34:17
     686 | 2026-09-20 09:30:35
     337 | 2026-09-20 09:29:36
     988 | 2026-09-20 09:28:37
     639 | 2026-09-20 09:27:38
      48 | 2026-09-20 09:22:57
     699 | 2026-09-20 09:21:58
     350 | 2026-09-20 09:20:59
     759 | 2026-09-20 09:16:18
     410 | 2026-09-20 09:15:19
      61 | 2026-09-20 09:14:20
     470 | 2026-09-20 09:09:39
     121 | 2026-09-20 09:08:40
     772 | 2026-09-20 09:07:41
     181 | 2026-09-20 09:03:00
     832 | 2026-09-20 09:02:01
     483 | 2026-09-20 09:01:02
     892 | 2026-09-20 08:56:21
     543 | 2026-09-20 08:55:22
     194 | 2026-09-20 08:54:23
     603 | 2026-09-20 08:49:42
     254 | 2026-09-20 08:48:43
     905 | 2026-09-20 08:47:44
     314 | 2026-09-20 08:43:03
     965 | 2026-09-20 08:42:04
     616 | 2026-09-20 08:41:05
      25 | 2026-09-20 08:36:24
     676 | 2026-09-20 08:35:25
     327 | 2026-09-20 08:34:26
     736 | 2026-09-20 08:29:45
     387 | 2026-09-20 08:28:46
      38 | 2026-09-20 08:27:47
     447 | 2026-09-20 08:23:06
      98 | 2026-09-20 08:22:07
     749 | 2026-09-20 08:21:08
     158 | 2026-09-20 08:16:27
     809 | 2026-09-20 08:15:28
     460 | 2026-09-20 08:14:29
     869 | 2026-09-20 08:09:48
     520 | 2026-09-20 08:08:49
     171 | 2026-09-20 08:07:50
     580 | 2026-09-20 08:03:09
     231 | 2026-09-20 08:02:10
     882 | 2026-09-20 08:01:11
     291 | 2026-09-20 07:56:30
     942 | 2026-09-20 07:55:31
     593 | 2026-09-20 07:54:32
       2 | 2026-09-20 07:49:51
     653 | 2026-09-20 07:48:52
     304 | 2026-09-20 07:47:53
     713 | 2026-09-20 07:43:12
     364 | 2026-09-20 07:42:13
      15 | 2026-09-20 07:41:14
     424 | 2026-09-20 07:36:33
      75 | 2026-09-20 07:35:34
     726 | 2026-09-20 07:34:35
     135 | 2026-09-20 07:29:54
     786 | 2026-09-20 07:28:55
     437 | 2026-09-20 07:27:56
     846 | 2026-09-20 07:23:15
     497 | 2026-09-20 07:22:16
     148 | 2026-09-20 07:21:17
     799 | 2026-09-20 07:20:18
     557 | 2026-09-20 07:16:36
     208 | 2026-09-20 07:15:37
     859 | 2026-09-20 07:14:38
     510 | 2026-09-20 07:13:39
     268 | 2026-09-20 07:09:57
     919 | 2026-09-20 07:08:58
     570 | 2026-09-20 07:07:59
     221 | 2026-09-20 07:07:00
     979 | 2026-09-20 07:03:18
     630 | 2026-09-20 07:02:19
     281 | 2026-09-20 07:01:20
     932 | 2026-09-20 07:00:21
     690 | 2026-09-20 06:56:39
     341 | 2026-09-20 06:55:40
     992 | 2026-09-20 06:54:41
     643 | 2026-09-20 06:53:42
     401 | 2026-09-20 06:50:00
      52 | 2026-09-20 06:49:01
     703 | 2026-09-20 06:48:02
     354 | 2026-09-20 06:47:03
     112 | 2026-09-20 06:43:21
     763 | 2026-09-20 06:42:22
     414 | 2026-09-20 06:41:23
      65 | 2026-09-20 06:40:24
     823 | 2026-09-20 06:36:42
     474 | 2026-09-20 06:35:43
     125 | 2026-09-20 06:34:44
     776 | 2026-09-20 06:33:45
     185 | 2026-09-20 06:29:04
     836 | 2026-09-20 06:28:05
     487 | 2026-09-20 06:27:06
     896 | 2026-09-20 06:22:25
     547 | 2026-09-20 06:21:26
     198 | 2026-09-20 06:20:27
     607 | 2026-09-20 06:15:46
     258 | 2026-09-20 06:14:47
     909 | 2026-09-20 06:13:48
     318 | 2026-09-20 06:09:07
     969 | 2026-09-20 06:08:08
     620 | 2026-09-20 06:07:09
      29 | 2026-09-20 06:02:28
     680 | 2026-09-20 06:01:29
     331 | 2026-09-20 06:00:30
     740 | 2026-09-20 05:55:49
     391 | 2026-09-20 05:54:50
      42 | 2026-09-20 05:53:51
     451 | 2026-09-20 05:49:10
     102 | 2026-09-20 05:48:11
     753 | 2026-09-20 05:47:12
     162 | 2026-09-20 05:42:31
     813 | 2026-09-20 05:41:32
     464 | 2026-09-20 05:40:33
     873 | 2026-09-20 05:35:52
     524 | 2026-09-20 05:34:53
     175 | 2026-09-20 05:33:54
     584 | 2026-09-20 05:29:13
     235 | 2026-09-20 05:28:14
     886 | 2026-09-20 05:27:15
     295 | 2026-09-20 05:22:34
     946 | 2026-09-20 05:21:35
     597 | 2026-09-20 05:20:36
       6 | 2026-09-20 05:15:55
     657 | 2026-09-20 05:14:56
     308 | 2026-09-20 05:13:57
     717 | 2026-09-20 05:09:16
     368 | 2026-09-20 05:08:17
      19 | 2026-09-20 05:07:18
     428 | 2026-09-20 05:02:37
      79 | 2026-09-20 05:01:38
     730 | 2026-09-20 05:00:39
     139 | 2026-09-20 04:55:58
     790 | 2026-09-20 04:54:59
     441 | 2026-09-20 04:54:00
     850 | 2026-09-20 04:49:19
     501 | 2026-09-20 04:48:20
     152 | 2026-09-20 04:47:21
     561 | 2026-09-20 04:42:40
     212 | 2026-09-20 04:41:41
     863 | 2026-09-20 04:40:42
     272 | 2026-09-20 04:36:01
     923 | 2026-09-20 04:35:02
     574 | 2026-09-20 04:34:03
     983 | 2026-09-20 04:29:22
     634 | 2026-09-20 04:28:23
     285 | 2026-09-20 04:27:24
     936 | 2026-09-20 04:26:25
     694 | 2026-09-20 04:22:43
     345 | 2026-09-20 04:21:44
     996 | 2026-09-20 04:20:45
     647 | 2026-09-20 04:19:46
     405 | 2026-09-20 04:16:04
      56 | 2026-09-20 04:15:05
     707 | 2026-09-20 04:14:06
     358 | 2026-09-20 04:13:07
     116 | 2026-09-20 04:09:25
     767 | 2026-09-20 04:08:26
     418 | 2026-09-20 04:07:27
      69 | 2026-09-20 04:06:28
     827 | 2026-09-20 04:02:46
     478 | 2026-09-20 04:01:47
     129 | 2026-09-20 04:00:48
     780 | 2026-09-20 03:59:49
     538 | 2026-09-20 03:56:07
     189 | 2026-09-20 03:55:08
     840 | 2026-09-20 03:54:09
     491 | 2026-09-20 03:53:10
     249 | 2026-09-20 03:49:28
     900 | 2026-09-20 03:48:29
     551 | 2026-09-20 03:47:30
     202 | 2026-09-20 03:46:31
     960 | 2026-09-20 03:42:49
     611 | 2026-09-20 03:41:50
     262 | 2026-09-20 03:40:51
     913 | 2026-09-20 03:39:52
     322 | 2026-09-20 03:35:11
     973 | 2026-09-20 03:34:12
     624 | 2026-09-20 03:33:13
      33 | 2026-09-20 03:28:32
     684 | 2026-09-20 03:27:33
     335 | 2026-09-20 03:26:34
     744 | 2026-09-20 03:21:53
     395 | 2026-09-20 03:20:54
      46 | 2026-09-20 03:19:55
     455 | 2026-09-20 03:15:14
     106 | 2026-09-20 03:14:15
     757 | 2026-09-20 03:13:16
     166 | 2026-09-20 03:08:35
     817 | 2026-09-20 03:07:36
     468 | 2026-09-20 03:06:37
     877 | 2026-09-20 03:01:56
     528 | 2026-09-20 03:00:57
     179 | 2026-09-20 02:59:58
     588 | 2026-09-20 02:55:17
     239 | 2026-09-20 02:54:18
     890 | 2026-09-20 02:53:19
     299 | 2026-09-20 02:48:38
     950 | 2026-09-20 02:47:39
     601 | 2026-09-20 02:46:40
      10 | 2026-09-20 02:41:59
     661 | 2026-09-20 02:41:00
     312 | 2026-09-20 02:40:01
     721 | 2026-09-20 02:35:20
     372 | 2026-09-20 02:34:21
      23 | 2026-09-20 02:33:22
     432 | 2026-09-20 02:28:41
      83 | 2026-09-20 02:27:42
     734 | 2026-09-20 02:26:43
     143 | 2026-09-20 02:22:02
     794 | 2026-09-20 02:21:03
     445 | 2026-09-20 02:20:04
     854 | 2026-09-20 02:15:23
     505 | 2026-09-20 02:14:24
     156 | 2026-09-20 02:13:25
     565 | 2026-09-20 02:08:44
     216 | 2026-09-20 02:07:45
     867 | 2026-09-20 02:06:46
     276 | 2026-09-20 02:02:05
     927 | 2026-09-20 02:01:06
     578 | 2026-09-20 02:00:07
     987 | 2026-09-20 01:55:26
     638 | 2026-09-20 01:54:27
     289 | 2026-09-20 01:53:28
     698 | 2026-09-20 01:48:47
     349 | 2026-09-20 01:47:48
    1000 | 2026-09-20 01:46:49
     409 | 2026-09-20 01:42:08
      60 | 2026-09-20 01:41:09
     711 | 2026-09-20 01:40:10
     120 | 2026-09-20 01:35:29
     771 | 2026-09-20 01:34:30
     422 | 2026-09-20 01:33:31
      73 | 2026-09-20 01:32:32
     831 | 2026-09-20 01:28:50
     482 | 2026-09-20 01:27:51
     133 | 2026-09-20 01:26:52
     784 | 2026-09-20 01:25:53
     542 | 2026-09-20 01:22:11
     193 | 2026-09-20 01:21:12
     844 | 2026-09-20 01:20:13
     495 | 2026-09-20 01:19:14
     253 | 2026-09-20 01:15:32
     904 | 2026-09-20 01:14:33
     555 | 2026-09-20 01:13:34
     206 | 2026-09-20 01:12:35
     964 | 2026-09-20 01:08:53
     615 | 2026-09-20 01:07:54
     266 | 2026-09-20 01:06:55
     917 | 2026-09-20 01:05:56
     675 | 2026-09-20 01:02:14
     326 | 2026-09-20 01:01:15
     977 | 2026-09-20 01:00:16
     628 | 2026-09-20 00:59:17
     386 | 2026-09-20 00:55:35
      37 | 2026-09-20 00:54:36
     688 | 2026-09-20 00:53:37
     339 | 2026-09-20 00:52:38
      97 | 2026-09-20 00:48:56
     748 | 2026-09-20 00:47:57
     399 | 2026-09-20 00:46:58
      50 | 2026-09-20 00:45:59
     459 | 2026-09-20 00:41:18
     110 | 2026-09-20 00:40:19
     761 | 2026-09-20 00:39:20
     170 | 2026-09-20 00:34:39
     821 | 2026-09-20 00:33:40
     472 | 2026-09-20 00:32:41
     881 | 2026-09-20 00:28:00
     532 | 2026-09-20 00:27:01
     183 | 2026-09-20 00:26:02
     592 | 2026-09-20 00:21:21
     243 | 2026-09-20 00:20:22
     894 | 2026-09-20 00:19:23
     303 | 2026-09-20 00:14:42
     954 | 2026-09-20 00:13:43
     605 | 2026-09-20 00:12:44
      14 | 2026-09-20 00:08:03
     665 | 2026-09-20 00:07:04
     316 | 2026-09-20 00:06:05
     725 | 2026-09-20 00:01:24
     376 | 2026-09-20 00:00:25
      27 | 2026-09-19 23:59:26
     436 | 2026-09-19 23:54:45
      87 | 2026-09-19 23:53:46
     738 | 2026-09-19 23:52:47
     147 | 2026-09-19 23:48:06
     798 | 2026-09-19 23:47:07
     449 | 2026-09-19 23:46:08
     858 | 2026-09-19 23:41:27
     509 | 2026-09-19 23:40:28
     160 | 2026-09-19 23:39:29
     569 | 2026-09-19 23:34:48
     220 | 2026-09-19 23:33:49
     871 | 2026-09-19 23:32:50
     280 | 2026-09-19 23:28:09
     931 | 2026-09-19 23:27:10
     582 | 2026-09-19 23:26:11
     991 | 2026-09-19 23:21:30
     642 | 2026-09-19 23:20:31
     293 | 2026-09-19 23:19:32
     702 | 2026-09-19 23:14:51
     353 | 2026-09-19 23:13:52
       4 | 2026-09-19 23:12:53
     413 | 2026-09-19 23:08:12
      64 | 2026-09-19 23:07:13
     715 | 2026-09-19 23:06:14
     124 | 2026-09-19 23:01:33
     775 | 2026-09-19 23:00:34
     426 | 2026-09-19 22:59:35
     835 | 2026-09-19 22:54:54
     486 | 2026-09-19 22:53:55
     137 | 2026-09-19 22:52:56
     546 | 2026-09-19 22:48:15
     197 | 2026-09-19 22:47:16
     848 | 2026-09-19 22:46:17
     257 | 2026-09-19 22:41:36
     908 | 2026-09-19 22:40:37
     559 | 2026-09-19 22:39:38
     210 | 2026-09-19 22:38:39
     968 | 2026-09-19 22:34:57
     619 | 2026-09-19 22:33:58
     270 | 2026-09-19 22:32:59
     921 | 2026-09-19 22:32:00
     679 | 2026-09-19 22:28:18
     330 | 2026-09-19 22:27:19
     981 | 2026-09-19 22:26:20
     632 | 2026-09-19 22:25:21
     390 | 2026-09-19 22:21:39
      41 | 2026-09-19 22:20:40
     692 | 2026-09-19 22:19:41
     343 | 2026-09-19 22:18:42
     101 | 2026-09-19 22:15:00
     752 | 2026-09-19 22:14:01
     403 | 2026-09-19 22:13:02
      54 | 2026-09-19 22:12:03
     812 | 2026-09-19 22:08:21
     463 | 2026-09-19 22:07:22
     114 | 2026-09-19 22:06:23
     765 | 2026-09-19 22:05:24
     523 | 2026-09-19 22:01:42
     174 | 2026-09-19 22:00:43
     825 | 2026-09-19 21:59:44
     476 | 2026-09-19 21:58:45
     234 | 2026-09-19 21:55:03
     885 | 2026-09-19 21:54:04
     536 | 2026-09-19 21:53:05
     187 | 2026-09-19 21:52:06
     596 | 2026-09-19 21:47:25
     247 | 2026-09-19 21:46:26
     898 | 2026-09-19 21:45:27
     307 | 2026-09-19 21:40:46
     958 | 2026-09-19 21:39:47
     609 | 2026-09-19 21:38:48
      18 | 2026-09-19 21:34:07
     669 | 2026-09-19 21:33:08
     320 | 2026-09-19 21:32:09
     729 | 2026-09-19 21:27:28
     380 | 2026-09-19 21:26:29
      31 | 2026-09-19 21:25:30
     440 | 2026-09-19 21:20:49
      91 | 2026-09-19 21:19:50
     742 | 2026-09-19 21:18:51
     151 | 2026-09-19 21:14:10
     802 | 2026-09-19 21:13:11
     453 | 2026-09-19 21:12:12
     862 | 2026-09-19 21:07:31
     513 | 2026-09-19 21:06:32
     164 | 2026-09-19 21:05:33
     573 | 2026-09-19 21:00:52
     224 | 2026-09-19 20:59:53
     875 | 2026-09-19 20:58:54
     284 | 2026-09-19 20:54:13
     935 | 2026-09-19 20:53:14
     586 | 2026-09-19 20:52:15
     995 | 2026-09-19 20:47:34
     646 | 2026-09-19 20:46:35
     297 | 2026-09-19 20:45:36
     706 | 2026-09-19 20:40:55
     357 | 2026-09-19 20:39:56
       8 | 2026-09-19 20:38:57
     417 | 2026-09-19 20:34:16
      68 | 2026-09-19 20:33:17
     719 | 2026-09-19 20:32:18
     128 | 2026-09-19 20:27:37
     779 | 2026-09-19 20:26:38
     430 | 2026-09-19 20:25:39
     839 | 2026-09-19 20:20:58
     490 | 2026-09-19 20:19:59
     141 | 2026-09-19 20:19:00
     550 | 2026-09-19 20:14:19
     201 | 2026-09-19 20:13:20
     852 | 2026-09-19 20:12:21
     261 | 2026-09-19 20:07:40
     912 | 2026-09-19 20:06:41
     563 | 2026-09-19 20:05:42
     972 | 2026-09-19 20:01:01
     623 | 2026-09-19 20:00:02
     274 | 2026-09-19 19:59:03
     683 | 2026-09-19 19:54:22
     334 | 2026-09-19 19:53:23
     985 | 2026-09-19 19:52:24
     394 | 2026-09-19 19:47:43
      45 | 2026-09-19 19:46:44
     696 | 2026-09-19 19:45:45
     347 | 2026-09-19 19:44:46
     105 | 2026-09-19 19:41:04
     756 | 2026-09-19 19:40:05
     407 | 2026-09-19 19:39:06
      58 | 2026-09-19 19:38:07
     816 | 2026-09-19 19:34:25
     467 | 2026-09-19 19:33:26
     118 | 2026-09-19 19:32:27
     769 | 2026-09-19 19:31:28
     527 | 2026-09-19 19:27:46
     178 | 2026-09-19 19:26:47
     829 | 2026-09-19 19:25:48
     480 | 2026-09-19 19:24:49
     238 | 2026-09-19 19:21:07
     889 | 2026-09-19 19:20:08
     540 | 2026-09-19 19:19:09
     191 | 2026-09-19 19:18:10
     949 | 2026-09-19 19:14:28
     600 | 2026-09-19 19:13:29
     251 | 2026-09-19 19:12:30
     902 | 2026-09-19 19:11:31
     660 | 2026-09-19 19:07:49
     311 | 2026-09-19 19:06:50
     962 | 2026-09-19 19:05:51
     613 | 2026-09-19 19:04:52
     371 | 2026-09-19 19:01:10
      22 | 2026-09-19 19:00:11
     673 | 2026-09-19 18:59:12
     324 | 2026-09-19 18:58:13
     733 | 2026-09-19 18:53:32
     384 | 2026-09-19 18:52:33
      35 | 2026-09-19 18:51:34
     444 | 2026-09-19 18:46:53
      95 | 2026-09-19 18:45:54
     746 | 2026-09-19 18:44:55
     155 | 2026-09-19 18:40:14
     806 | 2026-09-19 18:39:15
     457 | 2026-09-19 18:38:16
     866 | 2026-09-19 18:33:35
     517 | 2026-09-19 18:32:36
     168 | 2026-09-19 18:31:37
     577 | 2026-09-19 18:26:56
     228 | 2026-09-19 18:25:57
     879 | 2026-09-19 18:24:58
     288 | 2026-09-19 18:20:17
     939 | 2026-09-19 18:19:18
     590 | 2026-09-19 18:18:19
     999 | 2026-09-19 18:13:38
     650 | 2026-09-19 18:12:39
     301 | 2026-09-19 18:11:40
     710 | 2026-09-19 18:06:59
     361 | 2026-09-19 18:06:00
      12 | 2026-09-19 18:05:01
     421 | 2026-09-19 18:00:20
      72 | 2026-09-19 17:59:21
     723 | 2026-09-19 17:58:22
     132 | 2026-09-19 17:53:41
     783 | 2026-09-19 17:52:42
     434 | 2026-09-19 17:51:43
     843 | 2026-09-19 17:47:02
     494 | 2026-09-19 17:46:03
     145 | 2026-09-19 17:45:04
     554 | 2026-09-19 17:40:23
     205 | 2026-09-19 17:39:24
     856 | 2026-09-19 17:38:25
     265 | 2026-09-19 17:33:44
     916 | 2026-09-19 17:32:45
     567 | 2026-09-19 17:31:46
     976 | 2026-09-19 17:27:05
     627 | 2026-09-19 17:26:06
     278 | 2026-09-19 17:25:07
     687 | 2026-09-19 17:20:26
     338 | 2026-09-19 17:19:27
     989 | 2026-09-19 17:18:28
     398 | 2026-09-19 17:13:47
      49 | 2026-09-19 17:12:48
     700 | 2026-09-19 17:11:49
     109 | 2026-09-19 17:07:08
     760 | 2026-09-19 17:06:09
     411 | 2026-09-19 17:05:10
     820 | 2026-09-19 17:00:29
     471 | 2026-09-19 16:59:30
     122 | 2026-09-19 16:58:31
     531 | 2026-09-19 16:53:50
     182 | 2026-09-19 16:52:51
     833 | 2026-09-19 16:51:52
     484 | 2026-09-19 16:50:53
     242 | 2026-09-19 16:47:11
     893 | 2026-09-19 16:46:12
     544 | 2026-09-19 16:45:13
     195 | 2026-09-19 16:44:14
     953 | 2026-09-19 16:40:32
     604 | 2026-09-19 16:39:33
     255 | 2026-09-19 16:38:34
     906 | 2026-09-19 16:37:35
     664 | 2026-09-19 16:33:53
     315 | 2026-09-19 16:32:54
     966 | 2026-09-19 16:31:55
     617 | 2026-09-19 16:30:56
     375 | 2026-09-19 16:27:14
      26 | 2026-09-19 16:26:15
     677 | 2026-09-19 16:25:16
     328 | 2026-09-19 16:24:17
      86 | 2026-09-19 16:20:35
     737 | 2026-09-19 16:19:36
     388 | 2026-09-19 16:18:37
      39 | 2026-09-19 16:17:38
     797 | 2026-09-19 16:13:56
     448 | 2026-09-19 16:12:57
      99 | 2026-09-19 16:11:58
     750 | 2026-09-19 16:10:59
     508 | 2026-09-19 16:07:17
     159 | 2026-09-19 16:06:18
     810 | 2026-09-19 16:05:19
     461 | 2026-09-19 16:04:20
     219 | 2026-09-19 16:00:38
     870 | 2026-09-19 15:59:39
     521 | 2026-09-19 15:58:40
     172 | 2026-09-19 15:57:41
     581 | 2026-09-19 15:53:00
     232 | 2026-09-19 15:52:01
     883 | 2026-09-19 15:51:02
     292 | 2026-09-19 15:46:21
     943 | 2026-09-19 15:45:22
     594 | 2026-09-19 15:44:23
       3 | 2026-09-19 15:39:42
     654 | 2026-09-19 15:38:43
     305 | 2026-09-19 15:37:44
     714 | 2026-09-19 15:33:03
     365 | 2026-09-19 15:32:04
      16 | 2026-09-19 15:31:05
     425 | 2026-09-19 15:26:24
      76 | 2026-09-19 15:25:25
     727 | 2026-09-19 15:24:26
     136 | 2026-09-19 15:19:45
     787 | 2026-09-19 15:18:46
     438 | 2026-09-19 15:17:47
     847 | 2026-09-19 15:13:06
     498 | 2026-09-19 15:12:07
     149 | 2026-09-19 15:11:08
     558 | 2026-09-19 15:06:27
     209 | 2026-09-19 15:05:28
     860 | 2026-09-19 15:04:29
     269 | 2026-09-19 14:59:48
     920 | 2026-09-19 14:58:49
     571 | 2026-09-19 14:57:50
     980 | 2026-09-19 14:53:09
     631 | 2026-09-19 14:52:10
     282 | 2026-09-19 14:51:11
     691 | 2026-09-19 14:46:30
     342 | 2026-09-19 14:45:31
     993 | 2026-09-19 14:44:32
     402 | 2026-09-19 14:39:51
      53 | 2026-09-19 14:38:52
     704 | 2026-09-19 14:37:53
     113 | 2026-09-19 14:33:12
     764 | 2026-09-19 14:32:13
     415 | 2026-09-19 14:31:14
     824 | 2026-09-19 14:26:33
     475 | 2026-09-19 14:25:34
     126 | 2026-09-19 14:24:35
     535 | 2026-09-19 14:19:54
     186 | 2026-09-19 14:18:55
     837 | 2026-09-19 14:17:56
     246 | 2026-09-19 14:13:15
     897 | 2026-09-19 14:12:16
     548 | 2026-09-19 14:11:17
     957 | 2026-09-19 14:06:36
     608 | 2026-09-19 14:05:37
     259 | 2026-09-19 14:04:38
     668 | 2026-09-19 13:59:57
     319 | 2026-09-19 13:58:58
     970 | 2026-09-19 13:57:59
     621 | 2026-09-19 13:57:00
     379 | 2026-09-19 13:53:18
      30 | 2026-09-19 13:52:19
     681 | 2026-09-19 13:51:20
     332 | 2026-09-19 13:50:21
      90 | 2026-09-19 13:46:39
     741 | 2026-09-19 13:45:40
     392 | 2026-09-19 13:44:41
      43 | 2026-09-19 13:43:42
     801 | 2026-09-19 13:40:00
     452 | 2026-09-19 13:39:01
     103 | 2026-09-19 13:38:02
     754 | 2026-09-19 13:37:03
     512 | 2026-09-19 13:33:21
     163 | 2026-09-19 13:32:22
     814 | 2026-09-19 13:31:23
     465 | 2026-09-19 13:30:24
     223 | 2026-09-19 13:26:42
     874 | 2026-09-19 13:25:43
     525 | 2026-09-19 13:24:44
     176 | 2026-09-19 13:23:45
     934 | 2026-09-19 13:20:03
     585 | 2026-09-19 13:19:04
     236 | 2026-09-19 13:18:05
     887 | 2026-09-19 13:17:06
     645 | 2026-09-19 13:13:24
     296 | 2026-09-19 13:12:25
     947 | 2026-09-19 13:11:26
     598 | 2026-09-19 13:10:27
     356 | 2026-09-19 13:06:45
       7 | 2026-09-19 13:05:46
     658 | 2026-09-19 13:04:47
     309 | 2026-09-19 13:03:48
     718 | 2026-09-19 12:59:07
     369 | 2026-09-19 12:58:08
      20 | 2026-09-19 12:57:09
     429 | 2026-09-19 12:52:28
      80 | 2026-09-19 12:51:29
     731 | 2026-09-19 12:50:30
     140 | 2026-09-19 12:45:49
     791 | 2026-09-19 12:44:50
     442 | 2026-09-19 12:43:51
     851 | 2026-09-19 12:39:10
     502 | 2026-09-19 12:38:11
     153 | 2026-09-19 12:37:12
     562 | 2026-09-19 12:32:31
     213 | 2026-09-19 12:31:32
     864 | 2026-09-19 12:30:33
     273 | 2026-09-19 12:25:52
     924 | 2026-09-19 12:24:53
     575 | 2026-09-19 12:23:54
     984 | 2026-09-19 12:19:13
     635 | 2026-09-19 12:18:14
     286 | 2026-09-19 12:17:15
     695 | 2026-09-19 12:12:34
     346 | 2026-09-19 12:11:35
     997 | 2026-09-19 12:10:36
     406 | 2026-09-19 12:05:55
      57 | 2026-09-19 12:04:56
     708 | 2026-09-19 12:03:57
     117 | 2026-09-19 11:59:16
     768 | 2026-09-19 11:58:17
     419 | 2026-09-19 11:57:18
     828 | 2026-09-19 11:52:37
     479 | 2026-09-19 11:51:38
     130 | 2026-09-19 11:50:39
     539 | 2026-09-19 11:45:58
     190 | 2026-09-19 11:44:59
     841 | 2026-09-19 11:44:00
     250 | 2026-09-19 11:39:19
     901 | 2026-09-19 11:38:20
     552 | 2026-09-19 11:37:21
     961 | 2026-09-19 11:32:40
     612 | 2026-09-19 11:31:41
     263 | 2026-09-19 11:30:42
     672 | 2026-09-19 11:26:01
     323 | 2026-09-19 11:25:02
     974 | 2026-09-19 11:24:03
     383 | 2026-09-19 11:19:22
      34 | 2026-09-19 11:18:23
     685 | 2026-09-19 11:17:24
      94 | 2026-09-19 11:12:43
     745 | 2026-09-19 11:11:44
     396 | 2026-09-19 11:10:45
     805 | 2026-09-19 11:06:04
     456 | 2026-09-19 11:05:05
     107 | 2026-09-19 11:04:06
     516 | 2026-09-19 10:59:25
     167 | 2026-09-19 10:58:26
     818 | 2026-09-19 10:57:27
     469 | 2026-09-19 10:56:28
     227 | 2026-09-19 10:52:46
     878 | 2026-09-19 10:51:47
     529 | 2026-09-19 10:50:48
     180 | 2026-09-19 10:49:49
     938 | 2026-09-19 10:46:07
     589 | 2026-09-19 10:45:08
     240 | 2026-09-19 10:44:09
     891 | 2026-09-19 10:43:10
     649 | 2026-09-19 10:39:28
     300 | 2026-09-19 10:38:29
     951 | 2026-09-19 10:37:30
     602 | 2026-09-19 10:36:31
     360 | 2026-09-19 10:32:49
      11 | 2026-09-19 10:31:50
     662 | 2026-09-19 10:30:51
     313 | 2026-09-19 10:29:52
      71 | 2026-09-19 10:26:10
     722 | 2026-09-19 10:25:11
     373 | 2026-09-19 10:24:12
      24 | 2026-09-19 10:23:13
     782 | 2026-09-19 10:19:31
     433 | 2026-09-19 10:18:32
      84 | 2026-09-19 10:17:33
     735 | 2026-09-19 10:16:34
     493 | 2026-09-19 10:12:52
     144 | 2026-09-19 10:11:53
     795 | 2026-09-19 10:10:54
     446 | 2026-09-19 10:09:55
     855 | 2026-09-19 10:05:14
     506 | 2026-09-19 10:04:15
     157 | 2026-09-19 10:03:16
     566 | 2026-09-19 09:58:35
     217 | 2026-09-19 09:57:36
     868 | 2026-09-19 09:56:37
     277 | 2026-09-19 09:51:56
     928 | 2026-09-19 09:50:57
     579 | 2026-09-19 09:49:58
     988 | 2026-09-19 09:45:17
     639 | 2026-09-19 09:44:18
     290 | 2026-09-19 09:43:19
     699 | 2026-09-19 09:38:38
     350 | 2026-09-19 09:37:39
       1 | 2026-09-19 09:36:40
     410 | 2026-09-19 09:31:59
      61 | 2026-09-19 09:31:00
     712 | 2026-09-19 09:30:01
     121 | 2026-09-19 09:25:20
     772 | 2026-09-19 09:24:21
     423 | 2026-09-19 09:23:22
     832 | 2026-09-19 09:18:41
     483 | 2026-09-19 09:17:42
     134 | 2026-09-19 09:16:43
     543 | 2026-09-19 09:12:02
     194 | 2026-09-19 09:11:03
     845 | 2026-09-19 09:10:04
     254 | 2026-09-19 09:05:23
     905 | 2026-09-19 09:04:24
     556 | 2026-09-19 09:03:25
     965 | 2026-09-19 08:58:44
     616 | 2026-09-19 08:57:45
     267 | 2026-09-19 08:56:46
     676 | 2026-09-19 08:52:05
     327 | 2026-09-19 08:51:06
     978 | 2026-09-19 08:50:07
     387 | 2026-09-19 08:45:26
      38 | 2026-09-19 08:44:27
     689 | 2026-09-19 08:43:28
      98 | 2026-09-19 08:38:47
     749 | 2026-09-19 08:37:48
     400 | 2026-09-19 08:36:49
     809 | 2026-09-19 08:32:08
     460 | 2026-09-19 08:31:09
     111 | 2026-09-19 08:30:10
     520 | 2026-09-19 08:25:29
     171 | 2026-09-19 08:24:30
     822 | 2026-09-19 08:23:31
     231 | 2026-09-19 08:18:50
     882 | 2026-09-19 08:17:51
     533 | 2026-09-19 08:16:52
     942 | 2026-09-19 08:12:11
     593 | 2026-09-19 08:11:12
     244 | 2026-09-19 08:10:13
     653 | 2026-09-19 08:05:32
     304 | 2026-09-19 08:04:33
     955 | 2026-09-19 08:03:34
     606 | 2026-09-19 08:02:35
     364 | 2026-09-19 07:58:53
      15 | 2026-09-19 07:57:54
     666 | 2026-09-19 07:56:55
     317 | 2026-09-19 07:55:56
      75 | 2026-09-19 07:52:14
     726 | 2026-09-19 07:51:15
     377 | 2026-09-19 07:50:16
      28 | 2026-09-19 07:49:17
     786 | 2026-09-19 07:45:35
     437 | 2026-09-19 07:44:36
      88 | 2026-09-19 07:43:37
     739 | 2026-09-19 07:42:38
     497 | 2026-09-19 07:38:56
     148 | 2026-09-19 07:37:57
     799 | 2026-09-19 07:36:58
     450 | 2026-09-19 07:35:59
     208 | 2026-09-19 07:32:17
     859 | 2026-09-19 07:31:18
     510 | 2026-09-19 07:30:19
     161 | 2026-09-19 07:29:20
     919 | 2026-09-19 07:25:38
     570 | 2026-09-19 07:24:39
     221 | 2026-09-19 07:23:40
     872 | 2026-09-19 07:22:41
     630 | 2026-09-19 07:18:59
     281 | 2026-09-19 07:18:00
     932 | 2026-09-19 07:17:01
     583 | 2026-09-19 07:16:02
     992 | 2026-09-19 07:11:21
     643 | 2026-09-19 07:10:22
     294 | 2026-09-19 07:09:23
     703 | 2026-09-19 07:04:42
     354 | 2026-09-19 07:03:43
       5 | 2026-09-19 07:02:44
     414 | 2026-09-19 06:58:03
      65 | 2026-09-19 06:57:04
     716 | 2026-09-19 06:56:05
     125 | 2026-09-19 06:51:24
     776 | 2026-09-19 06:50:25
     427 | 2026-09-19 06:49:26
     836 | 2026-09-19 06:44:45
     487 | 2026-09-19 06:43:46
     138 | 2026-09-19 06:42:47
     547 | 2026-09-19 06:38:06
     198 | 2026-09-19 06:37:07
     849 | 2026-09-19 06:36:08
     258 | 2026-09-19 06:31:27
     909 | 2026-09-19 06:30:28
     560 | 2026-09-19 06:29:29
     969 | 2026-09-19 06:24:48
     620 | 2026-09-19 06:23:49
     271 | 2026-09-19 06:22:50
     680 | 2026-09-19 06:18:09
     331 | 2026-09-19 06:17:10
     982 | 2026-09-19 06:16:11
     391 | 2026-09-19 06:11:30
      42 | 2026-09-19 06:10:31
     693 | 2026-09-19 06:09:32
     102 | 2026-09-19 06:04:51
     753 | 2026-09-19 06:03:52
     404 | 2026-09-19 06:02:53
     813 | 2026-09-19 05:58:12
     464 | 2026-09-19 05:57:13
     115 | 2026-09-19 05:56:14
     524 | 2026-09-19 05:51:33
     175 | 2026-09-19 05:50:34
     826 | 2026-09-19 05:49:35
     235 | 2026-09-19 05:44:54
     886 | 2026-09-19 05:43:55
     537 | 2026-09-19 05:42:56
     946 | 2026-09-19 05:38:15
     597 | 2026-09-19 05:37:16
     248 | 2026-09-19 05:36:17
     657 | 2026-09-19 05:31:36
     308 | 2026-09-19 05:30:37
     959 | 2026-09-19 05:29:38
     368 | 2026-09-19 05:24:57
      19 | 2026-09-19 05:23:58
     670 | 2026-09-19 05:22:59
      79 | 2026-09-19 05:18:18
     730 | 2026-09-19 05:17:19
     381 | 2026-09-19 05:16:20
     790 | 2026-09-19 05:11:39
     441 | 2026-09-19 05:10:40
      92 | 2026-09-19 05:09:41
     743 | 2026-09-19 05:08:42
     501 | 2026-09-19 05:05:00
     152 | 2026-09-19 05:04:01
     803 | 2026-09-19 05:03:02
     454 | 2026-09-19 05:02:03
     212 | 2026-09-19 04:58:21
     863 | 2026-09-19 04:57:22
     514 | 2026-09-19 04:56:23
     165 | 2026-09-19 04:55:24
     923 | 2026-09-19 04:51:42
     574 | 2026-09-19 04:50:43
     225 | 2026-09-19 04:49:44
     876 | 2026-09-19 04:48:45
     634 | 2026-09-19 04:45:03
     285 | 2026-09-19 04:44:04
     936 | 2026-09-19 04:43:05
     587 | 2026-09-19 04:42:06
     345 | 2026-09-19 04:38:24
     996 | 2026-09-19 04:37:25
     647 | 2026-09-19 04:36:26
     298 | 2026-09-19 04:35:27
      56 | 2026-09-19 04:31:45
     707 | 2026-09-19 04:30:46
     358 | 2026-09-19 04:29:47
       9 | 2026-09-19 04:28:48
     767 | 2026-09-19 04:25:06
     418 | 2026-09-19 04:24:07
      69 | 2026-09-19 04:23:08
     720 | 2026-09-19 04:22:09
     129 | 2026-09-19 04:17:28
     780 | 2026-09-19 04:16:29
     431 | 2026-09-19 04:15:30
     840 | 2026-09-19 04:10:49
     491 | 2026-09-19 04:09:50
     142 | 2026-09-19 04:08:51
     551 | 2026-09-19 04:04:10
     202 | 2026-09-19 04:03:11
     853 | 2026-09-19 04:02:12
     262 | 2026-09-19 03:57:31
     913 | 2026-09-19 03:56:32
     564 | 2026-09-19 03:55:33
     973 | 2026-09-19 03:50:52
     624 | 2026-09-19 03:49:53
     275 | 2026-09-19 03:48:54
     684 | 2026-09-19 03:44:13
     335 | 2026-09-19 03:43:14
     986 | 2026-09-19 03:42:15
     395 | 2026-09-19 03:37:34
      46 | 2026-09-19 03:36:35
     697 | 2026-09-19 03:35:36
     106 | 2026-09-19 03:30:55
     757 | 2026-09-19 03:29:56
     408 | 2026-09-19 03:28:57
     817 | 2026-09-19 03:24:16
     468 | 2026-09-19 03:23:17
     119 | 2026-09-19 03:22:18
     528 | 2026-09-19 03:17:37
     179 | 2026-09-19 03:16:38
     830 | 2026-09-19 03:15:39
     239 | 2026-09-19 03:10:58
     890 | 2026-09-19 03:09:59
     541 | 2026-09-19 03:09:00
     950 | 2026-09-19 03:04:19
     601 | 2026-09-19 03:03:20
     252 | 2026-09-19 03:02:21
     661 | 2026-09-19 02:57:40
     312 | 2026-09-19 02:56:41
     963 | 2026-09-19 02:55:42
     372 | 2026-09-19 02:51:01
      23 | 2026-09-19 02:50:02
     674 | 2026-09-19 02:49:03
      83 | 2026-09-19 02:44:22
     734 | 2026-09-19 02:43:23
     385 | 2026-09-19 02:42:24
     794 | 2026-09-19 02:37:43
     445 | 2026-09-19 02:36:44
      96 | 2026-09-19 02:35:45
     505 | 2026-09-19 02:31:04
     156 | 2026-09-19 02:30:05
     807 | 2026-09-19 02:29:06
     216 | 2026-09-19 02:24:25
     867 | 2026-09-19 02:23:26
     518 | 2026-09-19 02:22:27
     927 | 2026-09-19 02:17:46
     578 | 2026-09-19 02:16:47
     229 | 2026-09-19 02:15:48
     880 | 2026-09-19 02:14:49
     638 | 2026-09-19 02:11:07
     289 | 2026-09-19 02:10:08
     940 | 2026-09-19 02:09:09
     591 | 2026-09-19 02:08:10
     349 | 2026-09-19 02:04:28
    1000 | 2026-09-19 02:03:29
     651 | 2026-09-19 02:02:30
     302 | 2026-09-19 02:01:31
      60 | 2026-09-19 01:57:49
     711 | 2026-09-19 01:56:50
     362 | 2026-09-19 01:55:51
      13 | 2026-09-19 01:54:52
     771 | 2026-09-19 01:51:10
     422 | 2026-09-19 01:50:11
      73 | 2026-09-19 01:49:12
     724 | 2026-09-19 01:48:13
     482 | 2026-09-19 01:44:31
     133 | 2026-09-19 01:43:32
     784 | 2026-09-19 01:42:33
     435 | 2026-09-19 01:41:34
     193 | 2026-09-19 01:37:52
     844 | 2026-09-19 01:36:53
     495 | 2026-09-19 01:35:54
     146 | 2026-09-19 01:34:55
     904 | 2026-09-19 01:31:13
     555 | 2026-09-19 01:30:14
     206 | 2026-09-19 01:29:15
     857 | 2026-09-19 01:28:16
     266 | 2026-09-19 01:23:35
     917 | 2026-09-19 01:22:36
     568 | 2026-09-19 01:21:37
     977 | 2026-09-19 01:16:56
     628 | 2026-09-19 01:15:57
     279 | 2026-09-19 01:14:58
     688 | 2026-09-19 01:10:17
     339 | 2026-09-19 01:09:18
     990 | 2026-09-19 01:08:19
     399 | 2026-09-19 01:03:38
      50 | 2026-09-19 01:02:39
     701 | 2026-09-19 01:01:40
     110 | 2026-09-19 00:56:59
     761 | 2026-09-19 00:56:00
     412 | 2026-09-19 00:55:01
     821 | 2026-09-19 00:50:20
     472 | 2026-09-19 00:49:21
     123 | 2026-09-19 00:48:22
     532 | 2026-09-19 00:43:41
     183 | 2026-09-19 00:42:42
     834 | 2026-09-19 00:41:43
     243 | 2026-09-19 00:37:02
     894 | 2026-09-19 00:36:03
     545 | 2026-09-19 00:35:04
     954 | 2026-09-19 00:30:23
     605 | 2026-09-19 00:29:24
     256 | 2026-09-19 00:28:25
     665 | 2026-09-19 00:23:44
     316 | 2026-09-19 00:22:45
     967 | 2026-09-19 00:21:46
     376 | 2026-09-19 00:17:05
      27 | 2026-09-19 00:16:06
     678 | 2026-09-19 00:15:07
      87 | 2026-09-19 00:10:26
     738 | 2026-09-19 00:09:27
     389 | 2026-09-19 00:08:28
     798 | 2026-09-19 00:03:47
     449 | 2026-09-19 00:02:48
     100 | 2026-09-19 00:01:49
     509 | 2026-09-18 23:57:08
     160 | 2026-09-18 23:56:09
     811 | 2026-09-18 23:55:10
     220 | 2026-09-18 23:50:29
     871 | 2026-09-18 23:49:30
     522 | 2026-09-18 23:48:31
     931 | 2026-09-18 23:43:50
     582 | 2026-09-18 23:42:51
     233 | 2026-09-18 23:41:52
     642 | 2026-09-18 23:37:11
     293 | 2026-09-18 23:36:12
     944 | 2026-09-18 23:35:13
     353 | 2026-09-18 23:30:32
       4 | 2026-09-18 23:29:33
     655 | 2026-09-18 23:28:34
      64 | 2026-09-18 23:23:53
     715 | 2026-09-18 23:22:54
     366 | 2026-09-18 23:21:55
      17 | 2026-09-18 23:20:56
     775 | 2026-09-18 23:17:14
     426 | 2026-09-18 23:16:15
      77 | 2026-09-18 23:15:16
     728 | 2026-09-18 23:14:17
     486 | 2026-09-18 23:10:35
     137 | 2026-09-18 23:09:36
     788 | 2026-09-18 23:08:37
     439 | 2026-09-18 23:07:38
     197 | 2026-09-18 23:03:56
     848 | 2026-09-18 23:02:57
     499 | 2026-09-18 23:01:58
     150 | 2026-09-18 23:00:59
     908 | 2026-09-18 22:57:17
     559 | 2026-09-18 22:56:18
     210 | 2026-09-18 22:55:19
     861 | 2026-09-18 22:54:20
     619 | 2026-09-18 22:50:38
     270 | 2026-09-18 22:49:39
     921 | 2026-09-18 22:48:40
     572 | 2026-09-18 22:47:41
     330 | 2026-09-18 22:43:59
     981 | 2026-09-18 22:43:00
     632 | 2026-09-18 22:42:01
     283 | 2026-09-18 22:41:02
      41 | 2026-09-18 22:37:20
     692 | 2026-09-18 22:36:21
     343 | 2026-09-18 22:35:22
     994 | 2026-09-18 22:34:23
     403 | 2026-09-18 22:29:42
      54 | 2026-09-18 22:28:43
     705 | 2026-09-18 22:27:44
     114 | 2026-09-18 22:23:03
     765 | 2026-09-18 22:22:04
     416 | 2026-09-18 22:21:05
     825 | 2026-09-18 22:16:24
     476 | 2026-09-18 22:15:25
     127 | 2026-09-18 22:14:26
     536 | 2026-09-18 22:09:45
     187 | 2026-09-18 22:08:46
     838 | 2026-09-18 22:07:47
     247 | 2026-09-18 22:03:06
     898 | 2026-09-18 22:02:07
     549 | 2026-09-18 22:01:08
     958 | 2026-09-18 21:56:27
     609 | 2026-09-18 21:55:28
     260 | 2026-09-18 21:54:29
     669 | 2026-09-18 21:49:48
     320 | 2026-09-18 21:48:49
     971 | 2026-09-18 21:47:50
     380 | 2026-09-18 21:43:09
      31 | 2026-09-18 21:42:10
     682 | 2026-09-18 21:41:11
      91 | 2026-09-18 21:36:30
     742 | 2026-09-18 21:35:31
     393 | 2026-09-18 21:34:32
     802 | 2026-09-18 21:29:51
     453 | 2026-09-18 21:28:52
     104 | 2026-09-18 21:27:53
     513 | 2026-09-18 21:23:12
     164 | 2026-09-18 21:22:13
     815 | 2026-09-18 21:21:14
     224 | 2026-09-18 21:16:33
     875 | 2026-09-18 21:15:34
     526 | 2026-09-18 21:14:35
     935 | 2026-09-18 21:09:54
     586 | 2026-09-18 21:08:55
     237 | 2026-09-18 21:07:56
     646 | 2026-09-18 21:03:15
     297 | 2026-09-18 21:02:16
     948 | 2026-09-18 21:01:17
     357 | 2026-09-18 20:56:36
       8 | 2026-09-18 20:55:37
     659 | 2026-09-18 20:54:38
      68 | 2026-09-18 20:49:57
     719 | 2026-09-18 20:48:58
     370 | 2026-09-18 20:47:59
     779 | 2026-09-18 20:43:18
     430 | 2026-09-18 20:42:19
      81 | 2026-09-18 20:41:20
     490 | 2026-09-18 20:36:39
     141 | 2026-09-18 20:35:40
     792 | 2026-09-18 20:34:41
     201 | 2026-09-18 20:30:00
     852 | 2026-09-18 20:29:01
     503 | 2026-09-18 20:28:02
     154 | 2026-09-18 20:27:03
     912 | 2026-09-18 20:23:21
     563 | 2026-09-18 20:22:22
     214 | 2026-09-18 20:21:23
     865 | 2026-09-18 20:20:24
     623 | 2026-09-18 20:16:42
     274 | 2026-09-18 20:15:43
     925 | 2026-09-18 20:14:44
     576 | 2026-09-18 20:13:45
     334 | 2026-09-18 20:10:03
     985 | 2026-09-18 20:09:04
     636 | 2026-09-18 20:08:05
     287 | 2026-09-18 20:07:06
      45 | 2026-09-18 20:03:24
     696 | 2026-09-18 20:02:25
     347 | 2026-09-18 20:01:26
     998 | 2026-09-18 20:00:27
     756 | 2026-09-18 19:56:45
     407 | 2026-09-18 19:55:46
      58 | 2026-09-18 19:54:47
     709 | 2026-09-18 19:53:48
     467 | 2026-09-18 19:50:06
     118 | 2026-09-18 19:49:07
     769 | 2026-09-18 19:48:08
     420 | 2026-09-18 19:47:09
     178 | 2026-09-18 19:43:27
     829 | 2026-09-18 19:42:28
     480 | 2026-09-18 19:41:29
     131 | 2026-09-18 19:40:30
     540 | 2026-09-18 19:35:49
     191 | 2026-09-18 19:34:50
     842 | 2026-09-18 19:33:51
     251 | 2026-09-18 19:29:10
     902 | 2026-09-18 19:28:11
     553 | 2026-09-18 19:27:12
     962 | 2026-09-18 19:22:31
     613 | 2026-09-18 19:21:32
     264 | 2026-09-18 19:20:33
     673 | 2026-09-18 19:15:52
     324 | 2026-09-18 19:14:53
     975 | 2026-09-18 19:13:54
     384 | 2026-09-18 19:09:13
      35 | 2026-09-18 19:08:14
     686 | 2026-09-18 19:07:15
      95 | 2026-09-18 19:02:34
     746 | 2026-09-18 19:01:35
     397 | 2026-09-18 19:00:36
     806 | 2026-09-18 18:55:55
     457 | 2026-09-18 18:54:56
     108 | 2026-09-18 18:53:57
     517 | 2026-09-18 18:49:16
     168 | 2026-09-18 18:48:17
     819 | 2026-09-18 18:47:18
     228 | 2026-09-18 18:42:37
     879 | 2026-09-18 18:41:38
     530 | 2026-09-18 18:40:39
     939 | 2026-09-18 18:35:58
     590 | 2026-09-18 18:34:59
     241 | 2026-09-18 18:34:00
     650 | 2026-09-18 18:29:19
     301 | 2026-09-18 18:28:20
     952 | 2026-09-18 18:27:21
     361 | 2026-09-18 18:22:40
      12 | 2026-09-18 18:21:41
     663 | 2026-09-18 18:20:42
      72 | 2026-09-18 18:16:01
     723 | 2026-09-18 18:15:02
     374 | 2026-09-18 18:14:03
     783 | 2026-09-18 18:09:22
     434 | 2026-09-18 18:08:23
      85 | 2026-09-18 18:07:24
     494 | 2026-09-18 18:02:43
     145 | 2026-09-18 18:01:44
     796 | 2026-09-18 18:00:45
     205 | 2026-09-18 17:56:04
     856 | 2026-09-18 17:55:05
     507 | 2026-09-18 17:54:06
     916 | 2026-09-18 17:49:25
     567 | 2026-09-18 17:48:26
     218 | 2026-09-18 17:47:27
     627 | 2026-09-18 17:42:46
     278 | 2026-09-18 17:41:47
     929 | 2026-09-18 17:40:48
     338 | 2026-09-18 17:36:07
     989 | 2026-09-18 17:35:08
     640 | 2026-09-18 17:34:09
     291 | 2026-09-18 17:33:10
      49 | 2026-09-18 17:29:28
     700 | 2026-09-18 17:28:29
     351 | 2026-09-18 17:27:30
       2 | 2026-09-18 17:26:31
     760 | 2026-09-18 17:22:49
     411 | 2026-09-18 17:21:50
      62 | 2026-09-18 17:20:51
     713 | 2026-09-18 17:19:52
     471 | 2026-09-18 17:16:10
     122 | 2026-09-18 17:15:11
     773 | 2026-09-18 17:14:12
     424 | 2026-09-18 17:13:13
     182 | 2026-09-18 17:09:31
     833 | 2026-09-18 17:08:32
     484 | 2026-09-18 17:07:33
     135 | 2026-09-18 17:06:34
     893 | 2026-09-18 17:02:52
     544 | 2026-09-18 17:01:53
     195 | 2026-09-18 17:00:54
     846 | 2026-09-18 16:59:55
     604 | 2026-09-18 16:56:13
     255 | 2026-09-18 16:55:14
     906 | 2026-09-18 16:54:15
     557 | 2026-09-18 16:53:16
     315 | 2026-09-18 16:49:34
     966 | 2026-09-18 16:48:35
     617 | 2026-09-18 16:47:36
     268 | 2026-09-18 16:46:37
     677 | 2026-09-18 16:41:56
     328 | 2026-09-18 16:40:57
     979 | 2026-09-18 16:39:58
     388 | 2026-09-18 16:35:17
      39 | 2026-09-18 16:34:18
     690 | 2026-09-18 16:33:19
      99 | 2026-09-18 16:28:38
     750 | 2026-09-18 16:27:39
     401 | 2026-09-18 16:26:40
     810 | 2026-09-18 16:21:59
     461 | 2026-09-18 16:21:00
     112 | 2026-09-18 16:20:01
     521 | 2026-09-18 16:15:20
     172 | 2026-09-18 16:14:21
     823 | 2026-09-18 16:13:22
     232 | 2026-09-18 16:08:41
     883 | 2026-09-18 16:07:42
     534 | 2026-09-18 16:06:43
     943 | 2026-09-18 16:02:02
     594 | 2026-09-18 16:01:03
     245 | 2026-09-18 16:00:04
     654 | 2026-09-18 15:55:23
     305 | 2026-09-18 15:54:24
     956 | 2026-09-18 15:53:25
     365 | 2026-09-18 15:48:44
      16 | 2026-09-18 15:47:45
     667 | 2026-09-18 15:46:46
      76 | 2026-09-18 15:42:05
     727 | 2026-09-18 15:41:06
     378 | 2026-09-18 15:40:07
     787 | 2026-09-18 15:35:26
     438 | 2026-09-18 15:34:27
      89 | 2026-09-18 15:33:28
     498 | 2026-09-18 15:28:47
     149 | 2026-09-18 15:27:48
     800 | 2026-09-18 15:26:49
     209 | 2026-09-18 15:22:08
     860 | 2026-09-18 15:21:09
     511 | 2026-09-18 15:20:10
     920 | 2026-09-18 15:15:29
     571 | 2026-09-18 15:14:30
     222 | 2026-09-18 15:13:31
     631 | 2026-09-18 15:08:50
     282 | 2026-09-18 15:07:51
     933 | 2026-09-18 15:06:52
     342 | 2026-09-18 15:02:11
     993 | 2026-09-18 15:01:12
     644 | 2026-09-18 15:00:13
      53 | 2026-09-18 14:55:32
     704 | 2026-09-18 14:54:33
     355 | 2026-09-18 14:53:34
     764 | 2026-09-18 14:48:53
     415 | 2026-09-18 14:47:54
      66 | 2026-09-18 14:46:55
     475 | 2026-09-18 14:42:14
     126 | 2026-09-18 14:41:15
     777 | 2026-09-18 14:40:16
     428 | 2026-09-18 14:39:17
     186 | 2026-09-18 14:35:35
     837 | 2026-09-18 14:34:36
     488 | 2026-09-18 14:33:37
     139 | 2026-09-18 14:32:38
     897 | 2026-09-18 14:28:56
     548 | 2026-09-18 14:27:57
     199 | 2026-09-18 14:26:58
     850 | 2026-09-18 14:25:59
     608 | 2026-09-18 14:22:17
     259 | 2026-09-18 14:21:18
     910 | 2026-09-18 14:20:19
     561 | 2026-09-18 14:19:20
     319 | 2026-09-18 14:15:38
     970 | 2026-09-18 14:14:39
     621 | 2026-09-18 14:13:40
     272 | 2026-09-18 14:12:41
      30 | 2026-09-18 14:08:59
     681 | 2026-09-18 14:08:00
     332 | 2026-09-18 14:07:01
     983 | 2026-09-18 14:06:02
     741 | 2026-09-18 14:02:20
     392 | 2026-09-18 14:01:21
      43 | 2026-09-18 14:00:22
     694 | 2026-09-18 13:59:23
     452 | 2026-09-18 13:55:41
     103 | 2026-09-18 13:54:42
     754 | 2026-09-18 13:53:43
     405 | 2026-09-18 13:52:44
     814 | 2026-09-18 13:48:03
     465 | 2026-09-18 13:47:04
     116 | 2026-09-18 13:46:05
     525 | 2026-09-18 13:41:24
     176 | 2026-09-18 13:40:25
     827 | 2026-09-18 13:39:26
     236 | 2026-09-18 13:34:45
     887 | 2026-09-18 13:33:46
     538 | 2026-09-18 13:32:47
     947 | 2026-09-18 13:28:06
     598 | 2026-09-18 13:27:07
     249 | 2026-09-18 13:26:08
     658 | 2026-09-18 13:21:27
     309 | 2026-09-18 13:20:28
     960 | 2026-09-18 13:19:29
     369 | 2026-09-18 13:14:48
      20 | 2026-09-18 13:13:49
     671 | 2026-09-18 13:12:50
      80 | 2026-09-18 13:08:09
     731 | 2026-09-18 13:07:10
     382 | 2026-09-18 13:06:11
     791 | 2026-09-18 13:01:30
     442 | 2026-09-18 13:00:31
      93 | 2026-09-18 12:59:32
     502 | 2026-09-18 12:54:51
     153 | 2026-09-18 12:53:52
     804 | 2026-09-18 12:52:53
     213 | 2026-09-18 12:48:12
     864 | 2026-09-18 12:47:13
     515 | 2026-09-18 12:46:14
     924 | 2026-09-18 12:41:33
     575 | 2026-09-18 12:40:34
     226 | 2026-09-18 12:39:35
     635 | 2026-09-18 12:34:54
     286 | 2026-09-18 12:33:55
     937 | 2026-09-18 12:32:56
     346 | 2026-09-18 12:28:15
     997 | 2026-09-18 12:27:16
     648 | 2026-09-18 12:26:17
      57 | 2026-09-18 12:21:36
     708 | 2026-09-18 12:20:37
     359 | 2026-09-18 12:19:38
     768 | 2026-09-18 12:14:57
     419 | 2026-09-18 12:13:58
      70 | 2026-09-18 12:12:59
     479 | 2026-09-18 12:08:18
     130 | 2026-09-18 12:07:19
     781 | 2026-09-18 12:06:20
     190 | 2026-09-18 12:01:39
     841 | 2026-09-18 12:00:40
     492 | 2026-09-18 11:59:41
     901 | 2026-09-18 11:55:00
     552 | 2026-09-18 11:54:01
     203 | 2026-09-18 11:53:02
     612 | 2026-09-18 11:48:21
     263 | 2026-09-18 11:47:22
     914 | 2026-09-18 11:46:23
     565 | 2026-09-18 11:45:24
     323 | 2026-09-18 11:41:42
     974 | 2026-09-18 11:40:43
     625 | 2026-09-18 11:39:44
     276 | 2026-09-18 11:38:45
      34 | 2026-09-18 11:35:03
     685 | 2026-09-18 11:34:04
     336 | 2026-09-18 11:33:05
     987 | 2026-09-18 11:32:06
     745 | 2026-09-18 11:28:24
     396 | 2026-09-18 11:27:25
      47 | 2026-09-18 11:26:26
     698 | 2026-09-18 11:25:27
     456 | 2026-09-18 11:21:45
     107 | 2026-09-18 11:20:46
     758 | 2026-09-18 11:19:47
     409 | 2026-09-18 11:18:48
     167 | 2026-09-18 11:15:06
     818 | 2026-09-18 11:14:07
     469 | 2026-09-18 11:13:08
     120 | 2026-09-18 11:12:09
     878 | 2026-09-18 11:08:27
     529 | 2026-09-18 11:07:28
     180 | 2026-09-18 11:06:29
     831 | 2026-09-18 11:05:30
     589 | 2026-09-18 11:01:48
     240 | 2026-09-18 11:00:49
     891 | 2026-09-18 10:59:50
     542 | 2026-09-18 10:58:51
     300 | 2026-09-18 10:55:09
     951 | 2026-09-18 10:54:10
     602 | 2026-09-18 10:53:11
     253 | 2026-09-18 10:52:12
     662 | 2026-09-18 10:47:31
     313 | 2026-09-18 10:46:32
     964 | 2026-09-18 10:45:33
     373 | 2026-09-18 10:40:52
      24 | 2026-09-18 10:39:53
     675 | 2026-09-18 10:38:54
      84 | 2026-09-18 10:34:13
     735 | 2026-09-18 10:33:14
     386 | 2026-09-18 10:32:15
     795 | 2026-09-18 10:27:34
     446 | 2026-09-18 10:26:35
      97 | 2026-09-18 10:25:36
     506 | 2026-09-18 10:20:55
     157 | 2026-09-18 10:19:56
     808 | 2026-09-18 10:18:57
     217 | 2026-09-18 10:14:16
     868 | 2026-09-18 10:13:17
     519 | 2026-09-18 10:12:18
     928 | 2026-09-18 10:07:37
     579 | 2026-09-18 10:06:38
     230 | 2026-09-18 10:05:39
     639 | 2026-09-18 10:00:58
     290 | 2026-09-18 09:59:59
     941 | 2026-09-18 09:59:00
     350 | 2026-09-18 09:54:19
       1 | 2026-09-18 09:53:20
     652 | 2026-09-18 09:52:21
      61 | 2026-09-18 09:47:40
     712 | 2026-09-18 09:46:41
     363 | 2026-09-18 09:45:42
     772 | 2026-09-18 09:41:01
     423 | 2026-09-18 09:40:02
      74 | 2026-09-18 09:39:03
     483 | 2026-09-18 09:34:22
     134 | 2026-09-18 09:33:23
     785 | 2026-09-18 09:32:24
     194 | 2026-09-18 09:27:43
     845 | 2026-09-18 09:26:44
     496 | 2026-09-18 09:25:45
     905 | 2026-09-18 09:21:04
     556 | 2026-09-18 09:20:05
     207 | 2026-09-18 09:19:06
     616 | 2026-09-18 09:14:25
     267 | 2026-09-18 09:13:26
     918 | 2026-09-18 09:12:27
     327 | 2026-09-18 09:07:46
     978 | 2026-09-18 09:06:47
     629 | 2026-09-18 09:05:48
      38 | 2026-09-18 09:01:07
     689 | 2026-09-18 09:00:08
     340 | 2026-09-18 08:59:09
     749 | 2026-09-18 08:54:28
     400 | 2026-09-18 08:53:29
      51 | 2026-09-18 08:52:30
     702 | 2026-09-18 08:51:31
     460 | 2026-09-18 08:47:49
     111 | 2026-09-18 08:46:50
     762 | 2026-09-18 08:45:51
     413 | 2026-09-18 08:44:52
     171 | 2026-09-18 08:41:10
     822 | 2026-09-18 08:40:11
     473 | 2026-09-18 08:39:12
     124 | 2026-09-18 08:38:13
     882 | 2026-09-18 08:34:31
     533 | 2026-09-18 08:33:32
     184 | 2026-09-18 08:32:33
     835 | 2026-09-18 08:31:34
     593 | 2026-09-18 08:27:52
     244 | 2026-09-18 08:26:53
     895 | 2026-09-18 08:25:54
     546 | 2026-09-18 08:24:55
     304 | 2026-09-18 08:21:13
     955 | 2026-09-18 08:20:14
     606 | 2026-09-18 08:19:15
     257 | 2026-09-18 08:18:16
      15 | 2026-09-18 08:14:34
     666 | 2026-09-18 08:13:35
     317 | 2026-09-18 08:12:36
     968 | 2026-09-18 08:11:37
     726 | 2026-09-18 08:07:55
     377 | 2026-09-18 08:06:56
      28 | 2026-09-18 08:05:57
     679 | 2026-09-18 08:04:58
     437 | 2026-09-18 08:01:16
      88 | 2026-09-18 08:00:17
     739 | 2026-09-18 07:59:18
     390 | 2026-09-18 07:58:19
     799 | 2026-09-18 07:53:38
     450 | 2026-09-18 07:52:39
     101 | 2026-09-18 07:51:40
     510 | 2026-09-18 07:46:59
     161 | 2026-09-18 07:46:00
     812 | 2026-09-18 07:45:01
     221 | 2026-09-18 07:40:20
     872 | 2026-09-18 07:39:21
     523 | 2026-09-18 07:38:22
     932 | 2026-09-18 07:33:41
     583 | 2026-09-18 07:32:42
     234 | 2026-09-18 07:31:43
     643 | 2026-09-18 07:27:02
     294 | 2026-09-18 07:26:03
     945 | 2026-09-18 07:25:04
     354 | 2026-09-18 07:20:23
       5 | 2026-09-18 07:19:24
     656 | 2026-09-18 07:18:25
      65 | 2026-09-18 07:13:44
     716 | 2026-09-18 07:12:45
     367 | 2026-09-18 07:11:46
     776 | 2026-09-18 07:07:05
     427 | 2026-09-18 07:06:06
      78 | 2026-09-18 07:05:07
     487 | 2026-09-18 07:00:26
     138 | 2026-09-18 06:59:27
     789 | 2026-09-18 06:58:28
     198 | 2026-09-18 06:53:47
     849 | 2026-09-18 06:52:48
     500 | 2026-09-18 06:51:49
     909 | 2026-09-18 06:47:08
     560 | 2026-09-18 06:46:09
     211 | 2026-09-18 06:45:10
     620 | 2026-09-18 06:40:29
     271 | 2026-09-18 06:39:30
     922 | 2026-09-18 06:38:31
     331 | 2026-09-18 06:33:50
     982 | 2026-09-18 06:32:51
     633 | 2026-09-18 06:31:52
      42 | 2026-09-18 06:27:11
     693 | 2026-09-18 06:26:12
     344 | 2026-09-18 06:25:13
     753 | 2026-09-18 06:20:32
     404 | 2026-09-18 06:19:33
      55 | 2026-09-18 06:18:34
     464 | 2026-09-18 06:13:53
     115 | 2026-09-18 06:12:54
     766 | 2026-09-18 06:11:55
     175 | 2026-09-18 06:07:14
     826 | 2026-09-18 06:06:15
     477 | 2026-09-18 06:05:16
     886 | 2026-09-18 06:00:35
     537 | 2026-09-18 05:59:36
     188 | 2026-09-18 05:58:37
     597 | 2026-09-18 05:53:56
     248 | 2026-09-18 05:52:57
     899 | 2026-09-18 05:51:58
     550 | 2026-09-18 05:50:59
     308 | 2026-09-18 05:47:17
     959 | 2026-09-18 05:46:18
     610 | 2026-09-18 05:45:19
     261 | 2026-09-18 05:44:20
      19 | 2026-09-18 05:40:38
     670 | 2026-09-18 05:39:39
     321 | 2026-09-18 05:38:40
     972 | 2026-09-18 05:37:41
     730 | 2026-09-18 05:33:59
     381 | 2026-09-18 05:33:00
      32 | 2026-09-18 05:32:01
     683 | 2026-09-18 05:31:02
     441 | 2026-09-18 05:27:20
      92 | 2026-09-18 05:26:21
     743 | 2026-09-18 05:25:22
     394 | 2026-09-18 05:24:23
     152 | 2026-09-18 05:20:41
     803 | 2026-09-18 05:19:42
     454 | 2026-09-18 05:18:43
     105 | 2026-09-18 05:17:44
     863 | 2026-09-18 05:14:02
     514 | 2026-09-18 05:13:03
     165 | 2026-09-18 05:12:04
     816 | 2026-09-18 05:11:05
     574 | 2026-09-18 05:07:23
     225 | 2026-09-18 05:06:24
     876 | 2026-09-18 05:05:25
     527 | 2026-09-18 05:04:26
     936 | 2026-09-18 04:59:45
     587 | 2026-09-18 04:58:46
     238 | 2026-09-18 04:57:47
     647 | 2026-09-18 04:53:06
     298 | 2026-09-18 04:52:07
     949 | 2026-09-18 04:51:08
     358 | 2026-09-18 04:46:27
       9 | 2026-09-18 04:45:28
     660 | 2026-09-18 04:44:29
      69 | 2026-09-18 04:39:48
     720 | 2026-09-18 04:38:49
     371 | 2026-09-18 04:37:50
     780 | 2026-09-18 04:33:09
     431 | 2026-09-18 04:32:10
      82 | 2026-09-18 04:31:11
     491 | 2026-09-18 04:26:30
     142 | 2026-09-18 04:25:31
     793 | 2026-09-18 04:24:32
     202 | 2026-09-18 04:19:51
     853 | 2026-09-18 04:18:52
     504 | 2026-09-18 04:17:53
     913 | 2026-09-18 04:13:12
     564 | 2026-09-18 04:12:13
     215 | 2026-09-18 04:11:14
     624 | 2026-09-18 04:06:33
     275 | 2026-09-18 04:05:34
     926 | 2026-09-18 04:04:35
     335 | 2026-09-18 03:59:54
     986 | 2026-09-18 03:58:55
     637 | 2026-09-18 03:57:56
      46 | 2026-09-18 03:53:15
     697 | 2026-09-18 03:52:16
     348 | 2026-09-18 03:51:17
     757 | 2026-09-18 03:46:36
     408 | 2026-09-18 03:45:37
      59 | 2026-09-18 03:44:38
     468 | 2026-09-18 03:39:57
     119 | 2026-09-18 03:38:58
     770 | 2026-09-18 03:37:59
     179 | 2026-09-18 03:33:18
     830 | 2026-09-18 03:32:19
     481 | 2026-09-18 03:31:20
     890 | 2026-09-18 03:26:39
     541 | 2026-09-18 03:25:40
     192 | 2026-09-18 03:24:41
     601 | 2026-09-18 03:20:00
     252 | 2026-09-18 03:19:01
     903 | 2026-09-18 03:18:02
     312 | 2026-09-18 03:13:21
     963 | 2026-09-18 03:12:22
     614 | 2026-09-18 03:11:23
      23 | 2026-09-18 03:06:42
     674 | 2026-09-18 03:05:43
     325 | 2026-09-18 03:04:44
     734 | 2026-09-18 03:00:03
     385 | 2026-09-18 02:59:04
      36 | 2026-09-18 02:58:05
     687 | 2026-09-18 02:57:06
     445 | 2026-09-18 02:53:24
      96 | 2026-09-18 02:52:25
     747 | 2026-09-18 02:51:26
     398 | 2026-09-18 02:50:27
     156 | 2026-09-18 02:46:45
     807 | 2026-09-18 02:45:46
     458 | 2026-09-18 02:44:47
     109 | 2026-09-18 02:43:48
     867 | 2026-09-18 02:40:06
     518 | 2026-09-18 02:39:07
     169 | 2026-09-18 02:38:08
     820 | 2026-09-18 02:37:09
     578 | 2026-09-18 02:33:27
     229 | 2026-09-18 02:32:28
     880 | 2026-09-18 02:31:29
     531 | 2026-09-18 02:30:30
     289 | 2026-09-18 02:26:48
     940 | 2026-09-18 02:25:49
     591 | 2026-09-18 02:24:50
     242 | 2026-09-18 02:23:51
    1000 | 2026-09-18 02:20:09
     651 | 2026-09-18 02:19:10
     302 | 2026-09-18 02:18:11
     953 | 2026-09-18 02:17:12
     711 | 2026-09-18 02:13:30
     362 | 2026-09-18 02:12:31
      13 | 2026-09-18 02:11:32
     664 | 2026-09-18 02:10:33
      73 | 2026-09-18 02:05:52
     724 | 2026-09-18 02:04:53
     375 | 2026-09-18 02:03:54
     784 | 2026-09-18 01:59:13
     435 | 2026-09-18 01:58:14
      86 | 2026-09-18 01:57:15
     495 | 2026-09-18 01:52:34
     146 | 2026-09-18 01:51:35
     797 | 2026-09-18 01:50:36
     206 | 2026-09-18 01:45:55
     857 | 2026-09-18 01:44:56
     508 | 2026-09-18 01:43:57
     917 | 2026-09-18 01:39:16
     568 | 2026-09-18 01:38:17
     219 | 2026-09-18 01:37:18
     628 | 2026-09-18 01:32:37
     279 | 2026-09-18 01:31:38
     930 | 2026-09-18 01:30:39
     339 | 2026-09-18 01:25:58
     990 | 2026-09-18 01:24:59
     641 | 2026-09-18 01:24:00
      50 | 2026-09-18 01:19:19
     701 | 2026-09-18 01:18:20
     352 | 2026-09-18 01:17:21
     761 | 2026-09-18 01:12:40
     412 | 2026-09-18 01:11:41
      63 | 2026-09-18 01:10:42
     472 | 2026-09-18 01:06:01
     123 | 2026-09-18 01:05:02
     774 | 2026-09-18 01:04:03
     183 | 2026-09-18 00:59:22
     834 | 2026-09-18 00:58:23
     485 | 2026-09-18 00:57:24
     894 | 2026-09-18 00:52:43
     545 | 2026-09-18 00:51:44
     196 | 2026-09-18 00:50:45
     605 | 2026-09-18 00:46:04
     256 | 2026-09-18 00:45:05
     907 | 2026-09-18 00:44:06
     316 | 2026-09-18 00:39:25
     967 | 2026-09-18 00:38:26
     618 | 2026-09-18 00:37:27
      27 | 2026-09-18 00:32:46
     678 | 2026-09-18 00:31:47
     329 | 2026-09-18 00:30:48
     738 | 2026-09-18 00:26:07
     389 | 2026-09-18 00:25:08
      40 | 2026-09-18 00:24:09
     449 | 2026-09-18 00:19:28
     100 | 2026-09-18 00:18:29
     751 | 2026-09-18 00:17:30
     160 | 2026-09-18 00:12:49
     811 | 2026-09-18 00:11:50
     462 | 2026-09-18 00:10:51
     871 | 2026-09-18 00:06:10
     522 | 2026-09-18 00:05:11
     173 | 2026-09-18 00:04:12
     824 | 2026-09-18 00:03:13
     582 | 2026-09-17 23:59:31
     233 | 2026-09-17 23:58:32
     884 | 2026-09-17 23:57:33
     535 | 2026-09-17 23:56:34
     293 | 2026-09-17 23:52:52
     944 | 2026-09-17 23:51:53
     595 | 2026-09-17 23:50:54
     246 | 2026-09-17 23:49:55
       4 | 2026-09-17 23:46:13
     655 | 2026-09-17 23:45:14
     306 | 2026-09-17 23:44:15
     957 | 2026-09-17 23:43:16
     715 | 2026-09-17 23:39:34
     366 | 2026-09-17 23:38:35
      17 | 2026-09-17 23:37:36
     668 | 2026-09-17 23:36:37
     426 | 2026-09-17 23:32:55
      77 | 2026-09-17 23:31:56
     728 | 2026-09-17 23:30:57
     379 | 2026-09-17 23:29:58
     137 | 2026-09-17 23:26:16
     788 | 2026-09-17 23:25:17
     439 | 2026-09-17 23:24:18
      90 | 2026-09-17 23:23:19
     848 | 2026-09-17 23:19:37
     499 | 2026-09-17 23:18:38
     150 | 2026-09-17 23:17:39
     801 | 2026-09-17 23:16:40
     210 | 2026-09-17 23:11:59
     861 | 2026-09-17 23:11:00
     512 | 2026-09-17 23:10:01
     921 | 2026-09-17 23:05:20
     572 | 2026-09-17 23:04:21
     223 | 2026-09-17 23:03:22
     632 | 2026-09-17 22:58:41
     283 | 2026-09-17 22:57:42
     934 | 2026-09-17 22:56:43
     343 | 2026-09-17 22:52:02
     994 | 2026-09-17 22:51:03
     645 | 2026-09-17 22:50:04
      54 | 2026-09-17 22:45:23
     705 | 2026-09-17 22:44:24
     356 | 2026-09-17 22:43:25
     765 | 2026-09-17 22:38:44
     416 | 2026-09-17 22:37:45
      67 | 2026-09-17 22:36:46
     476 | 2026-09-17 22:32:05
     127 | 2026-09-17 22:31:06
     778 | 2026-09-17 22:30:07
     187 | 2026-09-17 22:25:26
     838 | 2026-09-17 22:24:27
     489 | 2026-09-17 22:23:28
     898 | 2026-09-17 22:18:47
     549 | 2026-09-17 22:17:48
     200 | 2026-09-17 22:16:49
     609 | 2026-09-17 22:12:08
     260 | 2026-09-17 22:11:09
     911 | 2026-09-17 22:10:10
     320 | 2026-09-17 22:05:29
     971 | 2026-09-17 22:04:30
     622 | 2026-09-17 22:03:31
      31 | 2026-09-17 21:58:50
     682 | 2026-09-17 21:57:51
     333 | 2026-09-17 21:56:52
     742 | 2026-09-17 21:52:11
     393 | 2026-09-17 21:51:12
      44 | 2026-09-17 21:50:13
     453 | 2026-09-17 21:45:32
     104 | 2026-09-17 21:44:33
     755 | 2026-09-17 21:43:34
     164 | 2026-09-17 21:38:53
     815 | 2026-09-17 21:37:54
     466 | 2026-09-17 21:36:55
     875 | 2026-09-17 21:32:14
     526 | 2026-09-17 21:31:15
     177 | 2026-09-17 21:30:16
     586 | 2026-09-17 21:25:35
     237 | 2026-09-17 21:24:36
     888 | 2026-09-17 21:23:37
     297 | 2026-09-17 21:18:56
     948 | 2026-09-17 21:17:57
     599 | 2026-09-17 21:16:58
       8 | 2026-09-17 21:12:17
     659 | 2026-09-17 21:11:18
     310 | 2026-09-17 21:10:19
     961 | 2026-09-17 21:09:20
     719 | 2026-09-17 21:05:38
     370 | 2026-09-17 21:04:39
      21 | 2026-09-17 21:03:40
     672 | 2026-09-17 21:02:41
     430 | 2026-09-17 20:58:59
      81 | 2026-09-17 20:58:00
     732 | 2026-09-17 20:57:01
     383 | 2026-09-17 20:56:02
     141 | 2026-09-17 20:52:20
     792 | 2026-09-17 20:51:21
     443 | 2026-09-17 20:50:22
      94 | 2026-09-17 20:49:23
     852 | 2026-09-17 20:45:41
     503 | 2026-09-17 20:44:42
     154 | 2026-09-17 20:43:43
     805 | 2026-09-17 20:42:44
     563 | 2026-09-17 20:39:02
     214 | 2026-09-17 20:38:03
     865 | 2026-09-17 20:37:04
     516 | 2026-09-17 20:36:05
     274 | 2026-09-17 20:32:23
     925 | 2026-09-17 20:31:24
     576 | 2026-09-17 20:30:25
     227 | 2026-09-17 20:29:26
     985 | 2026-09-17 20:25:44
     636 | 2026-09-17 20:24:45
     287 | 2026-09-17 20:23:46
     938 | 2026-09-17 20:22:47
     347 | 2026-09-17 20:18:06
     998 | 2026-09-17 20:17:07
     649 | 2026-09-17 20:16:08
      58 | 2026-09-17 20:11:27
     709 | 2026-09-17 20:10:28
     360 | 2026-09-17 20:09:29
     769 | 2026-09-17 20:04:48
     420 | 2026-09-17 20:03:49
      71 | 2026-09-17 20:02:50
     480 | 2026-09-17 19:58:09
     131 | 2026-09-17 19:57:10
     782 | 2026-09-17 19:56:11
     191 | 2026-09-17 19:51:30
     842 | 2026-09-17 19:50:31
     493 | 2026-09-17 19:49:32
     902 | 2026-09-17 19:44:51
     553 | 2026-09-17 19:43:52
     204 | 2026-09-17 19:42:53
     613 | 2026-09-17 19:38:12
     264 | 2026-09-17 19:37:13
     915 | 2026-09-17 19:36:14
     324 | 2026-09-17 19:31:33
     975 | 2026-09-17 19:30:34
     626 | 2026-09-17 19:29:35
      35 | 2026-09-17 19:24:54
     686 | 2026-09-17 19:23:55
     337 | 2026-09-17 19:22:56
     746 | 2026-09-17 19:18:15
     397 | 2026-09-17 19:17:16
      48 | 2026-09-17 19:16:17
     457 | 2026-09-17 19:11:36
     108 | 2026-09-17 19:10:37
     759 | 2026-09-17 19:09:38
     168 | 2026-09-17 19:04:57
     819 | 2026-09-17 19:03:58
     470 | 2026-09-17 19:02:59
     879 | 2026-09-17 18:58:18
     530 | 2026-09-17 18:57:19
     181 | 2026-09-17 18:56:20
     590 | 2026-09-17 18:51:39
     241 | 2026-09-17 18:50:40
     892 | 2026-09-17 18:49:41
     301 | 2026-09-17 18:45:00
     952 | 2026-09-17 18:44:01
     603 | 2026-09-17 18:43:02
      12 | 2026-09-17 18:38:21
     663 | 2026-09-17 18:37:22
     314 | 2026-09-17 18:36:23
     723 | 2026-09-17 18:31:42
     374 | 2026-09-17 18:30:43
      25 | 2026-09-17 18:29:44
     434 | 2026-09-17 18:25:03
      85 | 2026-09-17 18:24:04
     736 | 2026-09-17 18:23:05
     145 | 2026-09-17 18:18:24
     796 | 2026-09-17 18:17:25
     447 | 2026-09-17 18:16:26
      98 | 2026-09-17 18:15:27
     856 | 2026-09-17 18:11:45
     507 | 2026-09-17 18:10:46
     158 | 2026-09-17 18:09:47
     809 | 2026-09-17 18:08:48
     567 | 2026-09-17 18:05:06
     218 | 2026-09-17 18:04:07
     869 | 2026-09-17 18:03:08
     520 | 2026-09-17 18:02:09
     278 | 2026-09-17 17:58:27
     929 | 2026-09-17 17:57:28
     580 | 2026-09-17 17:56:29
     231 | 2026-09-17 17:55:30
     989 | 2026-09-17 17:51:48
     640 | 2026-09-17 17:50:49
     291 | 2026-09-17 17:49:50
     942 | 2026-09-17 17:48:51
     700 | 2026-09-17 17:45:09
     351 | 2026-09-17 17:44:10
       2 | 2026-09-17 17:43:11
     653 | 2026-09-17 17:42:12
     411 | 2026-09-17 17:38:30
      62 | 2026-09-17 17:37:31
     713 | 2026-09-17 17:36:32
     364 | 2026-09-17 17:35:33
     122 | 2026-09-17 17:31:51
     773 | 2026-09-17 17:30:52
     424 | 2026-09-17 17:29:53
      75 | 2026-09-17 17:28:54
     484 | 2026-09-17 17:24:13
     135 | 2026-09-17 17:23:14
     786 | 2026-09-17 17:22:15
     195 | 2026-09-17 17:17:34
     846 | 2026-09-17 17:16:35
     497 | 2026-09-17 17:15:36
     906 | 2026-09-17 17:10:55
     557 | 2026-09-17 17:09:56
     208 | 2026-09-17 17:08:57
     617 | 2026-09-17 17:04:16
     268 | 2026-09-17 17:03:17
     919 | 2026-09-17 17:02:18
     328 | 2026-09-17 16:57:37
     979 | 2026-09-17 16:56:38
     630 | 2026-09-17 16:55:39
      39 | 2026-09-17 16:50:58
     690 | 2026-09-17 16:49:59
     341 | 2026-09-17 16:49:00
     750 | 2026-09-17 16:44:19
     401 | 2026-09-17 16:43:20
      52 | 2026-09-17 16:42:21
     461 | 2026-09-17 16:37:40
     112 | 2026-09-17 16:36:41
     763 | 2026-09-17 16:35:42
     172 | 2026-09-17 16:31:01
     823 | 2026-09-17 16:30:02
     474 | 2026-09-17 16:29:03
     883 | 2026-09-17 16:24:22
     534 | 2026-09-17 16:23:23
     185 | 2026-09-17 16:22:24
     594 | 2026-09-17 16:17:43
     245 | 2026-09-17 16:16:44
     896 | 2026-09-17 16:15:45
     305 | 2026-09-17 16:11:04
     956 | 2026-09-17 16:10:05
     607 | 2026-09-17 16:09:06
      16 | 2026-09-17 16:04:25
     667 | 2026-09-17 16:03:26
     318 | 2026-09-17 16:02:27
     727 | 2026-09-17 15:57:46
     378 | 2026-09-17 15:56:47
      29 | 2026-09-17 15:55:48
     438 | 2026-09-17 15:51:07
      89 | 2026-09-17 15:50:08
     740 | 2026-09-17 15:49:09
     149 | 2026-09-17 15:44:28
     800 | 2026-09-17 15:43:29
     451 | 2026-09-17 15:42:30
     860 | 2026-09-17 15:37:49
     511 | 2026-09-17 15:36:50
     162 | 2026-09-17 15:35:51
     571 | 2026-09-17 15:31:10
     222 | 2026-09-17 15:30:11
     873 | 2026-09-17 15:29:12
     282 | 2026-09-17 15:24:31
     933 | 2026-09-17 15:23:32
     584 | 2026-09-17 15:22:33
     235 | 2026-09-17 15:21:34
     993 | 2026-09-17 15:17:52
     644 | 2026-09-17 15:16:53
     295 | 2026-09-17 15:15:54
     946 | 2026-09-17 15:14:55
     704 | 2026-09-17 15:11:13
     355 | 2026-09-17 15:10:14
       6 | 2026-09-17 15:09:15
     657 | 2026-09-17 15:08:16
     415 | 2026-09-17 15:04:34
      66 | 2026-09-17 15:03:35
     717 | 2026-09-17 15:02:36
     368 | 2026-09-17 15:01:37
     126 | 2026-09-17 14:57:55
     777 | 2026-09-17 14:56:56
     428 | 2026-09-17 14:55:57
      79 | 2026-09-17 14:54:58
     837 | 2026-09-17 14:51:16
     488 | 2026-09-17 14:50:17
     139 | 2026-09-17 14:49:18
     790 | 2026-09-17 14:48:19
     548 | 2026-09-17 14:44:37
     199 | 2026-09-17 14:43:38
     850 | 2026-09-17 14:42:39
     501 | 2026-09-17 14:41:40
     259 | 2026-09-17 14:37:58
     910 | 2026-09-17 14:36:59
     561 | 2026-09-17 14:36:00
     212 | 2026-09-17 14:35:01
     621 | 2026-09-17 14:30:20
     272 | 2026-09-17 14:29:21
     923 | 2026-09-17 14:28:22
     332 | 2026-09-17 14:23:41
     983 | 2026-09-17 14:22:42
     634 | 2026-09-17 14:21:43
      43 | 2026-09-17 14:17:02
     694 | 2026-09-17 14:16:03
     345 | 2026-09-17 14:15:04
     754 | 2026-09-17 14:10:23
     405 | 2026-09-17 14:09:24
      56 | 2026-09-17 14:08:25
     465 | 2026-09-17 14:03:44
     116 | 2026-09-17 14:02:45
     767 | 2026-09-17 14:01:46
     176 | 2026-09-17 13:57:05
     827 | 2026-09-17 13:56:06
     478 | 2026-09-17 13:55:07
     887 | 2026-09-17 13:50:26
     538 | 2026-09-17 13:49:27
     189 | 2026-09-17 13:48:28
     598 | 2026-09-17 13:43:47
     249 | 2026-09-17 13:42:48
     900 | 2026-09-17 13:41:49
     309 | 2026-09-17 13:37:08
     960 | 2026-09-17 13:36:09
     611 | 2026-09-17 13:35:10
      20 | 2026-09-17 13:30:29
     671 | 2026-09-17 13:29:30
     322 | 2026-09-17 13:28:31
     731 | 2026-09-17 13:23:50
     382 | 2026-09-17 13:22:51
      33 | 2026-09-17 13:21:52
     442 | 2026-09-17 13:17:11
      93 | 2026-09-17 13:16:12
     744 | 2026-09-17 13:15:13
     153 | 2026-09-17 13:10:32
     804 | 2026-09-17 13:09:33
     455 | 2026-09-17 13:08:34
     864 | 2026-09-17 13:03:53
     515 | 2026-09-17 13:02:54
     166 | 2026-09-17 13:01:55
     575 | 2026-09-17 12:57:14
     226 | 2026-09-17 12:56:15
     877 | 2026-09-17 12:55:16
     286 | 2026-09-17 12:50:35
     937 | 2026-09-17 12:49:36
     588 | 2026-09-17 12:48:37
     997 | 2026-09-17 12:43:56
     648 | 2026-09-17 12:42:57
     299 | 2026-09-17 12:41:58
     708 | 2026-09-17 12:37:17
     359 | 2026-09-17 12:36:18
      10 | 2026-09-17 12:35:19
     419 | 2026-09-17 12:30:38
      70 | 2026-09-17 12:29:39
     721 | 2026-09-17 12:28:40
     372 | 2026-09-17 12:27:41
     130 | 2026-09-17 12:23:59
     781 | 2026-09-17 12:23:00
     432 | 2026-09-17 12:22:01
      83 | 2026-09-17 12:21:02
     841 | 2026-09-17 12:17:20
     492 | 2026-09-17 12:16:21
     143 | 2026-09-17 12:15:22
     794 | 2026-09-17 12:14:23
     552 | 2026-09-17 12:10:41
     203 | 2026-09-17 12:09:42
     854 | 2026-09-17 12:08:43
     505 | 2026-09-17 12:07:44
     263 | 2026-09-17 12:04:02
     914 | 2026-09-17 12:03:03
     565 | 2026-09-17 12:02:04
     216 | 2026-09-17 12:01:05
     974 | 2026-09-17 11:57:23
     625 | 2026-09-17 11:56:24
     276 | 2026-09-17 11:55:25
     927 | 2026-09-17 11:54:26
     685 | 2026-09-17 11:50:44
     336 | 2026-09-17 11:49:45
     987 | 2026-09-17 11:48:46
     638 | 2026-09-17 11:47:47
     396 | 2026-09-17 11:44:05
      47 | 2026-09-17 11:43:06
     698 | 2026-09-17 11:42:07
     349 | 2026-09-17 11:41:08
     758 | 2026-09-17 11:36:27
     409 | 2026-09-17 11:35:28
      60 | 2026-09-17 11:34:29
     469 | 2026-09-17 11:29:48
     120 | 2026-09-17 11:28:49
     771 | 2026-09-17 11:27:50
     180 | 2026-09-17 11:23:09
     831 | 2026-09-17 11:22:10
     482 | 2026-09-17 11:21:11
     891 | 2026-09-17 11:16:30
     542 | 2026-09-17 11:15:31
     193 | 2026-09-17 11:14:32
     602 | 2026-09-17 11:09:51
     253 | 2026-09-17 11:08:52
     904 | 2026-09-17 11:07:53
     313 | 2026-09-17 11:03:12
     964 | 2026-09-17 11:02:13
     615 | 2026-09-17 11:01:14
      24 | 2026-09-17 10:56:33
     675 | 2026-09-17 10:55:34
     326 | 2026-09-17 10:54:35
     735 | 2026-09-17 10:49:54
     386 | 2026-09-17 10:48:55
      37 | 2026-09-17 10:47:56
     446 | 2026-09-17 10:43:15
      97 | 2026-09-17 10:42:16
     748 | 2026-09-17 10:41:17
     157 | 2026-09-17 10:36:36
     808 | 2026-09-17 10:35:37
     459 | 2026-09-17 10:34:38
     868 | 2026-09-17 10:29:57
     519 | 2026-09-17 10:28:58
     170 | 2026-09-17 10:27:59
     579 | 2026-09-17 10:23:18
     230 | 2026-09-17 10:22:19
     881 | 2026-09-17 10:21:20
     290 | 2026-09-17 10:16:39
     941 | 2026-09-17 10:15:40
     592 | 2026-09-17 10:14:41
       1 | 2026-09-17 10:10:00
     652 | 2026-09-17 10:09:01
     303 | 2026-09-17 10:08:02
     712 | 2026-09-17 10:03:21
     363 | 2026-09-17 10:02:22
      14 | 2026-09-17 10:01:23
     423 | 2026-09-17 09:56:42
      74 | 2026-09-17 09:55:43
     725 | 2026-09-17 09:54:44
     134 | 2026-09-17 09:50:03
     785 | 2026-09-17 09:49:04
     436 | 2026-09-17 09:48:05
     845 | 2026-09-17 09:43:24
     496 | 2026-09-17 09:42:25
     147 | 2026-09-17 09:41:26
     556 | 2026-09-17 09:36:45
     207 | 2026-09-17 09:35:46
     858 | 2026-09-17 09:34:47
     509 | 2026-09-17 09:33:48
     267 | 2026-09-17 09:30:06
     918 | 2026-09-17 09:29:07
     569 | 2026-09-17 09:28:08
     220 | 2026-09-17 09:27:09
     978 | 2026-09-17 09:23:27
     629 | 2026-09-17 09:22:28
     280 | 2026-09-17 09:21:29
     931 | 2026-09-17 09:20:30
     689 | 2026-09-17 09:16:48
     340 | 2026-09-17 09:15:49
     991 | 2026-09-17 09:14:50
     642 | 2026-09-17 09:13:51
     400 | 2026-09-17 09:10:09
      51 | 2026-09-17 09:09:10
     702 | 2026-09-17 09:08:11
     353 | 2026-09-17 09:07:12
     111 | 2026-09-17 09:03:30
     762 | 2026-09-17 09:02:31
     413 | 2026-09-17 09:01:32
      64 | 2026-09-17 09:00:33
     822 | 2026-09-17 08:56:51
     473 | 2026-09-17 08:55:52
     124 | 2026-09-17 08:54:53
     775 | 2026-09-17 08:53:54
     533 | 2026-09-17 08:50:12
     184 | 2026-09-17 08:49:13
     835 | 2026-09-17 08:48:14
     486 | 2026-09-17 08:47:15
     895 | 2026-09-17 08:42:34
     546 | 2026-09-17 08:41:35
     197 | 2026-09-17 08:40:36
     606 | 2026-09-17 08:35:55
     257 | 2026-09-17 08:34:56
     908 | 2026-09-17 08:33:57
     317 | 2026-09-17 08:29:16
     968 | 2026-09-17 08:28:17
     619 | 2026-09-17 08:27:18
      28 | 2026-09-17 08:22:37
     679 | 2026-09-17 08:21:38
     330 | 2026-09-17 08:20:39
     739 | 2026-09-17 08:15:58
     390 | 2026-09-17 08:14:59
      41 | 2026-09-17 08:14:00
     450 | 2026-09-17 08:09:19
     101 | 2026-09-17 08:08:20
     752 | 2026-09-17 08:07:21
     161 | 2026-09-17 08:02:40
     812 | 2026-09-17 08:01:41
     463 | 2026-09-17 08:00:42
     872 | 2026-09-17 07:56:01
     523 | 2026-09-17 07:55:02
     174 | 2026-09-17 07:54:03
     583 | 2026-09-17 07:49:22
     234 | 2026-09-17 07:48:23
     885 | 2026-09-17 07:47:24
     294 | 2026-09-17 07:42:43
     945 | 2026-09-17 07:41:44
     596 | 2026-09-17 07:40:45
       5 | 2026-09-17 07:36:04
     656 | 2026-09-17 07:35:05
     307 | 2026-09-17 07:34:06
     716 | 2026-09-17 07:29:25
     367 | 2026-09-17 07:28:26
      18 | 2026-09-17 07:27:27
     427 | 2026-09-17 07:22:46
      78 | 2026-09-17 07:21:47
     729 | 2026-09-17 07:20:48
     138 | 2026-09-17 07:16:07
     789 | 2026-09-17 07:15:08
     440 | 2026-09-17 07:14:09
     849 | 2026-09-17 07:09:28
     500 | 2026-09-17 07:08:29
     151 | 2026-09-17 07:07:30
     560 | 2026-09-17 07:02:49
     211 | 2026-09-17 07:01:50
     862 | 2026-09-17 07:00:51
     271 | 2026-09-17 06:56:10
     922 | 2026-09-17 06:55:11
     573 | 2026-09-17 06:54:12
     982 | 2026-09-17 06:49:31
     633 | 2026-09-17 06:48:32
     284 | 2026-09-17 06:47:33
     693 | 2026-09-17 06:42:52
     344 | 2026-09-17 06:41:53
     995 | 2026-09-17 06:40:54
     646 | 2026-09-17 06:39:55
     404 | 2026-09-17 06:36:13
      55 | 2026-09-17 06:35:14
     706 | 2026-09-17 06:34:15
     357 | 2026-09-17 06:33:16
     115 | 2026-09-17 06:29:34
     766 | 2026-09-17 06:28:35
     417 | 2026-09-17 06:27:36
      68 | 2026-09-17 06:26:37
     826 | 2026-09-17 06:22:55
     477 | 2026-09-17 06:21:56
     128 | 2026-09-17 06:20:57
     779 | 2026-09-17 06:19:58
     537 | 2026-09-17 06:16:16
     188 | 2026-09-17 06:15:17
     839 | 2026-09-17 06:14:18
     490 | 2026-09-17 06:13:19
     248 | 2026-09-17 06:09:37
     899 | 2026-09-17 06:08:38
     550 | 2026-09-17 06:07:39
     201 | 2026-09-17 06:06:40
     959 | 2026-09-17 06:02:58
     610 | 2026-09-17 06:01:59
     261 | 2026-09-17 06:01:00
     912 | 2026-09-17 06:00:01
     670 | 2026-09-17 05:56:19
     321 | 2026-09-17 05:55:20
     972 | 2026-09-17 05:54:21
     623 | 2026-09-17 05:53:22
     381 | 2026-09-17 05:49:40
      32 | 2026-09-17 05:48:41
     683 | 2026-09-17 05:47:42
     334 | 2026-09-17 05:46:43
     743 | 2026-09-17 05:42:02
     394 | 2026-09-17 05:41:03
      45 | 2026-09-17 05:40:04
     454 | 2026-09-17 05:35:23
     105 | 2026-09-17 05:34:24
     756 | 2026-09-17 05:33:25
     165 | 2026-09-17 05:28:44
     816 | 2026-09-17 05:27:45
     467 | 2026-09-17 05:26:46
     876 | 2026-09-17 05:22:05
     527 | 2026-09-17 05:21:06
     178 | 2026-09-17 05:20:07
     587 | 2026-09-17 05:15:26
     238 | 2026-09-17 05:14:27
     889 | 2026-09-17 05:13:28
     298 | 2026-09-17 05:08:47
     949 | 2026-09-17 05:07:48
     600 | 2026-09-17 05:06:49
       9 | 2026-09-17 05:02:08
     660 | 2026-09-17 05:01:09
     311 | 2026-09-17 05:00:10
     720 | 2026-09-17 04:55:29
     371 | 2026-09-17 04:54:30
      22 | 2026-09-17 04:53:31
     431 | 2026-09-17 04:48:50
      82 | 2026-09-17 04:47:51
     733 | 2026-09-17 04:46:52
     142 | 2026-09-17 04:42:11
     793 | 2026-09-17 04:41:12
     444 | 2026-09-17 04:40:13
     853 | 2026-09-17 04:35:32
     504 | 2026-09-17 04:34:33
     155 | 2026-09-17 04:33:34
     564 | 2026-09-17 04:28:53
     215 | 2026-09-17 04:27:54
     866 | 2026-09-17 04:26:55
     275 | 2026-09-17 04:22:14
     926 | 2026-09-17 04:21:15
     577 | 2026-09-17 04:20:16
     986 | 2026-09-17 04:15:35
     637 | 2026-09-17 04:14:36
     288 | 2026-09-17 04:13:37
     697 | 2026-09-17 04:08:56
     348 | 2026-09-17 04:07:57
     999 | 2026-09-17 04:06:58
     408 | 2026-09-17 04:02:17
      59 | 2026-09-17 04:01:18
     710 | 2026-09-17 04:00:19
     119 | 2026-09-17 03:55:38
     770 | 2026-09-17 03:54:39
     421 | 2026-09-17 03:53:40
     830 | 2026-09-17 03:48:59
     481 | 2026-09-17 03:48:00
     132 | 2026-09-17 03:47:01
     783 | 2026-09-17 03:46:02
     541 | 2026-09-17 03:42:20
     192 | 2026-09-17 03:41:21
     843 | 2026-09-17 03:40:22
     494 | 2026-09-17 03:39:23
     252 | 2026-09-17 03:35:41
     903 | 2026-09-17 03:34:42
     554 | 2026-09-17 03:33:43
     205 | 2026-09-17 03:32:44
     963 | 2026-09-17 03:29:02
     614 | 2026-09-17 03:28:03
     265 | 2026-09-17 03:27:04
     916 | 2026-09-17 03:26:05
     674 | 2026-09-17 03:22:23
     325 | 2026-09-17 03:21:24
     976 | 2026-09-17 03:20:25
     627 | 2026-09-17 03:19:26
     385 | 2026-09-17 03:15:44
      36 | 2026-09-17 03:14:45
     687 | 2026-09-17 03:13:46
     338 | 2026-09-17 03:12:47
      96 | 2026-09-17 03:09:05
     747 | 2026-09-17 03:08:06
     398 | 2026-09-17 03:07:07
      49 | 2026-09-17 03:06:08
     807 | 2026-09-17 03:02:26
     458 | 2026-09-17 03:01:27
     109 | 2026-09-17 03:00:28
     760 | 2026-09-17 02:59:29
     518 | 2026-09-17 02:55:47
     169 | 2026-09-17 02:54:48
     820 | 2026-09-17 02:53:49
     471 | 2026-09-17 02:52:50
     880 | 2026-09-17 02:48:09
     531 | 2026-09-17 02:47:10
     182 | 2026-09-17 02:46:11
     591 | 2026-09-17 02:41:30
     242 | 2026-09-17 02:40:31
     893 | 2026-09-17 02:39:32
     302 | 2026-09-17 02:34:51
     953 | 2026-09-17 02:33:52
     604 | 2026-09-17 02:32:53
      13 | 2026-09-17 02:28:12
     664 | 2026-09-17 02:27:13
     315 | 2026-09-17 02:26:14
     724 | 2026-09-17 02:21:33
     375 | 2026-09-17 02:20:34
      26 | 2026-09-17 02:19:35
     435 | 2026-09-17 02:14:54
      86 | 2026-09-17 02:13:55
     737 | 2026-09-17 02:12:56
     146 | 2026-09-17 02:08:15
     797 | 2026-09-17 02:07:16
     448 | 2026-09-17 02:06:17
     857 | 2026-09-17 02:01:36
     508 | 2026-09-17 02:00:37
     159 | 2026-09-17 01:59:38
     568 | 2026-09-17 01:54:57
     219 | 2026-09-17 01:53:58
     870 | 2026-09-17 01:52:59
     279 | 2026-09-17 01:48:18
     930 | 2026-09-17 01:47:19
     581 | 2026-09-17 01:46:20
     990 | 2026-09-17 01:41:39
     641 | 2026-09-17 01:40:40
     292 | 2026-09-17 01:39:41
     701 | 2026-09-17 01:35:00
     352 | 2026-09-17 01:34:01
       3 | 2026-09-17 01:33:02
     412 | 2026-09-17 01:28:21
      63 | 2026-09-17 01:27:22
     714 | 2026-09-17 01:26:23
     123 | 2026-09-17 01:21:42
     774 | 2026-09-17 01:20:43
     425 | 2026-09-17 01:19:44
     834 | 2026-09-17 01:15:03
     485 | 2026-09-17 01:14:04
     136 | 2026-09-17 01:13:05
     545 | 2026-09-17 01:08:24
     196 | 2026-09-17 01:07:25
     847 | 2026-09-17 01:06:26
     256 | 2026-09-17 01:01:45
     907 | 2026-09-17 01:00:46
     558 | 2026-09-17 00:59:47
     967 | 2026-09-17 00:55:06
     618 | 2026-09-17 00:54:07
     269 | 2026-09-17 00:53:08
     678 | 2026-09-17 00:48:27
     329 | 2026-09-17 00:47:28
     980 | 2026-09-17 00:46:29
     631 | 2026-09-17 00:45:30
     389 | 2026-09-17 00:41:48
      40 | 2026-09-17 00:40:49
     691 | 2026-09-17 00:39:50
     342 | 2026-09-17 00:38:51
     100 | 2026-09-17 00:35:09
     751 | 2026-09-17 00:34:10
     402 | 2026-09-17 00:33:11
      53 | 2026-09-17 00:32:12
     811 | 2026-09-17 00:28:30
     462 | 2026-09-17 00:27:31
     113 | 2026-09-17 00:26:32
     764 | 2026-09-17 00:25:33
     522 | 2026-09-17 00:21:51
     173 | 2026-09-17 00:20:52
     824 | 2026-09-17 00:19:53
     475 | 2026-09-17 00:18:54
     233 | 2026-09-17 00:15:12
     884 | 2026-09-17 00:14:13
     535 | 2026-09-17 00:13:14
     186 | 2026-09-17 00:12:15
     944 | 2026-09-17 00:08:33
     595 | 2026-09-17 00:07:34
     246 | 2026-09-17 00:06:35
     897 | 2026-09-17 00:05:36
     655 | 2026-09-17 00:01:54
     306 | 2026-09-17 00:00:55
     957 | 2026-09-16 23:59:56
     608 | 2026-09-16 23:58:57
      17 | 2026-09-16 23:54:16
     668 | 2026-09-16 23:53:17
     319 | 2026-09-16 23:52:18
     728 | 2026-09-16 23:47:37
     379 | 2026-09-16 23:46:38
      30 | 2026-09-16 23:45:39
     439 | 2026-09-16 23:40:58
      90 | 2026-09-16 23:39:59
     741 | 2026-09-16 23:39:00
     150 | 2026-09-16 23:34:19
     801 | 2026-09-16 23:33:20
     452 | 2026-09-16 23:32:21
     861 | 2026-09-16 23:27:40
     512 | 2026-09-16 23:26:41
     163 | 2026-09-16 23:25:42
     572 | 2026-09-16 23:21:01
     223 | 2026-09-16 23:20:02
     874 | 2026-09-16 23:19:03
     283 | 2026-09-16 23:14:22
     934 | 2026-09-16 23:13:23
     585 | 2026-09-16 23:12:24
     994 | 2026-09-16 23:07:43
     645 | 2026-09-16 23:06:44
     296 | 2026-09-16 23:05:45
     705 | 2026-09-16 23:01:04
     356 | 2026-09-16 23:00:05
       7 | 2026-09-16 22:59:06
     416 | 2026-09-16 22:54:25
      67 | 2026-09-16 22:53:26
     718 | 2026-09-16 22:52:27
     127 | 2026-09-16 22:47:46
     778 | 2026-09-16 22:46:47
     429 | 2026-09-16 22:45:48
     838 | 2026-09-16 22:41:07
     489 | 2026-09-16 22:40:08
     140 | 2026-09-16 22:39:09
     549 | 2026-09-16 22:34:28
     200 | 2026-09-16 22:33:29
     851 | 2026-09-16 22:32:30
     260 | 2026-09-16 22:27:49
     911 | 2026-09-16 22:26:50
     562 | 2026-09-16 22:25:51
     971 | 2026-09-16 22:21:10
     622 | 2026-09-16 22:20:11
     273 | 2026-09-16 22:19:12
     682 | 2026-09-16 22:14:31
     333 | 2026-09-16 22:13:32
     984 | 2026-09-16 22:12:33
     393 | 2026-09-16 22:07:52
      44 | 2026-09-16 22:06:53
     695 | 2026-09-16 22:05:54
     104 | 2026-09-16 22:01:13
     755 | 2026-09-16 22:00:14
     406 | 2026-09-16 21:59:15
     815 | 2026-09-16 21:54:34
     466 | 2026-09-16 21:53:35
     117 | 2026-09-16 21:52:36
     768 | 2026-09-16 21:51:37
     526 | 2026-09-16 21:47:55
     177 | 2026-09-16 21:46:56
     828 | 2026-09-16 21:45:57
     479 | 2026-09-16 21:44:58
     237 | 2026-09-16 21:41:16
     888 | 2026-09-16 21:40:17
     539 | 2026-09-16 21:39:18
     190 | 2026-09-16 21:38:19
     948 | 2026-09-16 21:34:37
     599 | 2026-09-16 21:33:38
     250 | 2026-09-16 21:32:39
     901 | 2026-09-16 21:31:40
     659 | 2026-09-16 21:27:58
     310 | 2026-09-16 21:26:59
     961 | 2026-09-16 21:26:00
     612 | 2026-09-16 21:25:01
     370 | 2026-09-16 21:21:19
      21 | 2026-09-16 21:20:20
     672 | 2026-09-16 21:19:21
     323 | 2026-09-16 21:18:22
      81 | 2026-09-16 21:14:40
     732 | 2026-09-16 21:13:41
     383 | 2026-09-16 21:12:42
      34 | 2026-09-16 21:11:43
     792 | 2026-09-16 21:08:01
     443 | 2026-09-16 21:07:02
      94 | 2026-09-16 21:06:03
     745 | 2026-09-16 21:05:04
     154 | 2026-09-16 21:00:23
     805 | 2026-09-16 20:59:24
     456 | 2026-09-16 20:58:25
     865 | 2026-09-16 20:53:44
     516 | 2026-09-16 20:52:45
     167 | 2026-09-16 20:51:46
     576 | 2026-09-16 20:47:05
     227 | 2026-09-16 20:46:06
     878 | 2026-09-16 20:45:07
     287 | 2026-09-16 20:40:26
     938 | 2026-09-16 20:39:27
     589 | 2026-09-16 20:38:28
     998 | 2026-09-16 20:33:47
     649 | 2026-09-16 20:32:48
     300 | 2026-09-16 20:31:49
     709 | 2026-09-16 20:27:08
     360 | 2026-09-16 20:26:09
      11 | 2026-09-16 20:25:10
     420 | 2026-09-16 20:20:29
      71 | 2026-09-16 20:19:30
     722 | 2026-09-16 20:18:31
     131 | 2026-09-16 20:13:50
     782 | 2026-09-16 20:12:51
     433 | 2026-09-16 20:11:52
     842 | 2026-09-16 20:07:11
     493 | 2026-09-16 20:06:12
     144 | 2026-09-16 20:05:13
     553 | 2026-09-16 20:00:32
     204 | 2026-09-16 19:59:33
     855 | 2026-09-16 19:58:34
     264 | 2026-09-16 19:53:53
     915 | 2026-09-16 19:52:54
     566 | 2026-09-16 19:51:55
     975 | 2026-09-16 19:47:14
     626 | 2026-09-16 19:46:15
     277 | 2026-09-16 19:45:16
     686 | 2026-09-16 19:40:35
     337 | 2026-09-16 19:39:36
     988 | 2026-09-16 19:38:37
     397 | 2026-09-16 19:33:56
      48 | 2026-09-16 19:32:57
     699 | 2026-09-16 19:31:58
     108 | 2026-09-16 19:27:17
     759 | 2026-09-16 19:26:18
     410 | 2026-09-16 19:25:19
     819 | 2026-09-16 19:20:38
     470 | 2026-09-16 19:19:39
     121 | 2026-09-16 19:18:40
     530 | 2026-09-16 19:13:59
     181 | 2026-09-16 19:13:00
     832 | 2026-09-16 19:12:01
     241 | 2026-09-16 19:07:20
     892 | 2026-09-16 19:06:21
     543 | 2026-09-16 19:05:22
     952 | 2026-09-16 19:00:41
     603 | 2026-09-16 18:59:42
     254 | 2026-09-16 18:58:43
     905 | 2026-09-16 18:57:44
     663 | 2026-09-16 18:54:02
     314 | 2026-09-16 18:53:03
     965 | 2026-09-16 18:52:04
     616 | 2026-09-16 18:51:05
     374 | 2026-09-16 18:47:23
      25 | 2026-09-16 18:46:24
     676 | 2026-09-16 18:45:25
     327 | 2026-09-16 18:44:26
      85 | 2026-09-16 18:40:44
     736 | 2026-09-16 18:39:45
     387 | 2026-09-16 18:38:46
      38 | 2026-09-16 18:37:47
     796 | 2026-09-16 18:34:05
     447 | 2026-09-16 18:33:06
      98 | 2026-09-16 18:32:07
     749 | 2026-09-16 18:31:08
     507 | 2026-09-16 18:27:26
     158 | 2026-09-16 18:26:27
     809 | 2026-09-16 18:25:28
     460 | 2026-09-16 18:24:29
     218 | 2026-09-16 18:20:47
     869 | 2026-09-16 18:19:48
     520 | 2026-09-16 18:18:49
     171 | 2026-09-16 18:17:50
     929 | 2026-09-16 18:14:08
     580 | 2026-09-16 18:13:09
     231 | 2026-09-16 18:12:10
     882 | 2026-09-16 18:11:11
     291 | 2026-09-16 18:06:30
     942 | 2026-09-16 18:05:31
     593 | 2026-09-16 18:04:32
       2 | 2026-09-16 17:59:51
     653 | 2026-09-16 17:58:52
     304 | 2026-09-16 17:57:53
     713 | 2026-09-16 17:53:12
     364 | 2026-09-16 17:52:13
      15 | 2026-09-16 17:51:14
     424 | 2026-09-16 17:46:33
      75 | 2026-09-16 17:45:34
     726 | 2026-09-16 17:44:35
     135 | 2026-09-16 17:39:54
     786 | 2026-09-16 17:38:55
     437 | 2026-09-16 17:37:56
     846 | 2026-09-16 17:33:15
     497 | 2026-09-16 17:32:16
     148 | 2026-09-16 17:31:17
     557 | 2026-09-16 17:26:36
     208 | 2026-09-16 17:25:37
     859 | 2026-09-16 17:24:38
     268 | 2026-09-16 17:19:57
     919 | 2026-09-16 17:18:58
     570 | 2026-09-16 17:17:59
     979 | 2026-09-16 17:13:18
     630 | 2026-09-16 17:12:19
     281 | 2026-09-16 17:11:20
     690 | 2026-09-16 17:06:39
     341 | 2026-09-16 17:05:40
     992 | 2026-09-16 17:04:41
     401 | 2026-09-16 17:00:00
      52 | 2026-09-16 16:59:01
     703 | 2026-09-16 16:58:02
     112 | 2026-09-16 16:53:21
     763 | 2026-09-16 16:52:22
     414 | 2026-09-16 16:51:23
     823 | 2026-09-16 16:46:42
     474 | 2026-09-16 16:45:43
     125 | 2026-09-16 16:44:44
     534 | 2026-09-16 16:40:03
     185 | 2026-09-16 16:39:04
     836 | 2026-09-16 16:38:05
     245 | 2026-09-16 16:33:24
     896 | 2026-09-16 16:32:25
     547 | 2026-09-16 16:31:26
     956 | 2026-09-16 16:26:45
     607 | 2026-09-16 16:25:46
     258 | 2026-09-16 16:24:47
     667 | 2026-09-16 16:20:06
     318 | 2026-09-16 16:19:07
     969 | 2026-09-16 16:18:08
     378 | 2026-09-16 16:13:27
      29 | 2026-09-16 16:12:28
     680 | 2026-09-16 16:11:29
      89 | 2026-09-16 16:06:48
     740 | 2026-09-16 16:05:49
     391 | 2026-09-16 16:04:50
      42 | 2026-09-16 16:03:51
     800 | 2026-09-16 16:00:09
     451 | 2026-09-16 15:59:10
     102 | 2026-09-16 15:58:11
     753 | 2026-09-16 15:57:12
     511 | 2026-09-16 15:53:30
     162 | 2026-09-16 15:52:31
     813 | 2026-09-16 15:51:32
     464 | 2026-09-16 15:50:33
     222 | 2026-09-16 15:46:51
     873 | 2026-09-16 15:45:52
     524 | 2026-09-16 15:44:53
     175 | 2026-09-16 15:43:54
     933 | 2026-09-16 15:40:12
     584 | 2026-09-16 15:39:13
     235 | 2026-09-16 15:38:14
     886 | 2026-09-16 15:37:15
     644 | 2026-09-16 15:33:33
     295 | 2026-09-16 15:32:34
     946 | 2026-09-16 15:31:35
     597 | 2026-09-16 15:30:36
     355 | 2026-09-16 15:26:54
       6 | 2026-09-16 15:25:55
     657 | 2026-09-16 15:24:56
     308 | 2026-09-16 15:23:57
      66 | 2026-09-16 15:20:15
     717 | 2026-09-16 15:19:16
     368 | 2026-09-16 15:18:17
      19 | 2026-09-16 15:17:18
     428 | 2026-09-16 15:12:37
      79 | 2026-09-16 15:11:38
     730 | 2026-09-16 15:10:39
     139 | 2026-09-16 15:05:58
     790 | 2026-09-16 15:04:59
     441 | 2026-09-16 15:04:00
     850 | 2026-09-16 14:59:19
     501 | 2026-09-16 14:58:20
     152 | 2026-09-16 14:57:21
     561 | 2026-09-16 14:52:40
     212 | 2026-09-16 14:51:41
     863 | 2026-09-16 14:50:42
     272 | 2026-09-16 14:46:01
     923 | 2026-09-16 14:45:02
     574 | 2026-09-16 14:44:03
     983 | 2026-09-16 14:39:22
     634 | 2026-09-16 14:38:23
     285 | 2026-09-16 14:37:24
     694 | 2026-09-16 14:32:43
     345 | 2026-09-16 14:31:44
     996 | 2026-09-16 14:30:45
     405 | 2026-09-16 14:26:04
      56 | 2026-09-16 14:25:05
     707 | 2026-09-16 14:24:06
     116 | 2026-09-16 14:19:25
     767 | 2026-09-16 14:18:26
     418 | 2026-09-16 14:17:27
     827 | 2026-09-16 14:12:46
     478 | 2026-09-16 14:11:47
     129 | 2026-09-16 14:10:48
     538 | 2026-09-16 14:06:07
     189 | 2026-09-16 14:05:08
     840 | 2026-09-16 14:04:09
     249 | 2026-09-16 13:59:28
     900 | 2026-09-16 13:58:29
     551 | 2026-09-16 13:57:30
     960 | 2026-09-16 13:52:49
     611 | 2026-09-16 13:51:50
     262 | 2026-09-16 13:50:51
     671 | 2026-09-16 13:46:10
     322 | 2026-09-16 13:45:11
     973 | 2026-09-16 13:44:12
     382 | 2026-09-16 13:39:31
      33 | 2026-09-16 13:38:32
     684 | 2026-09-16 13:37:33
      93 | 2026-09-16 13:32:52
     744 | 2026-09-16 13:31:53
     395 | 2026-09-16 13:30:54
     804 | 2026-09-16 13:26:13
     455 | 2026-09-16 13:25:14
     106 | 2026-09-16 13:24:15
     515 | 2026-09-16 13:19:34
     166 | 2026-09-16 13:18:35
     817 | 2026-09-16 13:17:36
     226 | 2026-09-16 13:12:55
     877 | 2026-09-16 13:11:56
     528 | 2026-09-16 13:10:57
     179 | 2026-09-16 13:09:58
     937 | 2026-09-16 13:06:16
     588 | 2026-09-16 13:05:17
     239 | 2026-09-16 13:04:18
     890 | 2026-09-16 13:03:19
     648 | 2026-09-16 12:59:37
     299 | 2026-09-16 12:58:38
     950 | 2026-09-16 12:57:39
     601 | 2026-09-16 12:56:40
     359 | 2026-09-16 12:52:58
      10 | 2026-09-16 12:51:59
     661 | 2026-09-16 12:51:00
     312 | 2026-09-16 12:50:01
      70 | 2026-09-16 12:46:19
     721 | 2026-09-16 12:45:20
     372 | 2026-09-16 12:44:21
      23 | 2026-09-16 12:43:22
     781 | 2026-09-16 12:39:40
     432 | 2026-09-16 12:38:41
      83 | 2026-09-16 12:37:42
     734 | 2026-09-16 12:36:43
     492 | 2026-09-16 12:33:01
     143 | 2026-09-16 12:32:02
     794 | 2026-09-16 12:31:03
     445 | 2026-09-16 12:30:04
     203 | 2026-09-16 12:26:22
     854 | 2026-09-16 12:25:23
     505 | 2026-09-16 12:24:24
     156 | 2026-09-16 12:23:25
     565 | 2026-09-16 12:18:44
     216 | 2026-09-16 12:17:45
     867 | 2026-09-16 12:16:46
     276 | 2026-09-16 12:12:05
     927 | 2026-09-16 12:11:06
     578 | 2026-09-16 12:10:07
     987 | 2026-09-16 12:05:26
     638 | 2026-09-16 12:04:27
     289 | 2026-09-16 12:03:28
     698 | 2026-09-16 11:58:47
     349 | 2026-09-16 11:57:48
    1000 | 2026-09-16 11:56:49
     409 | 2026-09-16 11:52:08
      60 | 2026-09-16 11:51:09
     711 | 2026-09-16 11:50:10
     120 | 2026-09-16 11:45:29
     771 | 2026-09-16 11:44:30
     422 | 2026-09-16 11:43:31
     831 | 2026-09-16 11:38:50
     482 | 2026-09-16 11:37:51
     133 | 2026-09-16 11:36:52
     542 | 2026-09-16 11:32:11
     193 | 2026-09-16 11:31:12
     844 | 2026-09-16 11:30:13
     253 | 2026-09-16 11:25:32
     904 | 2026-09-16 11:24:33
     555 | 2026-09-16 11:23:34
     964 | 2026-09-16 11:18:53
     615 | 2026-09-16 11:17:54
     266 | 2026-09-16 11:16:55
     675 | 2026-09-16 11:12:14
     326 | 2026-09-16 11:11:15
     977 | 2026-09-16 11:10:16
     386 | 2026-09-16 11:05:35
      37 | 2026-09-16 11:04:36
     688 | 2026-09-16 11:03:37
      97 | 2026-09-16 10:58:56
     748 | 2026-09-16 10:57:57
     399 | 2026-09-16 10:56:58
     808 | 2026-09-16 10:52:17
     459 | 2026-09-16 10:51:18
     110 | 2026-09-16 10:50:19
     519 | 2026-09-16 10:45:38
     170 | 2026-09-16 10:44:39
     821 | 2026-09-16 10:43:40
     230 | 2026-09-16 10:38:59
     881 | 2026-09-16 10:38:00
     532 | 2026-09-16 10:37:01
     941 | 2026-09-16 10:32:20
     592 | 2026-09-16 10:31:21
     243 | 2026-09-16 10:30:22
     652 | 2026-09-16 10:25:41
     303 | 2026-09-16 10:24:42
     954 | 2026-09-16 10:23:43
     363 | 2026-09-16 10:19:02
      14 | 2026-09-16 10:18:03
     665 | 2026-09-16 10:17:04
     316 | 2026-09-16 10:16:05
      74 | 2026-09-16 10:12:23
     725 | 2026-09-16 10:11:24
     376 | 2026-09-16 10:10:25
      27 | 2026-09-16 10:09:26
     785 | 2026-09-16 10:05:44
     436 | 2026-09-16 10:04:45
      87 | 2026-09-16 10:03:46
     738 | 2026-09-16 10:02:47
     496 | 2026-09-16 09:59:05
     147 | 2026-09-16 09:58:06
     798 | 2026-09-16 09:57:07
     449 | 2026-09-16 09:56:08
     207 | 2026-09-16 09:52:26
     858 | 2026-09-16 09:51:27
     509 | 2026-09-16 09:50:28
     160 | 2026-09-16 09:49:29
     918 | 2026-09-16 09:45:47
     569 | 2026-09-16 09:44:48
     220 | 2026-09-16 09:43:49
     871 | 2026-09-16 09:42:50
     629 | 2026-09-16 09:39:08
     280 | 2026-09-16 09:38:09
     931 | 2026-09-16 09:37:10
     582 | 2026-09-16 09:36:11
     340 | 2026-09-16 09:32:29
     991 | 2026-09-16 09:31:30
     642 | 2026-09-16 09:30:31
     293 | 2026-09-16 09:29:32
     702 | 2026-09-16 09:24:51
     353 | 2026-09-16 09:23:52
       4 | 2026-09-16 09:22:53
     413 | 2026-09-16 09:18:12
      64 | 2026-09-16 09:17:13
     715 | 2026-09-16 09:16:14
     124 | 2026-09-16 09:11:33
     775 | 2026-09-16 09:10:34
     426 | 2026-09-16 09:09:35
     835 | 2026-09-16 09:04:54
     486 | 2026-09-16 09:03:55
     137 | 2026-09-16 09:02:56
     546 | 2026-09-16 08:58:15
     197 | 2026-09-16 08:57:16
     848 | 2026-09-16 08:56:17
     257 | 2026-09-16 08:51:36
     908 | 2026-09-16 08:50:37
     559 | 2026-09-16 08:49:38
     968 | 2026-09-16 08:44:57
     619 | 2026-09-16 08:43:58
     270 | 2026-09-16 08:42:59
     679 | 2026-09-16 08:38:18
     330 | 2026-09-16 08:37:19
     981 | 2026-09-16 08:36:20
     390 | 2026-09-16 08:31:39
      41 | 2026-09-16 08:30:40
     692 | 2026-09-16 08:29:41
     101 | 2026-09-16 08:25:00
     752 | 2026-09-16 08:24:01
     403 | 2026-09-16 08:23:02
     812 | 2026-09-16 08:18:21
     463 | 2026-09-16 08:17:22
     114 | 2026-09-16 08:16:23
     523 | 2026-09-16 08:11:42
     174 | 2026-09-16 08:10:43
     825 | 2026-09-16 08:09:44
     234 | 2026-09-16 08:05:03
     885 | 2026-09-16 08:04:04
     536 | 2026-09-16 08:03:05
     945 | 2026-09-16 07:58:24
     596 | 2026-09-16 07:57:25
     247 | 2026-09-16 07:56:26
     656 | 2026-09-16 07:51:45
     307 | 2026-09-16 07:50:46
     958 | 2026-09-16 07:49:47
     367 | 2026-09-16 07:45:06
      18 | 2026-09-16 07:44:07
     669 | 2026-09-16 07:43:08
      78 | 2026-09-16 07:38:27
     729 | 2026-09-16 07:37:28
     380 | 2026-09-16 07:36:29
     789 | 2026-09-16 07:31:48
     440 | 2026-09-16 07:30:49
      91 | 2026-09-16 07:29:50
     500 | 2026-09-16 07:25:09
     151 | 2026-09-16 07:24:10
     802 | 2026-09-16 07:23:11
     453 | 2026-09-16 07:22:12
     211 | 2026-09-16 07:18:30
     862 | 2026-09-16 07:17:31
     513 | 2026-09-16 07:16:32
     164 | 2026-09-16 07:15:33
     922 | 2026-09-16 07:11:51
     573 | 2026-09-16 07:10:52
     224 | 2026-09-16 07:09:53
     875 | 2026-09-16 07:08:54
     633 | 2026-09-16 07:05:12
     284 | 2026-09-16 07:04:13
     935 | 2026-09-16 07:03:14
     586 | 2026-09-16 07:02:15
     344 | 2026-09-16 06:58:33
     995 | 2026-09-16 06:57:34
     646 | 2026-09-16 06:56:35
     297 | 2026-09-16 06:55:36
      55 | 2026-09-16 06:51:54
     706 | 2026-09-16 06:50:55
     357 | 2026-09-16 06:49:56
       8 | 2026-09-16 06:48:57
     766 | 2026-09-16 06:45:15
     417 | 2026-09-16 06:44:16
      68 | 2026-09-16 06:43:17
     719 | 2026-09-16 06:42:18
     477 | 2026-09-16 06:38:36
     128 | 2026-09-16 06:37:37
     779 | 2026-09-16 06:36:38
     430 | 2026-09-16 06:35:39
     839 | 2026-09-16 06:30:58
     490 | 2026-09-16 06:29:59
     141 | 2026-09-16 06:29:00
     550 | 2026-09-16 06:24:19
     201 | 2026-09-16 06:23:20
     852 | 2026-09-16 06:22:21
     261 | 2026-09-16 06:17:40
     912 | 2026-09-16 06:16:41
     563 | 2026-09-16 06:15:42
     972 | 2026-09-16 06:11:01
     623 | 2026-09-16 06:10:02
     274 | 2026-09-16 06:09:03
     683 | 2026-09-16 06:04:22
     334 | 2026-09-16 06:03:23
     985 | 2026-09-16 06:02:24
     394 | 2026-09-16 05:57:43
      45 | 2026-09-16 05:56:44
     696 | 2026-09-16 05:55:45
     105 | 2026-09-16 05:51:04
     756 | 2026-09-16 05:50:05
     407 | 2026-09-16 05:49:06
     816 | 2026-09-16 05:44:25
     467 | 2026-09-16 05:43:26
     118 | 2026-09-16 05:42:27
     527 | 2026-09-16 05:37:46
     178 | 2026-09-16 05:36:47
     829 | 2026-09-16 05:35:48
     238 | 2026-09-16 05:31:07
     889 | 2026-09-16 05:30:08
     540 | 2026-09-16 05:29:09
     949 | 2026-09-16 05:24:28
     600 | 2026-09-16 05:23:29
     251 | 2026-09-16 05:22:30
     660 | 2026-09-16 05:17:49
     311 | 2026-09-16 05:16:50
     962 | 2026-09-16 05:15:51
     371 | 2026-09-16 05:11:10
      22 | 2026-09-16 05:10:11
     673 | 2026-09-16 05:09:12
      82 | 2026-09-16 05:04:31
     733 | 2026-09-16 05:03:32
     384 | 2026-09-16 05:02:33
     793 | 2026-09-16 04:57:52
     444 | 2026-09-16 04:56:53
      95 | 2026-09-16 04:55:54
     504 | 2026-09-16 04:51:13
     155 | 2026-09-16 04:50:14
     806 | 2026-09-16 04:49:15
     215 | 2026-09-16 04:44:34
     866 | 2026-09-16 04:43:35
     517 | 2026-09-16 04:42:36
     926 | 2026-09-16 04:37:55
     577 | 2026-09-16 04:36:56
     228 | 2026-09-16 04:35:57
     637 | 2026-09-16 04:31:16
     288 | 2026-09-16 04:30:17
     939 | 2026-09-16 04:29:18
     590 | 2026-09-16 04:28:19
     348 | 2026-09-16 04:24:37
     999 | 2026-09-16 04:23:38
     650 | 2026-09-16 04:22:39
     301 | 2026-09-16 04:21:40
      59 | 2026-09-16 04:17:58
     710 | 2026-09-16 04:16:59
     361 | 2026-09-16 04:16:00
      12 | 2026-09-16 04:15:01
     770 | 2026-09-16 04:11:19
     421 | 2026-09-16 04:10:20
      72 | 2026-09-16 04:09:21
     723 | 2026-09-16 04:08:22
     481 | 2026-09-16 04:04:40
     132 | 2026-09-16 04:03:41
     783 | 2026-09-16 04:02:42
     434 | 2026-09-16 04:01:43
     192 | 2026-09-16 03:58:01
     843 | 2026-09-16 03:57:02
     494 | 2026-09-16 03:56:03
     145 | 2026-09-16 03:55:04
     903 | 2026-09-16 03:51:22
     554 | 2026-09-16 03:50:23
     205 | 2026-09-16 03:49:24
     856 | 2026-09-16 03:48:25
     614 | 2026-09-16 03:44:43
     265 | 2026-09-16 03:43:44
     916 | 2026-09-16 03:42:45
     567 | 2026-09-16 03:41:46
     976 | 2026-09-16 03:37:05
     627 | 2026-09-16 03:36:06
     278 | 2026-09-16 03:35:07
     687 | 2026-09-16 03:30:26
     338 | 2026-09-16 03:29:27
     989 | 2026-09-16 03:28:28
     398 | 2026-09-16 03:23:47
      49 | 2026-09-16 03:22:48
     700 | 2026-09-16 03:21:49
     109 | 2026-09-16 03:17:08
     760 | 2026-09-16 03:16:09
     411 | 2026-09-16 03:15:10
     820 | 2026-09-16 03:10:29
     471 | 2026-09-16 03:09:30
     122 | 2026-09-16 03:08:31
     531 | 2026-09-16 03:03:50
     182 | 2026-09-16 03:02:51
     833 | 2026-09-16 03:01:52
     242 | 2026-09-16 02:57:11
     893 | 2026-09-16 02:56:12
     544 | 2026-09-16 02:55:13
     953 | 2026-09-16 02:50:32
     604 | 2026-09-16 02:49:33
     255 | 2026-09-16 02:48:34
     664 | 2026-09-16 02:43:53
     315 | 2026-09-16 02:42:54
     966 | 2026-09-16 02:41:55
     375 | 2026-09-16 02:37:14
      26 | 2026-09-16 02:36:15
     677 | 2026-09-16 02:35:16
      86 | 2026-09-16 02:30:35
     737 | 2026-09-16 02:29:36
     388 | 2026-09-16 02:28:37
     797 | 2026-09-16 02:23:56
     448 | 2026-09-16 02:22:57
      99 | 2026-09-16 02:21:58
     508 | 2026-09-16 02:17:17
     159 | 2026-09-16 02:16:18
     810 | 2026-09-16 02:15:19
     219 | 2026-09-16 02:10:38
     870 | 2026-09-16 02:09:39
     521 | 2026-09-16 02:08:40
     930 | 2026-09-16 02:03:59
     581 | 2026-09-16 02:03:00
     232 | 2026-09-16 02:02:01
     641 | 2026-09-16 01:57:20
     292 | 2026-09-16 01:56:21
     943 | 2026-09-16 01:55:22
     352 | 2026-09-16 01:50:41
       3 | 2026-09-16 01:49:42
     654 | 2026-09-16 01:48:43
      63 | 2026-09-16 01:44:02
     714 | 2026-09-16 01:43:03
     365 | 2026-09-16 01:42:04
     774 | 2026-09-16 01:37:23
     425 | 2026-09-16 01:36:24
      76 | 2026-09-16 01:35:25
     727 | 2026-09-16 01:34:26
     485 | 2026-09-16 01:30:44
     136 | 2026-09-16 01:29:45
     787 | 2026-09-16 01:28:46
     438 | 2026-09-16 01:27:47
     196 | 2026-09-16 01:24:05
     847 | 2026-09-16 01:23:06
     498 | 2026-09-16 01:22:07
     149 | 2026-09-16 01:21:08
     907 | 2026-09-16 01:17:26
     558 | 2026-09-16 01:16:27
     209 | 2026-09-16 01:15:28
     860 | 2026-09-16 01:14:29
     618 | 2026-09-16 01:10:47
     269 | 2026-09-16 01:09:48
     920 | 2026-09-16 01:08:49
     571 | 2026-09-16 01:07:50
     329 | 2026-09-16 01:04:08
     980 | 2026-09-16 01:03:09
     631 | 2026-09-16 01:02:10
     282 | 2026-09-16 01:01:11
      40 | 2026-09-16 00:57:29
     691 | 2026-09-16 00:56:30
     342 | 2026-09-16 00:55:31
     993 | 2026-09-16 00:54:32
     751 | 2026-09-16 00:50:50
     402 | 2026-09-16 00:49:51
      53 | 2026-09-16 00:48:52
     704 | 2026-09-16 00:47:53
     462 | 2026-09-16 00:44:11
     113 | 2026-09-16 00:43:12
     764 | 2026-09-16 00:42:13
     415 | 2026-09-16 00:41:14
     824 | 2026-09-16 00:36:33
     475 | 2026-09-16 00:35:34
     126 | 2026-09-16 00:34:35
     535 | 2026-09-16 00:29:54
     186 | 2026-09-16 00:28:55
     837 | 2026-09-16 00:27:56
     246 | 2026-09-16 00:23:15
     897 | 2026-09-16 00:22:16
     548 | 2026-09-16 00:21:17
     957 | 2026-09-16 00:16:36
     608 | 2026-09-16 00:15:37
     259 | 2026-09-16 00:14:38
     668 | 2026-09-16 00:09:57
     319 | 2026-09-16 00:08:58
     970 | 2026-09-16 00:07:59
     379 | 2026-09-16 00:03:18
      30 | 2026-09-16 00:02:19
     681 | 2026-09-16 00:01:20
      90 | 2026-09-15 23:56:39
     741 | 2026-09-15 23:55:40
     392 | 2026-09-15 23:54:41
     801 | 2026-09-15 23:50:00
     452 | 2026-09-15 23:49:01
     103 | 2026-09-15 23:48:02
     512 | 2026-09-15 23:43:21
     163 | 2026-09-15 23:42:22
     814 | 2026-09-15 23:41:23
     223 | 2026-09-15 23:36:42
     874 | 2026-09-15 23:35:43
     525 | 2026-09-15 23:34:44
     934 | 2026-09-15 23:30:03
     585 | 2026-09-15 23:29:04
     236 | 2026-09-15 23:28:05
     645 | 2026-09-15 23:23:24
     296 | 2026-09-15 23:22:25
     947 | 2026-09-15 23:21:26
     356 | 2026-09-15 23:16:45
       7 | 2026-09-15 23:15:46
     658 | 2026-09-15 23:14:47
      67 | 2026-09-15 23:10:06
     718 | 2026-09-15 23:09:07
     369 | 2026-09-15 23:08:08
     778 | 2026-09-15 23:03:27
     429 | 2026-09-15 23:02:28
      80 | 2026-09-15 23:01:29
     489 | 2026-09-15 22:56:48
     140 | 2026-09-15 22:55:49
     791 | 2026-09-15 22:54:50
     200 | 2026-09-15 22:50:09
     851 | 2026-09-15 22:49:10
     502 | 2026-09-15 22:48:11
     911 | 2026-09-15 22:43:30
     562 | 2026-09-15 22:42:31
     213 | 2026-09-15 22:41:32
     864 | 2026-09-15 22:40:33
     622 | 2026-09-15 22:36:51
     273 | 2026-09-15 22:35:52
     924 | 2026-09-15 22:34:53
     575 | 2026-09-15 22:33:54
     333 | 2026-09-15 22:30:12
     984 | 2026-09-15 22:29:13
     635 | 2026-09-15 22:28:14
     286 | 2026-09-15 22:27:15
      44 | 2026-09-15 22:23:33
     695 | 2026-09-15 22:22:34
     346 | 2026-09-15 22:21:35
     997 | 2026-09-15 22:20:36
     755 | 2026-09-15 22:16:54
     406 | 2026-09-15 22:15:55
      57 | 2026-09-15 22:14:56
     708 | 2026-09-15 22:13:57
     466 | 2026-09-15 22:10:15
     117 | 2026-09-15 22:09:16
     768 | 2026-09-15 22:08:17
     419 | 2026-09-15 22:07:18
     177 | 2026-09-15 22:03:36
     828 | 2026-09-15 22:02:37
     479 | 2026-09-15 22:01:38
     130 | 2026-09-15 22:00:39
     888 | 2026-09-15 21:56:57
     539 | 2026-09-15 21:55:58
     190 | 2026-09-15 21:54:59
     841 | 2026-09-15 21:54:00
     599 | 2026-09-15 21:50:18
     250 | 2026-09-15 21:49:19
     901 | 2026-09-15 21:48:20
     552 | 2026-09-15 21:47:21
     961 | 2026-09-15 21:42:40
     612 | 2026-09-15 21:41:41
     263 | 2026-09-15 21:40:42
     672 | 2026-09-15 21:36:01
     323 | 2026-09-15 21:35:02
     974 | 2026-09-15 21:34:03
     383 | 2026-09-15 21:29:22
      34 | 2026-09-15 21:28:23
     685 | 2026-09-15 21:27:24
      94 | 2026-09-15 21:22:43
     745 | 2026-09-15 21:21:44
     396 | 2026-09-15 21:20:45
     805 | 2026-09-15 21:16:04
     456 | 2026-09-15 21:15:05
     107 | 2026-09-15 21:14:06
     516 | 2026-09-15 21:09:25
     167 | 2026-09-15 21:08:26
     818 | 2026-09-15 21:07:27
     227 | 2026-09-15 21:02:46
     878 | 2026-09-15 21:01:47
     529 | 2026-09-15 21:00:48
     938 | 2026-09-15 20:56:07
     589 | 2026-09-15 20:55:08
     240 | 2026-09-15 20:54:09
     649 | 2026-09-15 20:49:28
     300 | 2026-09-15 20:48:29
     951 | 2026-09-15 20:47:30
     360 | 2026-09-15 20:42:49
      11 | 2026-09-15 20:41:50
     662 | 2026-09-15 20:40:51
      71 | 2026-09-15 20:36:10
     722 | 2026-09-15 20:35:11
     373 | 2026-09-15 20:34:12
     782 | 2026-09-15 20:29:31
     433 | 2026-09-15 20:28:32
      84 | 2026-09-15 20:27:33
     493 | 2026-09-15 20:22:52
     144 | 2026-09-15 20:21:53
     795 | 2026-09-15 20:20:54
     204 | 2026-09-15 20:16:13
     855 | 2026-09-15 20:15:14
     506 | 2026-09-15 20:14:15
     915 | 2026-09-15 20:09:34
     566 | 2026-09-15 20:08:35
     217 | 2026-09-15 20:07:36
     626 | 2026-09-15 20:02:55
     277 | 2026-09-15 20:01:56
     928 | 2026-09-15 20:00:57
     337 | 2026-09-15 19:56:16
     988 | 2026-09-15 19:55:17
     639 | 2026-09-15 19:54:18
      48 | 2026-09-15 19:49:37
     699 | 2026-09-15 19:48:38
     350 | 2026-09-15 19:47:39
       1 | 2026-09-15 19:46:40
     759 | 2026-09-15 19:42:58
     410 | 2026-09-15 19:41:59
      61 | 2026-09-15 19:41:00
     712 | 2026-09-15 19:40:01
     470 | 2026-09-15 19:36:19
     121 | 2026-09-15 19:35:20
     772 | 2026-09-15 19:34:21
     423 | 2026-09-15 19:33:22
     181 | 2026-09-15 19:29:40
     832 | 2026-09-15 19:28:41
     483 | 2026-09-15 19:27:42
     134 | 2026-09-15 19:26:43
     892 | 2026-09-15 19:23:01
     543 | 2026-09-15 19:22:02
     194 | 2026-09-15 19:21:03
     845 | 2026-09-15 19:20:04
     603 | 2026-09-15 19:16:22
     254 | 2026-09-15 19:15:23
     905 | 2026-09-15 19:14:24
     556 | 2026-09-15 19:13:25
     314 | 2026-09-15 19:09:43
     965 | 2026-09-15 19:08:44
     616 | 2026-09-15 19:07:45
     267 | 2026-09-15 19:06:46
      25 | 2026-09-15 19:03:04
     676 | 2026-09-15 19:02:05
     327 | 2026-09-15 19:01:06
     978 | 2026-09-15 19:00:07
     736 | 2026-09-15 18:56:25
     387 | 2026-09-15 18:55:26
      38 | 2026-09-15 18:54:27
     689 | 2026-09-15 18:53:28
      98 | 2026-09-15 18:48:47
     749 | 2026-09-15 18:47:48
     400 | 2026-09-15 18:46:49
     809 | 2026-09-15 18:42:08
     460 | 2026-09-15 18:41:09
     111 | 2026-09-15 18:40:10
     520 | 2026-09-15 18:35:29
     171 | 2026-09-15 18:34:30
     822 | 2026-09-15 18:33:31
     231 | 2026-09-15 18:28:50
     882 | 2026-09-15 18:27:51
     533 | 2026-09-15 18:26:52
     942 | 2026-09-15 18:22:11
     593 | 2026-09-15 18:21:12
     244 | 2026-09-15 18:20:13
     653 | 2026-09-15 18:15:32
     304 | 2026-09-15 18:14:33
     955 | 2026-09-15 18:13:34
     364 | 2026-09-15 18:08:53
      15 | 2026-09-15 18:07:54
     666 | 2026-09-15 18:06:55
      75 | 2026-09-15 18:02:14
     726 | 2026-09-15 18:01:15
     377 | 2026-09-15 18:00:16
     786 | 2026-09-15 17:55:35
     437 | 2026-09-15 17:54:36
      88 | 2026-09-15 17:53:37
     497 | 2026-09-15 17:48:56
     148 | 2026-09-15 17:47:57
     799 | 2026-09-15 17:46:58
     208 | 2026-09-15 17:42:17
     859 | 2026-09-15 17:41:18
     510 | 2026-09-15 17:40:19
     919 | 2026-09-15 17:35:38
     570 | 2026-09-15 17:34:39
     221 | 2026-09-15 17:33:40
     630 | 2026-09-15 17:28:59
     281 | 2026-09-15 17:28:00
     932 | 2026-09-15 17:27:01
     341 | 2026-09-15 17:22:20
     992 | 2026-09-15 17:21:21
     643 | 2026-09-15 17:20:22
      52 | 2026-09-15 17:15:41
     703 | 2026-09-15 17:14:42
     354 | 2026-09-15 17:13:43
     763 | 2026-09-15 17:09:02
     414 | 2026-09-15 17:08:03
      65 | 2026-09-15 17:07:04
     474 | 2026-09-15 17:02:23
     125 | 2026-09-15 17:01:24
     776 | 2026-09-15 17:00:25
     185 | 2026-09-15 16:55:44
     836 | 2026-09-15 16:54:45
     487 | 2026-09-15 16:53:46
     896 | 2026-09-15 16:49:05
     547 | 2026-09-15 16:48:06
     198 | 2026-09-15 16:47:07
     849 | 2026-09-15 16:46:08
     607 | 2026-09-15 16:42:26
     258 | 2026-09-15 16:41:27
     909 | 2026-09-15 16:40:28
     560 | 2026-09-15 16:39:29
     318 | 2026-09-15 16:35:47
     969 | 2026-09-15 16:34:48
     620 | 2026-09-15 16:33:49
     271 | 2026-09-15 16:32:50
      29 | 2026-09-15 16:29:08
     680 | 2026-09-15 16:28:09
     331 | 2026-09-15 16:27:10
     982 | 2026-09-15 16:26:11
     740 | 2026-09-15 16:22:29
     391 | 2026-09-15 16:21:30
      42 | 2026-09-15 16:20:31
     693 | 2026-09-15 16:19:32
     451 | 2026-09-15 16:15:50
     102 | 2026-09-15 16:14:51
     753 | 2026-09-15 16:13:52
     404 | 2026-09-15 16:12:53
     162 | 2026-09-15 16:09:11
     813 | 2026-09-15 16:08:12
     464 | 2026-09-15 16:07:13
     115 | 2026-09-15 16:06:14
     873 | 2026-09-15 16:02:32
     524 | 2026-09-15 16:01:33
     175 | 2026-09-15 16:00:34
     826 | 2026-09-15 15:59:35
     235 | 2026-09-15 15:54:54
     886 | 2026-09-15 15:53:55
     537 | 2026-09-15 15:52:56
     946 | 2026-09-15 15:48:15
     597 | 2026-09-15 15:47:16
     248 | 2026-09-15 15:46:17
     657 | 2026-09-15 15:41:36
     308 | 2026-09-15 15:40:37
     959 | 2026-09-15 15:39:38
     368 | 2026-09-15 15:34:57
      19 | 2026-09-15 15:33:58
     670 | 2026-09-15 15:32:59
      79 | 2026-09-15 15:28:18
     730 | 2026-09-15 15:27:19
     381 | 2026-09-15 15:26:20
     790 | 2026-09-15 15:21:39
     441 | 2026-09-15 15:20:40
      92 | 2026-09-15 15:19:41
     501 | 2026-09-15 15:15:00
     152 | 2026-09-15 15:14:01
     803 | 2026-09-15 15:13:02
     212 | 2026-09-15 15:08:21
     863 | 2026-09-15 15:07:22
     514 | 2026-09-15 15:06:23
     923 | 2026-09-15 15:01:42
     574 | 2026-09-15 15:00:43
     225 | 2026-09-15 14:59:44
     634 | 2026-09-15 14:55:03
     285 | 2026-09-15 14:54:04
     936 | 2026-09-15 14:53:05
     345 | 2026-09-15 14:48:24
     996 | 2026-09-15 14:47:25
     647 | 2026-09-15 14:46:26
      56 | 2026-09-15 14:41:45
     707 | 2026-09-15 14:40:46
     358 | 2026-09-15 14:39:47
     767 | 2026-09-15 14:35:06
     418 | 2026-09-15 14:34:07
      69 | 2026-09-15 14:33:08
     478 | 2026-09-15 14:28:27
     129 | 2026-09-15 14:27:28
     780 | 2026-09-15 14:26:29
     189 | 2026-09-15 14:21:48
     840 | 2026-09-15 14:20:49
     491 | 2026-09-15 14:19:50
     900 | 2026-09-15 14:15:09
     551 | 2026-09-15 14:14:10
     202 | 2026-09-15 14:13:11
     611 | 2026-09-15 14:08:30
     262 | 2026-09-15 14:07:31
     913 | 2026-09-15 14:06:32
     322 | 2026-09-15 14:01:51
     973 | 2026-09-15 14:00:52
     624 | 2026-09-15 13:59:53
      33 | 2026-09-15 13:55:12
     684 | 2026-09-15 13:54:13
     335 | 2026-09-15 13:53:14
     986 | 2026-09-15 13:52:15
     744 | 2026-09-15 13:48:33
     395 | 2026-09-15 13:47:34
      46 | 2026-09-15 13:46:35
     697 | 2026-09-15 13:45:36
     455 | 2026-09-15 13:41:54
     106 | 2026-09-15 13:40:55
     757 | 2026-09-15 13:39:56
     408 | 2026-09-15 13:38:57
     166 | 2026-09-15 13:35:15
     817 | 2026-09-15 13:34:16
     468 | 2026-09-15 13:33:17
     119 | 2026-09-15 13:32:18
     877 | 2026-09-15 13:28:36
     528 | 2026-09-15 13:27:37
     179 | 2026-09-15 13:26:38
     830 | 2026-09-15 13:25:39
     588 | 2026-09-15 13:21:57
     239 | 2026-09-15 13:20:58
     890 | 2026-09-15 13:19:59
     541 | 2026-09-15 13:19:00
     299 | 2026-09-15 13:15:18
     950 | 2026-09-15 13:14:19
     601 | 2026-09-15 13:13:20
     252 | 2026-09-15 13:12:21
      10 | 2026-09-15 13:08:39
     661 | 2026-09-15 13:07:40
     312 | 2026-09-15 13:06:41
     963 | 2026-09-15 13:05:42
     372 | 2026-09-15 13:01:01
      23 | 2026-09-15 13:00:02
     674 | 2026-09-15 12:59:03
      83 | 2026-09-15 12:54:22
     734 | 2026-09-15 12:53:23
     385 | 2026-09-15 12:52:24
     794 | 2026-09-15 12:47:43
     445 | 2026-09-15 12:46:44
      96 | 2026-09-15 12:45:45
     505 | 2026-09-15 12:41:04
     156 | 2026-09-15 12:40:05
     807 | 2026-09-15 12:39:06
     216 | 2026-09-15 12:34:25
     867 | 2026-09-15 12:33:26
     518 | 2026-09-15 12:32:27
     927 | 2026-09-15 12:27:46
     578 | 2026-09-15 12:26:47
     229 | 2026-09-15 12:25:48
     638 | 2026-09-15 12:21:07
     289 | 2026-09-15 12:20:08
     940 | 2026-09-15 12:19:09
     349 | 2026-09-15 12:14:28
    1000 | 2026-09-15 12:13:29
     651 | 2026-09-15 12:12:30
      60 | 2026-09-15 12:07:49
     711 | 2026-09-15 12:06:50
     362 | 2026-09-15 12:05:51
     771 | 2026-09-15 12:01:10
     422 | 2026-09-15 12:00:11
      73 | 2026-09-15 11:59:12
     482 | 2026-09-15 11:54:31
     133 | 2026-09-15 11:53:32
     784 | 2026-09-15 11:52:33
     193 | 2026-09-15 11:47:52
     844 | 2026-09-15 11:46:53
     495 | 2026-09-15 11:45:54
     904 | 2026-09-15 11:41:13
     555 | 2026-09-15 11:40:14
     206 | 2026-09-15 11:39:15
     615 | 2026-09-15 11:34:34
     266 | 2026-09-15 11:33:35
     917 | 2026-09-15 11:32:36
     326 | 2026-09-15 11:27:55
     977 | 2026-09-15 11:26:56
     628 | 2026-09-15 11:25:57
      37 | 2026-09-15 11:21:16
     688 | 2026-09-15 11:20:17
     339 | 2026-09-15 11:19:18
     748 | 2026-09-15 11:14:37
     399 | 2026-09-15 11:13:38
      50 | 2026-09-15 11:12:39
     459 | 2026-09-15 11:07:58
     110 | 2026-09-15 11:06:59
     761 | 2026-09-15 11:06:00
     170 | 2026-09-15 11:01:19
     821 | 2026-09-15 11:00:20
     472 | 2026-09-15 10:59:21
     123 | 2026-09-15 10:58:22
     881 | 2026-09-15 10:54:40
     532 | 2026-09-15 10:53:41
     183 | 2026-09-15 10:52:42
     834 | 2026-09-15 10:51:43
     592 | 2026-09-15 10:48:01
     243 | 2026-09-15 10:47:02
     894 | 2026-09-15 10:46:03
     545 | 2026-09-15 10:45:04
     303 | 2026-09-15 10:41:22
     954 | 2026-09-15 10:40:23
     605 | 2026-09-15 10:39:24
     256 | 2026-09-15 10:38:25
      14 | 2026-09-15 10:34:43
     665 | 2026-09-15 10:33:44
     316 | 2026-09-15 10:32:45
     967 | 2026-09-15 10:31:46
     725 | 2026-09-15 10:28:04
     376 | 2026-09-15 10:27:05
      27 | 2026-09-15 10:26:06
     678 | 2026-09-15 10:25:07
     436 | 2026-09-15 10:21:25
      87 | 2026-09-15 10:20:26
     738 | 2026-09-15 10:19:27
     389 | 2026-09-15 10:18:28
     147 | 2026-09-15 10:14:46
     798 | 2026-09-15 10:13:47
     449 | 2026-09-15 10:12:48
     100 | 2026-09-15 10:11:49
     509 | 2026-09-15 10:07:08
     160 | 2026-09-15 10:06:09
     811 | 2026-09-15 10:05:10
     220 | 2026-09-15 10:00:29
     871 | 2026-09-15 09:59:30
     522 | 2026-09-15 09:58:31
     931 | 2026-09-15 09:53:50
     582 | 2026-09-15 09:52:51
     233 | 2026-09-15 09:51:52
     642 | 2026-09-15 09:47:11
     293 | 2026-09-15 09:46:12
     944 | 2026-09-15 09:45:13
     353 | 2026-09-15 09:40:32
       4 | 2026-09-15 09:39:33
     655 | 2026-09-15 09:38:34
      64 | 2026-09-15 09:33:53
     715 | 2026-09-15 09:32:54
     366 | 2026-09-15 09:31:55
     775 | 2026-09-15 09:27:14
     426 | 2026-09-15 09:26:15
      77 | 2026-09-15 09:25:16
     486 | 2026-09-15 09:20:35
     137 | 2026-09-15 09:19:36
     788 | 2026-09-15 09:18:37
     197 | 2026-09-15 09:13:56
     848 | 2026-09-15 09:12:57
     499 | 2026-09-15 09:11:58
     908 | 2026-09-15 09:07:17
     559 | 2026-09-15 09:06:18
     210 | 2026-09-15 09:05:19
     619 | 2026-09-15 09:00:38
     270 | 2026-09-15 08:59:39
     921 | 2026-09-15 08:58:40
     330 | 2026-09-15 08:53:59
     981 | 2026-09-15 08:53:00
     632 | 2026-09-15 08:52:01
      41 | 2026-09-15 08:47:20
     692 | 2026-09-15 08:46:21
     343 | 2026-09-15 08:45:22
     752 | 2026-09-15 08:40:41
     403 | 2026-09-15 08:39:42
      54 | 2026-09-15 08:38:43
     463 | 2026-09-15 08:34:02
     114 | 2026-09-15 08:33:03
     765 | 2026-09-15 08:32:04
     174 | 2026-09-15 08:27:23
     825 | 2026-09-15 08:26:24
     476 | 2026-09-15 08:25:25
     885 | 2026-09-15 08:20:44
     536 | 2026-09-15 08:19:45
     187 | 2026-09-15 08:18:46
     596 | 2026-09-15 08:14:05
     247 | 2026-09-15 08:13:06
     898 | 2026-09-15 08:12:07
     307 | 2026-09-15 08:07:26
     958 | 2026-09-15 08:06:27
     609 | 2026-09-15 08:05:28
     260 | 2026-09-15 08:04:29
      18 | 2026-09-15 08:00:47
     669 | 2026-09-15 07:59:48
     320 | 2026-09-15 07:58:49
     971 | 2026-09-15 07:57:50
     729 | 2026-09-15 07:54:08
     380 | 2026-09-15 07:53:09
      31 | 2026-09-15 07:52:10
     682 | 2026-09-15 07:51:11
     440 | 2026-09-15 07:47:29
      91 | 2026-09-15 07:46:30
     742 | 2026-09-15 07:45:31
     393 | 2026-09-15 07:44:32
     151 | 2026-09-15 07:40:50
     802 | 2026-09-15 07:39:51
     453 | 2026-09-15 07:38:52
     104 | 2026-09-15 07:37:53
     862 | 2026-09-15 07:34:11
     513 | 2026-09-15 07:33:12
     164 | 2026-09-15 07:32:13
     815 | 2026-09-15 07:31:14
     573 | 2026-09-15 07:27:32
     224 | 2026-09-15 07:26:33
     875 | 2026-09-15 07:25:34
     526 | 2026-09-15 07:24:35
     284 | 2026-09-15 07:20:53
     935 | 2026-09-15 07:19:54
     586 | 2026-09-15 07:18:55
     237 | 2026-09-15 07:17:56
     646 | 2026-09-15 07:13:15
     297 | 2026-09-15 07:12:16
     948 | 2026-09-15 07:11:17
     357 | 2026-09-15 07:06:36
       8 | 2026-09-15 07:05:37
     659 | 2026-09-15 07:04:38
      68 | 2026-09-15 06:59:57
     719 | 2026-09-15 06:58:58
     370 | 2026-09-15 06:57:59
     779 | 2026-09-15 06:53:18
     430 | 2026-09-15 06:52:19
      81 | 2026-09-15 06:51:20
     490 | 2026-09-15 06:46:39
     141 | 2026-09-15 06:45:40
     792 | 2026-09-15 06:44:41
     201 | 2026-09-15 06:40:00
     852 | 2026-09-15 06:39:01
     503 | 2026-09-15 06:38:02
     912 | 2026-09-15 06:33:21
     563 | 2026-09-15 06:32:22
     214 | 2026-09-15 06:31:23
     623 | 2026-09-15 06:26:42
     274 | 2026-09-15 06:25:43
     925 | 2026-09-15 06:24:44
     334 | 2026-09-15 06:20:03
     985 | 2026-09-15 06:19:04
     636 | 2026-09-15 06:18:05
      45 | 2026-09-15 06:13:24
     696 | 2026-09-15 06:12:25
     347 | 2026-09-15 06:11:26
     756 | 2026-09-15 06:06:45
     407 | 2026-09-15 06:05:46
      58 | 2026-09-15 06:04:47
     467 | 2026-09-15 06:00:06
     118 | 2026-09-15 05:59:07
     769 | 2026-09-15 05:58:08
     178 | 2026-09-15 05:53:27
     829 | 2026-09-15 05:52:28
     480 | 2026-09-15 05:51:29
     889 | 2026-09-15 05:46:48
     540 | 2026-09-15 05:45:49
     191 | 2026-09-15 05:44:50
     600 | 2026-09-15 05:40:09
     251 | 2026-09-15 05:39:10
     902 | 2026-09-15 05:38:11
     311 | 2026-09-15 05:33:30
     962 | 2026-09-15 05:32:31
     613 | 2026-09-15 05:31:32
      22 | 2026-09-15 05:26:51
     673 | 2026-09-15 05:25:52
     324 | 2026-09-15 05:24:53
     733 | 2026-09-15 05:20:12
     384 | 2026-09-15 05:19:13
      35 | 2026-09-15 05:18:14
     444 | 2026-09-15 05:13:33
      95 | 2026-09-15 05:12:34
     746 | 2026-09-15 05:11:35
     397 | 2026-09-15 05:10:36
     155 | 2026-09-15 05:06:54
     806 | 2026-09-15 05:05:55
     457 | 2026-09-15 05:04:56
     108 | 2026-09-15 05:03:57
     866 | 2026-09-15 05:00:15
     517 | 2026-09-15 04:59:16
     168 | 2026-09-15 04:58:17
     819 | 2026-09-15 04:57:18
     577 | 2026-09-15 04:53:36
     228 | 2026-09-15 04:52:37
     879 | 2026-09-15 04:51:38
     530 | 2026-09-15 04:50:39
     288 | 2026-09-15 04:46:57
     939 | 2026-09-15 04:45:58
     590 | 2026-09-15 04:44:59
     241 | 2026-09-15 04:44:00
     999 | 2026-09-15 04:40:18
     650 | 2026-09-15 04:39:19
     301 | 2026-09-15 04:38:20
     952 | 2026-09-15 04:37:21
     710 | 2026-09-15 04:33:39
     361 | 2026-09-15 04:32:40
      12 | 2026-09-15 04:31:41
     663 | 2026-09-15 04:30:42
     421 | 2026-09-15 04:27:00
      72 | 2026-09-15 04:26:01
     723 | 2026-09-15 04:25:02
     374 | 2026-09-15 04:24:03
     783 | 2026-09-15 04:19:22
     434 | 2026-09-15 04:18:23
      85 | 2026-09-15 04:17:24
     494 | 2026-09-15 04:12:43
     145 | 2026-09-15 04:11:44
     796 | 2026-09-15 04:10:45
     205 | 2026-09-15 04:06:04
     856 | 2026-09-15 04:05:05
     507 | 2026-09-15 04:04:06
     916 | 2026-09-15 03:59:25
     567 | 2026-09-15 03:58:26
     218 | 2026-09-15 03:57:27
     627 | 2026-09-15 03:52:46
     278 | 2026-09-15 03:51:47
     929 | 2026-09-15 03:50:48
     338 | 2026-09-15 03:46:07
     989 | 2026-09-15 03:45:08
     640 | 2026-09-15 03:44:09
      49 | 2026-09-15 03:39:28
     700 | 2026-09-15 03:38:29
     351 | 2026-09-15 03:37:30
     760 | 2026-09-15 03:32:49
     411 | 2026-09-15 03:31:50
      62 | 2026-09-15 03:30:51
     471 | 2026-09-15 03:26:10
     122 | 2026-09-15 03:25:11
     773 | 2026-09-15 03:24:12
     182 | 2026-09-15 03:19:31
     833 | 2026-09-15 03:18:32
     484 | 2026-09-15 03:17:33
     893 | 2026-09-15 03:12:52
     544 | 2026-09-15 03:11:53
     195 | 2026-09-15 03:10:54
     604 | 2026-09-15 03:06:13
     255 | 2026-09-15 03:05:14
     906 | 2026-09-15 03:04:15
     315 | 2026-09-15 02:59:34
     966 | 2026-09-15 02:58:35
     617 | 2026-09-15 02:57:36
      26 | 2026-09-15 02:52:55
     677 | 2026-09-15 02:51:56
     328 | 2026-09-15 02:50:57
     737 | 2026-09-15 02:46:16
     388 | 2026-09-15 02:45:17
      39 | 2026-09-15 02:44:18
     448 | 2026-09-15 02:39:37
      99 | 2026-09-15 02:38:38
     750 | 2026-09-15 02:37:39
     159 | 2026-09-15 02:32:58
     810 | 2026-09-15 02:31:59
     461 | 2026-09-15 02:31:00
     870 | 2026-09-15 02:26:19
     521 | 2026-09-15 02:25:20
     172 | 2026-09-15 02:24:21
     581 | 2026-09-15 02:19:40
     232 | 2026-09-15 02:18:41
     883 | 2026-09-15 02:17:42
     534 | 2026-09-15 02:16:43
     292 | 2026-09-15 02:13:01
     943 | 2026-09-15 02:12:02
     594 | 2026-09-15 02:11:03
     245 | 2026-09-15 02:10:04
       3 | 2026-09-15 02:06:22
     654 | 2026-09-15 02:05:23
     305 | 2026-09-15 02:04:24
     956 | 2026-09-15 02:03:25
     714 | 2026-09-15 01:59:43
     365 | 2026-09-15 01:58:44
      16 | 2026-09-15 01:57:45
     667 | 2026-09-15 01:56:46
     425 | 2026-09-15 01:53:04
      76 | 2026-09-15 01:52:05
     727 | 2026-09-15 01:51:06
     378 | 2026-09-15 01:50:07
     136 | 2026-09-15 01:46:25
     787 | 2026-09-15 01:45:26
     438 | 2026-09-15 01:44:27
      89 | 2026-09-15 01:43:28
     847 | 2026-09-15 01:39:46
     498 | 2026-09-15 01:38:47
     149 | 2026-09-15 01:37:48
     800 | 2026-09-15 01:36:49
     558 | 2026-09-15 01:33:07
     209 | 2026-09-15 01:32:08
     860 | 2026-09-15 01:31:09
     511 | 2026-09-15 01:30:10
     920 | 2026-09-15 01:25:29
     571 | 2026-09-15 01:24:30
     222 | 2026-09-15 01:23:31
     631 | 2026-09-15 01:18:50
     282 | 2026-09-15 01:17:51
     933 | 2026-09-15 01:16:52
     342 | 2026-09-15 01:12:11
     993 | 2026-09-15 01:11:12
     644 | 2026-09-15 01:10:13
      53 | 2026-09-15 01:05:32
     704 | 2026-09-15 01:04:33
     355 | 2026-09-15 01:03:34
     764 | 2026-09-15 00:58:53
     415 | 2026-09-15 00:57:54
      66 | 2026-09-15 00:56:55
     475 | 2026-09-15 00:52:14
     126 | 2026-09-15 00:51:15
     777 | 2026-09-15 00:50:16
     186 | 2026-09-15 00:45:35
     837 | 2026-09-15 00:44:36
     488 | 2026-09-15 00:43:37
     897 | 2026-09-15 00:38:56
     548 | 2026-09-15 00:37:57
     199 | 2026-09-15 00:36:58
     608 | 2026-09-15 00:32:17
     259 | 2026-09-15 00:31:18
     910 | 2026-09-15 00:30:19
     319 | 2026-09-15 00:25:38
     970 | 2026-09-15 00:24:39
     621 | 2026-09-15 00:23:40
      30 | 2026-09-15 00:18:59
     681 | 2026-09-15 00:18:00
     332 | 2026-09-15 00:17:01
     741 | 2026-09-15 00:12:20
     392 | 2026-09-15 00:11:21
      43 | 2026-09-15 00:10:22
     452 | 2026-09-15 00:05:41
     103 | 2026-09-15 00:04:42
     754 | 2026-09-15 00:03:43
     163 | 2026-09-14 23:59:02
     814 | 2026-09-14 23:58:03
     465 | 2026-09-14 23:57:04
     874 | 2026-09-14 23:52:23
     525 | 2026-09-14 23:51:24
     176 | 2026-09-14 23:50:25
     585 | 2026-09-14 23:45:44
     236 | 2026-09-14 23:44:45
     887 | 2026-09-14 23:43:46
     296 | 2026-09-14 23:39:05
     947 | 2026-09-14 23:38:06
     598 | 2026-09-14 23:37:07
       7 | 2026-09-14 23:32:26
     658 | 2026-09-14 23:31:27
     309 | 2026-09-14 23:30:28
     718 | 2026-09-14 23:25:47
     369 | 2026-09-14 23:24:48
      20 | 2026-09-14 23:23:49
     671 | 2026-09-14 23:22:50
     429 | 2026-09-14 23:19:08
      80 | 2026-09-14 23:18:09
     731 | 2026-09-14 23:17:10
     382 | 2026-09-14 23:16:11
     140 | 2026-09-14 23:12:29
     791 | 2026-09-14 23:11:30
     442 | 2026-09-14 23:10:31
      93 | 2026-09-14 23:09:32
     851 | 2026-09-14 23:05:50
     502 | 2026-09-14 23:04:51
     153 | 2026-09-14 23:03:52
     804 | 2026-09-14 23:02:53
     562 | 2026-09-14 22:59:11
     213 | 2026-09-14 22:58:12
     864 | 2026-09-14 22:57:13
     515 | 2026-09-14 22:56:14
     273 | 2026-09-14 22:52:32
     924 | 2026-09-14 22:51:33
     575 | 2026-09-14 22:50:34
     226 | 2026-09-14 22:49:35
     984 | 2026-09-14 22:45:53
     635 | 2026-09-14 22:44:54
     286 | 2026-09-14 22:43:55
     937 | 2026-09-14 22:42:56
     695 | 2026-09-14 22:39:14
     346 | 2026-09-14 22:38:15
     997 | 2026-09-14 22:37:16
     648 | 2026-09-14 22:36:17
      57 | 2026-09-14 22:31:36
     708 | 2026-09-14 22:30:37
     359 | 2026-09-14 22:29:38
     768 | 2026-09-14 22:24:57
     419 | 2026-09-14 22:23:58
      70 | 2026-09-14 22:22:59
     479 | 2026-09-14 22:18:18
     130 | 2026-09-14 22:17:19
     781 | 2026-09-14 22:16:20
     190 | 2026-09-14 22:11:39
     841 | 2026-09-14 22:10:40
     492 | 2026-09-14 22:09:41
     901 | 2026-09-14 22:05:00
     552 | 2026-09-14 22:04:01
     203 | 2026-09-14 22:03:02
     612 | 2026-09-14 21:58:21
     263 | 2026-09-14 21:57:22
     914 | 2026-09-14 21:56:23
     323 | 2026-09-14 21:51:42
     974 | 2026-09-14 21:50:43
     625 | 2026-09-14 21:49:44
      34 | 2026-09-14 21:45:03
     685 | 2026-09-14 21:44:04
     336 | 2026-09-14 21:43:05
     745 | 2026-09-14 21:38:24
     396 | 2026-09-14 21:37:25
      47 | 2026-09-14 21:36:26
     456 | 2026-09-14 21:31:45
     107 | 2026-09-14 21:30:46
     758 | 2026-09-14 21:29:47
     167 | 2026-09-14 21:25:06
     818 | 2026-09-14 21:24:07
     469 | 2026-09-14 21:23:08
     878 | 2026-09-14 21:18:27
     529 | 2026-09-14 21:17:28
     180 | 2026-09-14 21:16:29
     589 | 2026-09-14 21:11:48
     240 | 2026-09-14 21:10:49
     891 | 2026-09-14 21:09:50
     300 | 2026-09-14 21:05:09
     951 | 2026-09-14 21:04:10
     602 | 2026-09-14 21:03:11
      11 | 2026-09-14 20:58:30
     662 | 2026-09-14 20:57:31
     313 | 2026-09-14 20:56:32
     722 | 2026-09-14 20:51:51
     373 | 2026-09-14 20:50:52
      24 | 2026-09-14 20:49:53
     433 | 2026-09-14 20:45:12
      84 | 2026-09-14 20:44:13
     735 | 2026-09-14 20:43:14
     144 | 2026-09-14 20:38:33
     795 | 2026-09-14 20:37:34
     446 | 2026-09-14 20:36:35
     855 | 2026-09-14 20:31:54
     506 | 2026-09-14 20:30:55
     157 | 2026-09-14 20:29:56
     808 | 2026-09-14 20:28:57
     566 | 2026-09-14 20:25:15
     217 | 2026-09-14 20:24:16
     868 | 2026-09-14 20:23:17
     519 | 2026-09-14 20:22:18
     277 | 2026-09-14 20:18:36
     928 | 2026-09-14 20:17:37
     579 | 2026-09-14 20:16:38
     230 | 2026-09-14 20:15:39
     988 | 2026-09-14 20:11:57
     639 | 2026-09-14 20:10:58
     290 | 2026-09-14 20:09:59
     941 | 2026-09-14 20:09:00
     699 | 2026-09-14 20:05:18
     350 | 2026-09-14 20:04:19
       1 | 2026-09-14 20:03:20
     652 | 2026-09-14 20:02:21
     410 | 2026-09-14 19:58:39
      61 | 2026-09-14 19:57:40
     712 | 2026-09-14 19:56:41
     363 | 2026-09-14 19:55:42
     121 | 2026-09-14 19:52:00
     772 | 2026-09-14 19:51:01
     423 | 2026-09-14 19:50:02
      74 | 2026-09-14 19:49:03
     832 | 2026-09-14 19:45:21
     483 | 2026-09-14 19:44:22
     134 | 2026-09-14 19:43:23
     785 | 2026-09-14 19:42:24
     543 | 2026-09-14 19:38:42
     194 | 2026-09-14 19:37:43
     845 | 2026-09-14 19:36:44
     496 | 2026-09-14 19:35:45
     905 | 2026-09-14 19:31:04
     556 | 2026-09-14 19:30:05
     207 | 2026-09-14 19:29:06
     616 | 2026-09-14 19:24:25
     267 | 2026-09-14 19:23:26
     918 | 2026-09-14 19:22:27
     327 | 2026-09-14 19:17:46
     978 | 2026-09-14 19:16:47
     629 | 2026-09-14 19:15:48
      38 | 2026-09-14 19:11:07
     689 | 2026-09-14 19:10:08
     340 | 2026-09-14 19:09:09
     749 | 2026-09-14 19:04:28
     400 | 2026-09-14 19:03:29
      51 | 2026-09-14 19:02:30
     460 | 2026-09-14 18:57:49
     111 | 2026-09-14 18:56:50
     762 | 2026-09-14 18:55:51
     171 | 2026-09-14 18:51:10
     822 | 2026-09-14 18:50:11
     473 | 2026-09-14 18:49:12
     882 | 2026-09-14 18:44:31
     533 | 2026-09-14 18:43:32
     184 | 2026-09-14 18:42:33
     593 | 2026-09-14 18:37:52
     244 | 2026-09-14 18:36:53
     895 | 2026-09-14 18:35:54
     304 | 2026-09-14 18:31:13
     955 | 2026-09-14 18:30:14
     606 | 2026-09-14 18:29:15
      15 | 2026-09-14 18:24:34
     666 | 2026-09-14 18:23:35
     317 | 2026-09-14 18:22:36
     726 | 2026-09-14 18:17:55
     377 | 2026-09-14 18:16:56
      28 | 2026-09-14 18:15:57
     437 | 2026-09-14 18:11:16
      88 | 2026-09-14 18:10:17
     739 | 2026-09-14 18:09:18
     148 | 2026-09-14 18:04:37
     799 | 2026-09-14 18:03:38
     450 | 2026-09-14 18:02:39
     859 | 2026-09-14 17:57:58
     510 | 2026-09-14 17:56:59
     161 | 2026-09-14 17:56:00
     570 | 2026-09-14 17:51:19
     221 | 2026-09-14 17:50:20
     872 | 2026-09-14 17:49:21
     281 | 2026-09-14 17:44:40
     932 | 2026-09-14 17:43:41
     583 | 2026-09-14 17:42:42
     992 | 2026-09-14 17:38:01
     643 | 2026-09-14 17:37:02
     294 | 2026-09-14 17:36:03
     945 | 2026-09-14 17:35:04
     703 | 2026-09-14 17:31:22
     354 | 2026-09-14 17:30:23
       5 | 2026-09-14 17:29:24
     656 | 2026-09-14 17:28:25
     414 | 2026-09-14 17:24:43
      65 | 2026-09-14 17:23:44
     716 | 2026-09-14 17:22:45
     367 | 2026-09-14 17:21:46
     125 | 2026-09-14 17:18:04
     776 | 2026-09-14 17:17:05
     427 | 2026-09-14 17:16:06
      78 | 2026-09-14 17:15:07
     836 | 2026-09-14 17:11:25
     487 | 2026-09-14 17:10:26
     138 | 2026-09-14 17:09:27
     789 | 2026-09-14 17:08:28
     547 | 2026-09-14 17:04:46
     198 | 2026-09-14 17:03:47
     849 | 2026-09-14 17:02:48
     500 | 2026-09-14 17:01:49
     258 | 2026-09-14 16:58:07
     909 | 2026-09-14 16:57:08
     560 | 2026-09-14 16:56:09
     211 | 2026-09-14 16:55:10
     969 | 2026-09-14 16:51:28
     620 | 2026-09-14 16:50:29
     271 | 2026-09-14 16:49:30
     922 | 2026-09-14 16:48:31
     680 | 2026-09-14 16:44:49
     331 | 2026-09-14 16:43:50
     982 | 2026-09-14 16:42:51
     633 | 2026-09-14 16:41:52
      42 | 2026-09-14 16:37:11
     693 | 2026-09-14 16:36:12
     344 | 2026-09-14 16:35:13
     753 | 2026-09-14 16:30:32
     404 | 2026-09-14 16:29:33
      55 | 2026-09-14 16:28:34
     464 | 2026-09-14 16:23:53
     115 | 2026-09-14 16:22:54
     766 | 2026-09-14 16:21:55
     175 | 2026-09-14 16:17:14
     826 | 2026-09-14 16:16:15
     477 | 2026-09-14 16:15:16
     886 | 2026-09-14 16:10:35
     537 | 2026-09-14 16:09:36
     188 | 2026-09-14 16:08:37
     597 | 2026-09-14 16:03:56
     248 | 2026-09-14 16:02:57
     899 | 2026-09-14 16:01:58
     308 | 2026-09-14 15:57:17
     959 | 2026-09-14 15:56:18
     610 | 2026-09-14 15:55:19
      19 | 2026-09-14 15:50:38
     670 | 2026-09-14 15:49:39
     321 | 2026-09-14 15:48:40
     730 | 2026-09-14 15:43:59
     381 | 2026-09-14 15:43:00
      32 | 2026-09-14 15:42:01
     441 | 2026-09-14 15:37:20
      92 | 2026-09-14 15:36:21
     743 | 2026-09-14 15:35:22
     152 | 2026-09-14 15:30:41
     803 | 2026-09-14 15:29:42
     454 | 2026-09-14 15:28:43
     863 | 2026-09-14 15:24:02
     514 | 2026-09-14 15:23:03
     165 | 2026-09-14 15:22:04
     574 | 2026-09-14 15:17:23
     225 | 2026-09-14 15:16:24
     876 | 2026-09-14 15:15:25
     285 | 2026-09-14 15:10:44
     936 | 2026-09-14 15:09:45
     587 | 2026-09-14 15:08:46
     996 | 2026-09-14 15:04:05
     647 | 2026-09-14 15:03:06
     298 | 2026-09-14 15:02:07
     707 | 2026-09-14 14:57:26
     358 | 2026-09-14 14:56:27
       9 | 2026-09-14 14:55:28
     418 | 2026-09-14 14:50:47
      69 | 2026-09-14 14:49:48
     720 | 2026-09-14 14:48:49
     129 | 2026-09-14 14:44:08
     780 | 2026-09-14 14:43:09
     431 | 2026-09-14 14:42:10
      82 | 2026-09-14 14:41:11
     840 | 2026-09-14 14:37:29
     491 | 2026-09-14 14:36:30
     142 | 2026-09-14 14:35:31
     793 | 2026-09-14 14:34:32
     551 | 2026-09-14 14:30:50
     202 | 2026-09-14 14:29:51
     853 | 2026-09-14 14:28:52
     504 | 2026-09-14 14:27:53
     262 | 2026-09-14 14:24:11
     913 | 2026-09-14 14:23:12
     564 | 2026-09-14 14:22:13
     215 | 2026-09-14 14:21:14
     973 | 2026-09-14 14:17:32
     624 | 2026-09-14 14:16:33
     275 | 2026-09-14 14:15:34
     926 | 2026-09-14 14:14:35
     684 | 2026-09-14 14:10:53
     335 | 2026-09-14 14:09:54
     986 | 2026-09-14 14:08:55
     637 | 2026-09-14 14:07:56
     395 | 2026-09-14 14:04:14
      46 | 2026-09-14 14:03:15
     697 | 2026-09-14 14:02:16
     348 | 2026-09-14 14:01:17
     106 | 2026-09-14 13:57:35
     757 | 2026-09-14 13:56:36
     408 | 2026-09-14 13:55:37
      59 | 2026-09-14 13:54:38
     817 | 2026-09-14 13:50:56
     468 | 2026-09-14 13:49:57
     119 | 2026-09-14 13:48:58
     770 | 2026-09-14 13:47:59
     179 | 2026-09-14 13:43:18
     830 | 2026-09-14 13:42:19
     481 | 2026-09-14 13:41:20
     890 | 2026-09-14 13:36:39
     541 | 2026-09-14 13:35:40
     192 | 2026-09-14 13:34:41
     601 | 2026-09-14 13:30:00
     252 | 2026-09-14 13:29:01
     903 | 2026-09-14 13:28:02
     312 | 2026-09-14 13:23:21
     963 | 2026-09-14 13:22:22
     614 | 2026-09-14 13:21:23
      23 | 2026-09-14 13:16:42
     674 | 2026-09-14 13:15:43
     325 | 2026-09-14 13:14:44
     734 | 2026-09-14 13:10:03
     385 | 2026-09-14 13:09:04
      36 | 2026-09-14 13:08:05
     445 | 2026-09-14 13:03:24
      96 | 2026-09-14 13:02:25
     747 | 2026-09-14 13:01:26
     156 | 2026-09-14 12:56:45
     807 | 2026-09-14 12:55:46
     458 | 2026-09-14 12:54:47
     867 | 2026-09-14 12:50:06
     518 | 2026-09-14 12:49:07
     169 | 2026-09-14 12:48:08
     578 | 2026-09-14 12:43:27
     229 | 2026-09-14 12:42:28
     880 | 2026-09-14 12:41:29
     289 | 2026-09-14 12:36:48
     940 | 2026-09-14 12:35:49
     591 | 2026-09-14 12:34:50
    1000 | 2026-09-14 12:30:09
     651 | 2026-09-14 12:29:10
     302 | 2026-09-14 12:28:11
     711 | 2026-09-14 12:23:30
     362 | 2026-09-14 12:22:31
      13 | 2026-09-14 12:21:32
     422 | 2026-09-14 12:16:51
      73 | 2026-09-14 12:15:52
     724 | 2026-09-14 12:14:53
     133 | 2026-09-14 12:10:12
     784 | 2026-09-14 12:09:13
     435 | 2026-09-14 12:08:14
     844 | 2026-09-14 12:03:33
     495 | 2026-09-14 12:02:34
     146 | 2026-09-14 12:01:35
     555 | 2026-09-14 11:56:54
     206 | 2026-09-14 11:55:55
     857 | 2026-09-14 11:54:56
     266 | 2026-09-14 11:50:15
     917 | 2026-09-14 11:49:16
     568 | 2026-09-14 11:48:17
     977 | 2026-09-14 11:43:36
     628 | 2026-09-14 11:42:37
     279 | 2026-09-14 11:41:38
     930 | 2026-09-14 11:40:39
     688 | 2026-09-14 11:36:57
     339 | 2026-09-14 11:35:58
     990 | 2026-09-14 11:34:59
     641 | 2026-09-14 11:34:00
     399 | 2026-09-14 11:30:18
      50 | 2026-09-14 11:29:19
     701 | 2026-09-14 11:28:20
     352 | 2026-09-14 11:27:21
     110 | 2026-09-14 11:23:39
     761 | 2026-09-14 11:22:40
     412 | 2026-09-14 11:21:41
      63 | 2026-09-14 11:20:42
     821 | 2026-09-14 11:17:00
     472 | 2026-09-14 11:16:01
     123 | 2026-09-14 11:15:02
     774 | 2026-09-14 11:14:03
     532 | 2026-09-14 11:10:21
     183 | 2026-09-14 11:09:22
     834 | 2026-09-14 11:08:23
     485 | 2026-09-14 11:07:24
     243 | 2026-09-14 11:03:42
     894 | 2026-09-14 11:02:43
     545 | 2026-09-14 11:01:44
     196 | 2026-09-14 11:00:45
     954 | 2026-09-14 10:57:03
     605 | 2026-09-14 10:56:04
     256 | 2026-09-14 10:55:05
     907 | 2026-09-14 10:54:06
     316 | 2026-09-14 10:49:25
     967 | 2026-09-14 10:48:26
     618 | 2026-09-14 10:47:27
      27 | 2026-09-14 10:42:46
     678 | 2026-09-14 10:41:47
     329 | 2026-09-14 10:40:48
     738 | 2026-09-14 10:36:07
     389 | 2026-09-14 10:35:08
      40 | 2026-09-14 10:34:09
     449 | 2026-09-14 10:29:28
     100 | 2026-09-14 10:28:29
     751 | 2026-09-14 10:27:30
     160 | 2026-09-14 10:22:49
     811 | 2026-09-14 10:21:50
     462 | 2026-09-14 10:20:51
     871 | 2026-09-14 10:16:10
     522 | 2026-09-14 10:15:11
     173 | 2026-09-14 10:14:12
     582 | 2026-09-14 10:09:31
     233 | 2026-09-14 10:08:32
     884 | 2026-09-14 10:07:33
     293 | 2026-09-14 10:02:52
     944 | 2026-09-14 10:01:53
     595 | 2026-09-14 10:00:54
       4 | 2026-09-14 09:56:13
     655 | 2026-09-14 09:55:14
     306 | 2026-09-14 09:54:15
     715 | 2026-09-14 09:49:34
     366 | 2026-09-14 09:48:35
      17 | 2026-09-14 09:47:36
     426 | 2026-09-14 09:42:55
      77 | 2026-09-14 09:41:56
     728 | 2026-09-14 09:40:57
     137 | 2026-09-14 09:36:16
     788 | 2026-09-14 09:35:17
     439 | 2026-09-14 09:34:18
     848 | 2026-09-14 09:29:37
     499 | 2026-09-14 09:28:38
     150 | 2026-09-14 09:27:39
     559 | 2026-09-14 09:22:58
     210 | 2026-09-14 09:21:59
     861 | 2026-09-14 09:21:00
     270 | 2026-09-14 09:16:19
     921 | 2026-09-14 09:15:20
     572 | 2026-09-14 09:14:21
     981 | 2026-09-14 09:09:40
     632 | 2026-09-14 09:08:41
     283 | 2026-09-14 09:07:42
     692 | 2026-09-14 09:03:01
     343 | 2026-09-14 09:02:02
     994 | 2026-09-14 09:01:03
     403 | 2026-09-14 08:56:22
      54 | 2026-09-14 08:55:23
     705 | 2026-09-14 08:54:24
     114 | 2026-09-14 08:49:43
     765 | 2026-09-14 08:48:44
     416 | 2026-09-14 08:47:45
      67 | 2026-09-14 08:46:46
     825 | 2026-09-14 08:43:04
     476 | 2026-09-14 08:42:05
     127 | 2026-09-14 08:41:06
     778 | 2026-09-14 08:40:07
     536 | 2026-09-14 08:36:25
     187 | 2026-09-14 08:35:26
     838 | 2026-09-14 08:34:27
     489 | 2026-09-14 08:33:28
     247 | 2026-09-14 08:29:46
     898 | 2026-09-14 08:28:47
     549 | 2026-09-14 08:27:48
     200 | 2026-09-14 08:26:49
     958 | 2026-09-14 08:23:07
     609 | 2026-09-14 08:22:08
     260 | 2026-09-14 08:21:09
     911 | 2026-09-14 08:20:10
     669 | 2026-09-14 08:16:28
     320 | 2026-09-14 08:15:29
     971 | 2026-09-14 08:14:30
     622 | 2026-09-14 08:13:31
     380 | 2026-09-14 08:09:49
      31 | 2026-09-14 08:08:50
     682 | 2026-09-14 08:07:51
     333 | 2026-09-14 08:06:52
      91 | 2026-09-14 08:03:10
     742 | 2026-09-14 08:02:11
     393 | 2026-09-14 08:01:12
      44 | 2026-09-14 08:00:13
     453 | 2026-09-14 07:55:32
     104 | 2026-09-14 07:54:33
     755 | 2026-09-14 07:53:34
     164 | 2026-09-14 07:48:53
     815 | 2026-09-14 07:47:54
     466 | 2026-09-14 07:46:55
     875 | 2026-09-14 07:42:14
     526 | 2026-09-14 07:41:15
     177 | 2026-09-14 07:40:16
     586 | 2026-09-14 07:35:35
     237 | 2026-09-14 07:34:36
     888 | 2026-09-14 07:33:37
     297 | 2026-09-14 07:28:56
     948 | 2026-09-14 07:27:57
     599 | 2026-09-14 07:26:58
       8 | 2026-09-14 07:22:17
     659 | 2026-09-14 07:21:18
     310 | 2026-09-14 07:20:19
     719 | 2026-09-14 07:15:38
     370 | 2026-09-14 07:14:39
      21 | 2026-09-14 07:13:40
     430 | 2026-09-14 07:08:59
      81 | 2026-09-14 07:08:00
     732 | 2026-09-14 07:07:01
     141 | 2026-09-14 07:02:20
     792 | 2026-09-14 07:01:21
     443 | 2026-09-14 07:00:22
     852 | 2026-09-14 06:55:41
     503 | 2026-09-14 06:54:42
     154 | 2026-09-14 06:53:43
     563 | 2026-09-14 06:49:02
     214 | 2026-09-14 06:48:03
     865 | 2026-09-14 06:47:04
     274 | 2026-09-14 06:42:23
     925 | 2026-09-14 06:41:24
     576 | 2026-09-14 06:40:25
     985 | 2026-09-14 06:35:44
     636 | 2026-09-14 06:34:45
     287 | 2026-09-14 06:33:46
     696 | 2026-09-14 06:29:05
     347 | 2026-09-14 06:28:06
     998 | 2026-09-14 06:27:07
     407 | 2026-09-14 06:22:26
      58 | 2026-09-14 06:21:27
     709 | 2026-09-14 06:20:28
     118 | 2026-09-14 06:15:47
     769 | 2026-09-14 06:14:48
     420 | 2026-09-14 06:13:49
     829 | 2026-09-14 06:09:08
     480 | 2026-09-14 06:08:09
     131 | 2026-09-14 06:07:10
     540 | 2026-09-14 06:02:29
     191 | 2026-09-14 06:01:30
     842 | 2026-09-14 06:00:31
     251 | 2026-09-14 05:55:50
     902 | 2026-09-14 05:54:51
     553 | 2026-09-14 05:53:52
     204 | 2026-09-14 05:52:53
     962 | 2026-09-14 05:49:11
     613 | 2026-09-14 05:48:12
     264 | 2026-09-14 05:47:13
     915 | 2026-09-14 05:46:14
     673 | 2026-09-14 05:42:32
     324 | 2026-09-14 05:41:33
     975 | 2026-09-14 05:40:34
     626 | 2026-09-14 05:39:35
     384 | 2026-09-14 05:35:53
      35 | 2026-09-14 05:34:54
     686 | 2026-09-14 05:33:55
     337 | 2026-09-14 05:32:56
      95 | 2026-09-14 05:29:14
     746 | 2026-09-14 05:28:15
     397 | 2026-09-14 05:27:16
      48 | 2026-09-14 05:26:17
     806 | 2026-09-14 05:22:35
     457 | 2026-09-14 05:21:36
     108 | 2026-09-14 05:20:37
     759 | 2026-09-14 05:19:38
     517 | 2026-09-14 05:15:56
     168 | 2026-09-14 05:14:57
     819 | 2026-09-14 05:13:58
     470 | 2026-09-14 05:12:59
     228 | 2026-09-14 05:09:17
     879 | 2026-09-14 05:08:18
     530 | 2026-09-14 05:07:19
     181 | 2026-09-14 05:06:20
     590 | 2026-09-14 05:01:39
     241 | 2026-09-14 05:00:40
     892 | 2026-09-14 04:59:41
     301 | 2026-09-14 04:55:00
     952 | 2026-09-14 04:54:01
     603 | 2026-09-14 04:53:02
      12 | 2026-09-14 04:48:21
     663 | 2026-09-14 04:47:22
     314 | 2026-09-14 04:46:23
     723 | 2026-09-14 04:41:42
     374 | 2026-09-14 04:40:43
      25 | 2026-09-14 04:39:44
     434 | 2026-09-14 04:35:03
      85 | 2026-09-14 04:34:04
     736 | 2026-09-14 04:33:05
     145 | 2026-09-14 04:28:24
     796 | 2026-09-14 04:27:25
     447 | 2026-09-14 04:26:26
     856 | 2026-09-14 04:21:45
     507 | 2026-09-14 04:20:46
     158 | 2026-09-14 04:19:47
     567 | 2026-09-14 04:15:06
     218 | 2026-09-14 04:14:07
     869 | 2026-09-14 04:13:08
     278 | 2026-09-14 04:08:27
     929 | 2026-09-14 04:07:28
     580 | 2026-09-14 04:06:29
     989 | 2026-09-14 04:01:48
     640 | 2026-09-14 04:00:49
     291 | 2026-09-14 03:59:50
     700 | 2026-09-14 03:55:09
     351 | 2026-09-14 03:54:10
       2 | 2026-09-14 03:53:11
     411 | 2026-09-14 03:48:30
      62 | 2026-09-14 03:47:31
     713 | 2026-09-14 03:46:32
     122 | 2026-09-14 03:41:51
     773 | 2026-09-14 03:40:52
     424 | 2026-09-14 03:39:53
     833 | 2026-09-14 03:35:12
     484 | 2026-09-14 03:34:13
     135 | 2026-09-14 03:33:14
     544 | 2026-09-14 03:28:33
     195 | 2026-09-14 03:27:34
     846 | 2026-09-14 03:26:35
     255 | 2026-09-14 03:21:54
     906 | 2026-09-14 03:20:55
     557 | 2026-09-14 03:19:56
     966 | 2026-09-14 03:15:15
     617 | 2026-09-14 03:14:16
     268 | 2026-09-14 03:13:17
     677 | 2026-09-14 03:08:36
     328 | 2026-09-14 03:07:37
     979 | 2026-09-14 03:06:38
     388 | 2026-09-14 03:01:57
      39 | 2026-09-14 03:00:58
     690 | 2026-09-14 02:59:59
     341 | 2026-09-14 02:59:00
      99 | 2026-09-14 02:55:18
     750 | 2026-09-14 02:54:19
     401 | 2026-09-14 02:53:20
      52 | 2026-09-14 02:52:21
     810 | 2026-09-14 02:48:39
     461 | 2026-09-14 02:47:40
     112 | 2026-09-14 02:46:41
     763 | 2026-09-14 02:45:42
     521 | 2026-09-14 02:42:00
     172 | 2026-09-14 02:41:01
     823 | 2026-09-14 02:40:02
     474 | 2026-09-14 02:39:03
     232 | 2026-09-14 02:35:21
     883 | 2026-09-14 02:34:22
     534 | 2026-09-14 02:33:23
     185 | 2026-09-14 02:32:24
     943 | 2026-09-14 02:28:42
     594 | 2026-09-14 02:27:43
     245 | 2026-09-14 02:26:44
     896 | 2026-09-14 02:25:45
     654 | 2026-09-14 02:22:03
     305 | 2026-09-14 02:21:04
     956 | 2026-09-14 02:20:05
     607 | 2026-09-14 02:19:06
     365 | 2026-09-14 02:15:24
      16 | 2026-09-14 02:14:25
     667 | 2026-09-14 02:13:26
     318 | 2026-09-14 02:12:27
     727 | 2026-09-14 02:07:46
     378 | 2026-09-14 02:06:47
      29 | 2026-09-14 02:05:48
     438 | 2026-09-14 02:01:07
      89 | 2026-09-14 02:00:08
     740 | 2026-09-14 01:59:09
     149 | 2026-09-14 01:54:28
     800 | 2026-09-14 01:53:29
     451 | 2026-09-14 01:52:30
     860 | 2026-09-14 01:47:49
     511 | 2026-09-14 01:46:50
     162 | 2026-09-14 01:45:51
     571 | 2026-09-14 01:41:10
     222 | 2026-09-14 01:40:11
     873 | 2026-09-14 01:39:12
     282 | 2026-09-14 01:34:31
     933 | 2026-09-14 01:33:32
     584 | 2026-09-14 01:32:33
     993 | 2026-09-14 01:27:52
     644 | 2026-09-14 01:26:53
     295 | 2026-09-14 01:25:54
     704 | 2026-09-14 01:21:13
     355 | 2026-09-14 01:20:14
       6 | 2026-09-14 01:19:15
     415 | 2026-09-14 01:14:34
      66 | 2026-09-14 01:13:35
     717 | 2026-09-14 01:12:36
     126 | 2026-09-14 01:07:55
     777 | 2026-09-14 01:06:56
     428 | 2026-09-14 01:05:57
     837 | 2026-09-14 01:01:16
     488 | 2026-09-14 01:00:17
     139 | 2026-09-14 00:59:18
     548 | 2026-09-14 00:54:37
     199 | 2026-09-14 00:53:38
     850 | 2026-09-14 00:52:39
     259 | 2026-09-14 00:47:58
     910 | 2026-09-14 00:46:59
     561 | 2026-09-14 00:46:00
     970 | 2026-09-14 00:41:19
     621 | 2026-09-14 00:40:20
     272 | 2026-09-14 00:39:21
     681 | 2026-09-14 00:34:40
     332 | 2026-09-14 00:33:41
     983 | 2026-09-14 00:32:42
     392 | 2026-09-14 00:28:01
      43 | 2026-09-14 00:27:02
     694 | 2026-09-14 00:26:03
     103 | 2026-09-14 00:21:22
     754 | 2026-09-14 00:20:23
     405 | 2026-09-14 00:19:24
     814 | 2026-09-14 00:14:43
     465 | 2026-09-14 00:13:44
     116 | 2026-09-14 00:12:45
     525 | 2026-09-14 00:08:04
     176 | 2026-09-14 00:07:05
     827 | 2026-09-14 00:06:06
     478 | 2026-09-14 00:05:07
     236 | 2026-09-14 00:01:25
     887 | 2026-09-14 00:00:26
     538 | 2026-09-13 23:59:27
     189 | 2026-09-13 23:58:28
     947 | 2026-09-13 23:54:46
     598 | 2026-09-13 23:53:47
     249 | 2026-09-13 23:52:48
     900 | 2026-09-13 23:51:49
     658 | 2026-09-13 23:48:07
     309 | 2026-09-13 23:47:08
     960 | 2026-09-13 23:46:09
     611 | 2026-09-13 23:45:10
     369 | 2026-09-13 23:41:28
      20 | 2026-09-13 23:40:29
     671 | 2026-09-13 23:39:30
     322 | 2026-09-13 23:38:31
      80 | 2026-09-13 23:34:49
     731 | 2026-09-13 23:33:50
     382 | 2026-09-13 23:32:51
      33 | 2026-09-13 23:31:52
     791 | 2026-09-13 23:28:10
     442 | 2026-09-13 23:27:11
      93 | 2026-09-13 23:26:12
     744 | 2026-09-13 23:25:13
     502 | 2026-09-13 23:21:31
     153 | 2026-09-13 23:20:32
     804 | 2026-09-13 23:19:33
     455 | 2026-09-13 23:18:34
     864 | 2026-09-13 23:13:53
     515 | 2026-09-13 23:12:54
     166 | 2026-09-13 23:11:55
     575 | 2026-09-13 23:07:14
     226 | 2026-09-13 23:06:15
     877 | 2026-09-13 23:05:16
     286 | 2026-09-13 23:00:35
     937 | 2026-09-13 22:59:36
     588 | 2026-09-13 22:58:37
     997 | 2026-09-13 22:53:56
     648 | 2026-09-13 22:52:57
     299 | 2026-09-13 22:51:58
     708 | 2026-09-13 22:47:17
     359 | 2026-09-13 22:46:18
      10 | 2026-09-13 22:45:19
     419 | 2026-09-13 22:40:38
      70 | 2026-09-13 22:39:39
     721 | 2026-09-13 22:38:40
     130 | 2026-09-13 22:33:59
     781 | 2026-09-13 22:33:00
     432 | 2026-09-13 22:32:01
     841 | 2026-09-13 22:27:20
     492 | 2026-09-13 22:26:21
     143 | 2026-09-13 22:25:22
     552 | 2026-09-13 22:20:41
     203 | 2026-09-13 22:19:42
     854 | 2026-09-13 22:18:43
     263 | 2026-09-13 22:14:02
     914 | 2026-09-13 22:13:03
     565 | 2026-09-13 22:12:04
     974 | 2026-09-13 22:07:23
     625 | 2026-09-13 22:06:24
     276 | 2026-09-13 22:05:25
     685 | 2026-09-13 22:00:44
     336 | 2026-09-13 21:59:45
     987 | 2026-09-13 21:58:46
     396 | 2026-09-13 21:54:05
      47 | 2026-09-13 21:53:06
     698 | 2026-09-13 21:52:07
     107 | 2026-09-13 21:47:26
     758 | 2026-09-13 21:46:27
     409 | 2026-09-13 21:45:28
     818 | 2026-09-13 21:40:47
     469 | 2026-09-13 21:39:48
     120 | 2026-09-13 21:38:49
     529 | 2026-09-13 21:34:08
     180 | 2026-09-13 21:33:09
     831 | 2026-09-13 21:32:10
     240 | 2026-09-13 21:27:29
     891 | 2026-09-13 21:26:30
     542 | 2026-09-13 21:25:31
     951 | 2026-09-13 21:20:50
     602 | 2026-09-13 21:19:51
     253 | 2026-09-13 21:18:52
     662 | 2026-09-13 21:14:11
     313 | 2026-09-13 21:13:12
     964 | 2026-09-13 21:12:13
     615 | 2026-09-13 21:11:14
     373 | 2026-09-13 21:07:32
      24 | 2026-09-13 21:06:33
     675 | 2026-09-13 21:05:34
     326 | 2026-09-13 21:04:35
      84 | 2026-09-13 21:00:53
     735 | 2026-09-13 20:59:54
     386 | 2026-09-13 20:58:55
      37 | 2026-09-13 20:57:56
     795 | 2026-09-13 20:54:14
     446 | 2026-09-13 20:53:15
      97 | 2026-09-13 20:52:16
     748 | 2026-09-13 20:51:17
     506 | 2026-09-13 20:47:35
     157 | 2026-09-13 20:46:36
     808 | 2026-09-13 20:45:37
     459 | 2026-09-13 20:44:38
     217 | 2026-09-13 20:40:56
     868 | 2026-09-13 20:39:57
     519 | 2026-09-13 20:38:58
     170 | 2026-09-13 20:37:59
     928 | 2026-09-13 20:34:17
     579 | 2026-09-13 20:33:18
     230 | 2026-09-13 20:32:19
     881 | 2026-09-13 20:31:20
     639 | 2026-09-13 20:27:38
     290 | 2026-09-13 20:26:39
     941 | 2026-09-13 20:25:40
     592 | 2026-09-13 20:24:41
       1 | 2026-09-13 20:20:00
     652 | 2026-09-13 20:19:01
     303 | 2026-09-13 20:18:02
     712 | 2026-09-13 20:13:21
     363 | 2026-09-13 20:12:22
      14 | 2026-09-13 20:11:23
     423 | 2026-09-13 20:06:42
      74 | 2026-09-13 20:05:43
     725 | 2026-09-13 20:04:44
     134 | 2026-09-13 20:00:03
     785 | 2026-09-13 19:59:04
     436 | 2026-09-13 19:58:05
     845 | 2026-09-13 19:53:24
     496 | 2026-09-13 19:52:25
     147 | 2026-09-13 19:51:26
     556 | 2026-09-13 19:46:45
     207 | 2026-09-13 19:45:46
     858 | 2026-09-13 19:44:47
     267 | 2026-09-13 19:40:06
     918 | 2026-09-13 19:39:07
     569 | 2026-09-13 19:38:08
     978 | 2026-09-13 19:33:27
     629 | 2026-09-13 19:32:28
     280 | 2026-09-13 19:31:29
     689 | 2026-09-13 19:26:48
     340 | 2026-09-13 19:25:49
     991 | 2026-09-13 19:24:50
     400 | 2026-09-13 19:20:09
      51 | 2026-09-13 19:19:10
     702 | 2026-09-13 19:18:11
     111 | 2026-09-13 19:13:30
     762 | 2026-09-13 19:12:31
     413 | 2026-09-13 19:11:32
     822 | 2026-09-13 19:06:51
     473 | 2026-09-13 19:05:52
     124 | 2026-09-13 19:04:53
     533 | 2026-09-13 19:00:12
     184 | 2026-09-13 18:59:13
     835 | 2026-09-13 18:58:14
     244 | 2026-09-13 18:53:33
     895 | 2026-09-13 18:52:34
     546 | 2026-09-13 18:51:35
     955 | 2026-09-13 18:46:54
     606 | 2026-09-13 18:45:55
     257 | 2026-09-13 18:44:56
     666 | 2026-09-13 18:40:15
     317 | 2026-09-13 18:39:16
     968 | 2026-09-13 18:38:17
     377 | 2026-09-13 18:33:36
      28 | 2026-09-13 18:32:37
     679 | 2026-09-13 18:31:38
      88 | 2026-09-13 18:26:57
     739 | 2026-09-13 18:25:58
     390 | 2026-09-13 18:24:59
     799 | 2026-09-13 18:20:18
     450 | 2026-09-13 18:19:19
     101 | 2026-09-13 18:18:20
     752 | 2026-09-13 18:17:21
     510 | 2026-09-13 18:13:39
     161 | 2026-09-13 18:12:40
     812 | 2026-09-13 18:11:41
     463 | 2026-09-13 18:10:42
     221 | 2026-09-13 18:07:00
     872 | 2026-09-13 18:06:01
     523 | 2026-09-13 18:05:02
     174 | 2026-09-13 18:04:03
     932 | 2026-09-13 18:00:21
     583 | 2026-09-13 17:59:22
     234 | 2026-09-13 17:58:23
     885 | 2026-09-13 17:57:24
     643 | 2026-09-13 17:53:42
     294 | 2026-09-13 17:52:43
     945 | 2026-09-13 17:51:44
     596 | 2026-09-13 17:50:45
     354 | 2026-09-13 17:47:03
       5 | 2026-09-13 17:46:04
     656 | 2026-09-13 17:45:05
     307 | 2026-09-13 17:44:06
      65 | 2026-09-13 17:40:24
     716 | 2026-09-13 17:39:25
     367 | 2026-09-13 17:38:26
      18 | 2026-09-13 17:37:27
     776 | 2026-09-13 17:33:45
     427 | 2026-09-13 17:32:46
      78 | 2026-09-13 17:31:47
     729 | 2026-09-13 17:30:48
     138 | 2026-09-13 17:26:07
     789 | 2026-09-13 17:25:08
     440 | 2026-09-13 17:24:09
     849 | 2026-09-13 17:19:28
     500 | 2026-09-13 17:18:29
     151 | 2026-09-13 17:17:30
     560 | 2026-09-13 17:12:49
     211 | 2026-09-13 17:11:50
     862 | 2026-09-13 17:10:51
     271 | 2026-09-13 17:06:10
     922 | 2026-09-13 17:05:11
     573 | 2026-09-13 17:04:12
     982 | 2026-09-13 16:59:31
     633 | 2026-09-13 16:58:32
     284 | 2026-09-13 16:57:33
     693 | 2026-09-13 16:52:52
     344 | 2026-09-13 16:51:53
     995 | 2026-09-13 16:50:54
     404 | 2026-09-13 16:46:13
      55 | 2026-09-13 16:45:14
     706 | 2026-09-13 16:44:15
     115 | 2026-09-13 16:39:34
     766 | 2026-09-13 16:38:35
     417 | 2026-09-13 16:37:36
     826 | 2026-09-13 16:32:55
     477 | 2026-09-13 16:31:56
     128 | 2026-09-13 16:30:57
     537 | 2026-09-13 16:26:16
     188 | 2026-09-13 16:25:17
     839 | 2026-09-13 16:24:18
     248 | 2026-09-13 16:19:37
     899 | 2026-09-13 16:18:38
     550 | 2026-09-13 16:17:39
     959 | 2026-09-13 16:12:58
     610 | 2026-09-13 16:11:59
     261 | 2026-09-13 16:11:00
     670 | 2026-09-13 16:06:19
     321 | 2026-09-13 16:05:20
     972 | 2026-09-13 16:04:21
     381 | 2026-09-13 15:59:40
      32 | 2026-09-13 15:58:41
     683 | 2026-09-13 15:57:42
      92 | 2026-09-13 15:53:01
     743 | 2026-09-13 15:52:02
     394 | 2026-09-13 15:51:03
     803 | 2026-09-13 15:46:22
     454 | 2026-09-13 15:45:23
     105 | 2026-09-13 15:44:24
     514 | 2026-09-13 15:39:43
     165 | 2026-09-13 15:38:44
     816 | 2026-09-13 15:37:45
     225 | 2026-09-13 15:33:04
     876 | 2026-09-13 15:32:05
     527 | 2026-09-13 15:31:06
     936 | 2026-09-13 15:26:25
     587 | 2026-09-13 15:25:26
     238 | 2026-09-13 15:24:27
     889 | 2026-09-13 15:23:28
     647 | 2026-09-13 15:19:46
     298 | 2026-09-13 15:18:47
     949 | 2026-09-13 15:17:48
     600 | 2026-09-13 15:16:49
     358 | 2026-09-13 15:13:07
       9 | 2026-09-13 15:12:08
     660 | 2026-09-13 15:11:09
     311 | 2026-09-13 15:10:10
      69 | 2026-09-13 15:06:28
     720 | 2026-09-13 15:05:29
     371 | 2026-09-13 15:04:30
      22 | 2026-09-13 15:03:31
     780 | 2026-09-13 14:59:49
     431 | 2026-09-13 14:58:50
      82 | 2026-09-13 14:57:51
     733 | 2026-09-13 14:56:52
     491 | 2026-09-13 14:53:10
     142 | 2026-09-13 14:52:11
     793 | 2026-09-13 14:51:12
     444 | 2026-09-13 14:50:13
     202 | 2026-09-13 14:46:31
     853 | 2026-09-13 14:45:32
     504 | 2026-09-13 14:44:33
     155 | 2026-09-13 14:43:34
     913 | 2026-09-13 14:39:52
     564 | 2026-09-13 14:38:53
     215 | 2026-09-13 14:37:54
     866 | 2026-09-13 14:36:55
     624 | 2026-09-13 14:33:13
     275 | 2026-09-13 14:32:14
     926 | 2026-09-13 14:31:15
     577 | 2026-09-13 14:30:16
     986 | 2026-09-13 14:25:35
     637 | 2026-09-13 14:24:36
     288 | 2026-09-13 14:23:37
     697 | 2026-09-13 14:18:56
     348 | 2026-09-13 14:17:57
     999 | 2026-09-13 14:16:58
     408 | 2026-09-13 14:12:17
      59 | 2026-09-13 14:11:18
     710 | 2026-09-13 14:10:19
     119 | 2026-09-13 14:05:38
     770 | 2026-09-13 14:04:39
     421 | 2026-09-13 14:03:40
     830 | 2026-09-13 13:58:59
     481 | 2026-09-13 13:58:00
     132 | 2026-09-13 13:57:01
     541 | 2026-09-13 13:52:20
     192 | 2026-09-13 13:51:21
     843 | 2026-09-13 13:50:22
     252 | 2026-09-13 13:45:41
     903 | 2026-09-13 13:44:42
     554 | 2026-09-13 13:43:43
     963 | 2026-09-13 13:39:02
     614 | 2026-09-13 13:38:03
     265 | 2026-09-13 13:37:04
     674 | 2026-09-13 13:32:23
     325 | 2026-09-13 13:31:24
     976 | 2026-09-13 13:30:25
     385 | 2026-09-13 13:25:44
      36 | 2026-09-13 13:24:45
     687 | 2026-09-13 13:23:46
      96 | 2026-09-13 13:19:05
     747 | 2026-09-13 13:18:06
     398 | 2026-09-13 13:17:07
     807 | 2026-09-13 13:12:26
     458 | 2026-09-13 13:11:27
     109 | 2026-09-13 13:10:28
     518 | 2026-09-13 13:05:47
     169 | 2026-09-13 13:04:48
     820 | 2026-09-13 13:03:49
     229 | 2026-09-13 12:59:08
     880 | 2026-09-13 12:58:09
     531 | 2026-09-13 12:57:10
     940 | 2026-09-13 12:52:29
     591 | 2026-09-13 12:51:30
     242 | 2026-09-13 12:50:31
     651 | 2026-09-13 12:45:50
     302 | 2026-09-13 12:44:51
     953 | 2026-09-13 12:43:52
     362 | 2026-09-13 12:39:11
      13 | 2026-09-13 12:38:12
     664 | 2026-09-13 12:37:13
      73 | 2026-09-13 12:32:32
     724 | 2026-09-13 12:31:33
     375 | 2026-09-13 12:30:34
      26 | 2026-09-13 12:29:35
     784 | 2026-09-13 12:25:53
     435 | 2026-09-13 12:24:54
      86 | 2026-09-13 12:23:55
     737 | 2026-09-13 12:22:56
     495 | 2026-09-13 12:19:14
     146 | 2026-09-13 12:18:15
     797 | 2026-09-13 12:17:16
     448 | 2026-09-13 12:16:17
     206 | 2026-09-13 12:12:35
     857 | 2026-09-13 12:11:36
     508 | 2026-09-13 12:10:37
     159 | 2026-09-13 12:09:38
     917 | 2026-09-13 12:05:56
     568 | 2026-09-13 12:04:57
     219 | 2026-09-13 12:03:58
     870 | 2026-09-13 12:02:59
     628 | 2026-09-13 11:59:17
     279 | 2026-09-13 11:58:18
     930 | 2026-09-13 11:57:19
     581 | 2026-09-13 11:56:20
     339 | 2026-09-13 11:52:38
     990 | 2026-09-13 11:51:39
     641 | 2026-09-13 11:50:40
     292 | 2026-09-13 11:49:41
      50 | 2026-09-13 11:45:59
     701 | 2026-09-13 11:45:00
     352 | 2026-09-13 11:44:01
       3 | 2026-09-13 11:43:02
     761 | 2026-09-13 11:39:20
     412 | 2026-09-13 11:38:21
      63 | 2026-09-13 11:37:22
     714 | 2026-09-13 11:36:23
     123 | 2026-09-13 11:31:42
     774 | 2026-09-13 11:30:43
     425 | 2026-09-13 11:29:44
     834 | 2026-09-13 11:25:03
     485 | 2026-09-13 11:24:04
     136 | 2026-09-13 11:23:05
     545 | 2026-09-13 11:18:24
     196 | 2026-09-13 11:17:25
     847 | 2026-09-13 11:16:26
     256 | 2026-09-13 11:11:45
     907 | 2026-09-13 11:10:46
     558 | 2026-09-13 11:09:47
     967 | 2026-09-13 11:05:06
     618 | 2026-09-13 11:04:07
     269 | 2026-09-13 11:03:08
     678 | 2026-09-13 10:58:27
     329 | 2026-09-13 10:57:28
     980 | 2026-09-13 10:56:29
     389 | 2026-09-13 10:51:48
      40 | 2026-09-13 10:50:49
     691 | 2026-09-13 10:49:50
     100 | 2026-09-13 10:45:09
     751 | 2026-09-13 10:44:10
     402 | 2026-09-13 10:43:11
     811 | 2026-09-13 10:38:30
     462 | 2026-09-13 10:37:31
     113 | 2026-09-13 10:36:32
     522 | 2026-09-13 10:31:51
     173 | 2026-09-13 10:30:52
     824 | 2026-09-13 10:29:53
     233 | 2026-09-13 10:25:12
     884 | 2026-09-13 10:24:13
     535 | 2026-09-13 10:23:14
     944 | 2026-09-13 10:18:33
     595 | 2026-09-13 10:17:34
     246 | 2026-09-13 10:16:35
     655 | 2026-09-13 10:11:54
     306 | 2026-09-13 10:10:55
     957 | 2026-09-13 10:09:56
     366 | 2026-09-13 10:05:15
      17 | 2026-09-13 10:04:16
     668 | 2026-09-13 10:03:17
      77 | 2026-09-13 09:58:36
     728 | 2026-09-13 09:57:37
     379 | 2026-09-13 09:56:38
     788 | 2026-09-13 09:51:57
     439 | 2026-09-13 09:50:58
      90 | 2026-09-13 09:49:59
     499 | 2026-09-13 09:45:18
     150 | 2026-09-13 09:44:19
     801 | 2026-09-13 09:43:20
     210 | 2026-09-13 09:38:39
     861 | 2026-09-13 09:37:40
     512 | 2026-09-13 09:36:41
     163 | 2026-09-13 09:35:42
     921 | 2026-09-13 09:32:00
     572 | 2026-09-13 09:31:01
     223 | 2026-09-13 09:30:02
     874 | 2026-09-13 09:29:03
     632 | 2026-09-13 09:25:21
     283 | 2026-09-13 09:24:22
     934 | 2026-09-13 09:23:23
     585 | 2026-09-13 09:22:24
     343 | 2026-09-13 09:18:42
     994 | 2026-09-13 09:17:43
     645 | 2026-09-13 09:16:44
     296 | 2026-09-13 09:15:45
      54 | 2026-09-13 09:12:03
     705 | 2026-09-13 09:11:04
     356 | 2026-09-13 09:10:05
       7 | 2026-09-13 09:09:06
     765 | 2026-09-13 09:05:24
     416 | 2026-09-13 09:04:25
      67 | 2026-09-13 09:03:26
     718 | 2026-09-13 09:02:27
     476 | 2026-09-13 08:58:45
     127 | 2026-09-13 08:57:46
     778 | 2026-09-13 08:56:47
     429 | 2026-09-13 08:55:48
     187 | 2026-09-13 08:52:06
     838 | 2026-09-13 08:51:07
     489 | 2026-09-13 08:50:08
     140 | 2026-09-13 08:49:09
     898 | 2026-09-13 08:45:27
     549 | 2026-09-13 08:44:28
     200 | 2026-09-13 08:43:29
     851 | 2026-09-13 08:42:30
     260 | 2026-09-13 08:37:49
     911 | 2026-09-13 08:36:50
     562 | 2026-09-13 08:35:51
     971 | 2026-09-13 08:31:10
     622 | 2026-09-13 08:30:11
     273 | 2026-09-13 08:29:12
     682 | 2026-09-13 08:24:31
     333 | 2026-09-13 08:23:32
     984 | 2026-09-13 08:22:33
     393 | 2026-09-13 08:17:52
      44 | 2026-09-13 08:16:53
     695 | 2026-09-13 08:15:54
     104 | 2026-09-13 08:11:13
     755 | 2026-09-13 08:10:14
     406 | 2026-09-13 08:09:15
     815 | 2026-09-13 08:04:34
     466 | 2026-09-13 08:03:35
     117 | 2026-09-13 08:02:36
     526 | 2026-09-13 07:57:55
     177 | 2026-09-13 07:56:56
     828 | 2026-09-13 07:55:57
     237 | 2026-09-13 07:51:16
     888 | 2026-09-13 07:50:17
     539 | 2026-09-13 07:49:18
     948 | 2026-09-13 07:44:37
     599 | 2026-09-13 07:43:38
     250 | 2026-09-13 07:42:39
     659 | 2026-09-13 07:37:58
     310 | 2026-09-13 07:36:59
     961 | 2026-09-13 07:36:00
     370 | 2026-09-13 07:31:19
      21 | 2026-09-13 07:30:20
     672 | 2026-09-13 07:29:21
      81 | 2026-09-13 07:24:40
     732 | 2026-09-13 07:23:41
     383 | 2026-09-13 07:22:42
     792 | 2026-09-13 07:18:01
     443 | 2026-09-13 07:17:02
      94 | 2026-09-13 07:16:03
     503 | 2026-09-13 07:11:22
     154 | 2026-09-13 07:10:23
     805 | 2026-09-13 07:09:24
     214 | 2026-09-13 07:04:43
     865 | 2026-09-13 07:03:44
     516 | 2026-09-13 07:02:45
     925 | 2026-09-13 06:58:04
     576 | 2026-09-13 06:57:05
     227 | 2026-09-13 06:56:06
     636 | 2026-09-13 06:51:25
     287 | 2026-09-13 06:50:26
     938 | 2026-09-13 06:49:27
     347 | 2026-09-13 06:44:46
     998 | 2026-09-13 06:43:47
     649 | 2026-09-13 06:42:48
      58 | 2026-09-13 06:38:07
     709 | 2026-09-13 06:37:08
     360 | 2026-09-13 06:36:09
      11 | 2026-09-13 06:35:10
     769 | 2026-09-13 06:31:28
     420 | 2026-09-13 06:30:29
      71 | 2026-09-13 06:29:30
     722 | 2026-09-13 06:28:31
     480 | 2026-09-13 06:24:49
     131 | 2026-09-13 06:23:50
     782 | 2026-09-13 06:22:51
     433 | 2026-09-13 06:21:52
     191 | 2026-09-13 06:18:10
     842 | 2026-09-13 06:17:11
     493 | 2026-09-13 06:16:12
     144 | 2026-09-13 06:15:13
     902 | 2026-09-13 06:11:31
     553 | 2026-09-13 06:10:32
     204 | 2026-09-13 06:09:33
     855 | 2026-09-13 06:08:34
     613 | 2026-09-13 06:04:52
     264 | 2026-09-13 06:03:53
     915 | 2026-09-13 06:02:54
     566 | 2026-09-13 06:01:55
     324 | 2026-09-13 05:58:13
     975 | 2026-09-13 05:57:14
     626 | 2026-09-13 05:56:15
     277 | 2026-09-13 05:55:16
      35 | 2026-09-13 05:51:34
     686 | 2026-09-13 05:50:35
     337 | 2026-09-13 05:49:36
     988 | 2026-09-13 05:48:37
     397 | 2026-09-13 05:43:56
      48 | 2026-09-13 05:42:57
     699 | 2026-09-13 05:41:58
     108 | 2026-09-13 05:37:17
     759 | 2026-09-13 05:36:18
     410 | 2026-09-13 05:35:19
     819 | 2026-09-13 05:30:38
     470 | 2026-09-13 05:29:39
     121 | 2026-09-13 05:28:40
     530 | 2026-09-13 05:23:59
     181 | 2026-09-13 05:23:00
     832 | 2026-09-13 05:22:01
     241 | 2026-09-13 05:17:20
     892 | 2026-09-13 05:16:21
     543 | 2026-09-13 05:15:22
     952 | 2026-09-13 05:10:41
     603 | 2026-09-13 05:09:42
     254 | 2026-09-13 05:08:43
     663 | 2026-09-13 05:04:02
     314 | 2026-09-13 05:03:03
     965 | 2026-09-13 05:02:04
     374 | 2026-09-13 04:57:23
      25 | 2026-09-13 04:56:24
     676 | 2026-09-13 04:55:25
      85 | 2026-09-13 04:50:44
     736 | 2026-09-13 04:49:45
     387 | 2026-09-13 04:48:46
     796 | 2026-09-13 04:44:05
     447 | 2026-09-13 04:43:06
      98 | 2026-09-13 04:42:07
     507 | 2026-09-13 04:37:26
     158 | 2026-09-13 04:36:27
     809 | 2026-09-13 04:35:28
     218 | 2026-09-13 04:30:47
     869 | 2026-09-13 04:29:48
     520 | 2026-09-13 04:28:49
     929 | 2026-09-13 04:24:08
     580 | 2026-09-13 04:23:09
     231 | 2026-09-13 04:22:10
     640 | 2026-09-13 04:17:29
     291 | 2026-09-13 04:16:30
     942 | 2026-09-13 04:15:31
     351 | 2026-09-13 04:10:50
       2 | 2026-09-13 04:09:51
     653 | 2026-09-13 04:08:52
      62 | 2026-09-13 04:04:11
     713 | 2026-09-13 04:03:12
     364 | 2026-09-13 04:02:13
     773 | 2026-09-13 03:57:32
     424 | 2026-09-13 03:56:33
      75 | 2026-09-13 03:55:34
     484 | 2026-09-13 03:50:53
     135 | 2026-09-13 03:49:54
     786 | 2026-09-13 03:48:55
     195 | 2026-09-13 03:44:14
     846 | 2026-09-13 03:43:15
     497 | 2026-09-13 03:42:16
     148 | 2026-09-13 03:41:17
     906 | 2026-09-13 03:37:35
     557 | 2026-09-13 03:36:36
     208 | 2026-09-13 03:35:37
     859 | 2026-09-13 03:34:38
     617 | 2026-09-13 03:30:56
     268 | 2026-09-13 03:29:57
     919 | 2026-09-13 03:28:58
     570 | 2026-09-13 03:27:59
     328 | 2026-09-13 03:24:17
     979 | 2026-09-13 03:23:18
     630 | 2026-09-13 03:22:19
     281 | 2026-09-13 03:21:20
      39 | 2026-09-13 03:17:38
     690 | 2026-09-13 03:16:39
     341 | 2026-09-13 03:15:40
     992 | 2026-09-13 03:14:41
     750 | 2026-09-13 03:10:59
     401 | 2026-09-13 03:10:00
      52 | 2026-09-13 03:09:01
     703 | 2026-09-13 03:08:02
     461 | 2026-09-13 03:04:20
     112 | 2026-09-13 03:03:21
     763 | 2026-09-13 03:02:22
     414 | 2026-09-13 03:01:23
     172 | 2026-09-13 02:57:41
     823 | 2026-09-13 02:56:42
     474 | 2026-09-13 02:55:43
     125 | 2026-09-13 02:54:44
     534 | 2026-09-13 02:50:03
     185 | 2026-09-13 02:49:04
     836 | 2026-09-13 02:48:05
     245 | 2026-09-13 02:43:24
     896 | 2026-09-13 02:42:25
     547 | 2026-09-13 02:41:26
     956 | 2026-09-13 02:36:45
     607 | 2026-09-13 02:35:46
     258 | 2026-09-13 02:34:47
     667 | 2026-09-13 02:30:06
     318 | 2026-09-13 02:29:07
     969 | 2026-09-13 02:28:08
     378 | 2026-09-13 02:23:27
      29 | 2026-09-13 02:22:28
     680 | 2026-09-13 02:21:29
      89 | 2026-09-13 02:16:48
     740 | 2026-09-13 02:15:49
     391 | 2026-09-13 02:14:50
     800 | 2026-09-13 02:10:09
     451 | 2026-09-13 02:09:10
     102 | 2026-09-13 02:08:11
     511 | 2026-09-13 02:03:30
     162 | 2026-09-13 02:02:31
     813 | 2026-09-13 02:01:32
     222 | 2026-09-13 01:56:51
     873 | 2026-09-13 01:55:52
     524 | 2026-09-13 01:54:53
     933 | 2026-09-13 01:50:12
     584 | 2026-09-13 01:49:13
     235 | 2026-09-13 01:48:14
     644 | 2026-09-13 01:43:33
     295 | 2026-09-13 01:42:34
     946 | 2026-09-13 01:41:35
     355 | 2026-09-13 01:36:54
       6 | 2026-09-13 01:35:55
     657 | 2026-09-13 01:34:56
      66 | 2026-09-13 01:30:15
     717 | 2026-09-13 01:29:16
     368 | 2026-09-13 01:28:17
     777 | 2026-09-13 01:23:36
     428 | 2026-09-13 01:22:37
      79 | 2026-09-13 01:21:38
     488 | 2026-09-13 01:16:57
     139 | 2026-09-13 01:15:58
     790 | 2026-09-13 01:14:59
     199 | 2026-09-13 01:10:18
     850 | 2026-09-13 01:09:19
     501 | 2026-09-13 01:08:20
     910 | 2026-09-13 01:03:39
     561 | 2026-09-13 01:02:40
     212 | 2026-09-13 01:01:41
     621 | 2026-09-13 00:57:00
     272 | 2026-09-13 00:56:01
     923 | 2026-09-13 00:55:02
     332 | 2026-09-13 00:50:21
     983 | 2026-09-13 00:49:22
     634 | 2026-09-13 00:48:23
     285 | 2026-09-13 00:47:24
      43 | 2026-09-13 00:43:42
     694 | 2026-09-13 00:42:43
     345 | 2026-09-13 00:41:44
     996 | 2026-09-13 00:40:45
     754 | 2026-09-13 00:37:03
     405 | 2026-09-13 00:36:04
      56 | 2026-09-13 00:35:05
     707 | 2026-09-13 00:34:06
     465 | 2026-09-13 00:30:24
     116 | 2026-09-13 00:29:25
     767 | 2026-09-13 00:28:26
     418 | 2026-09-13 00:27:27
     176 | 2026-09-13 00:23:45
     827 | 2026-09-13 00:22:46
     478 | 2026-09-13 00:21:47
     129 | 2026-09-13 00:20:48
     887 | 2026-09-13 00:17:06
     538 | 2026-09-13 00:16:07
     189 | 2026-09-13 00:15:08
     840 | 2026-09-13 00:14:09
     598 | 2026-09-13 00:10:27
     249 | 2026-09-13 00:09:28
     900 | 2026-09-13 00:08:29
     551 | 2026-09-13 00:07:30
     309 | 2026-09-13 00:03:48
     960 | 2026-09-13 00:02:49
     611 | 2026-09-13 00:01:50
     262 | 2026-09-13 00:00:51
     671 | 2026-09-12 23:56:10
     322 | 2026-09-12 23:55:11
     973 | 2026-09-12 23:54:12
     382 | 2026-09-12 23:49:31
      33 | 2026-09-12 23:48:32
     684 | 2026-09-12 23:47:33
      93 | 2026-09-12 23:42:52
     744 | 2026-09-12 23:41:53
     395 | 2026-09-12 23:40:54
     804 | 2026-09-12 23:36:13
     455 | 2026-09-12 23:35:14
     106 | 2026-09-12 23:34:15
     515 | 2026-09-12 23:29:34
     166 | 2026-09-12 23:28:35
     817 | 2026-09-12 23:27:36
     226 | 2026-09-12 23:22:55
     877 | 2026-09-12 23:21:56
     528 | 2026-09-12 23:20:57
     937 | 2026-09-12 23:16:16
     588 | 2026-09-12 23:15:17
     239 | 2026-09-12 23:14:18
     648 | 2026-09-12 23:09:37
     299 | 2026-09-12 23:08:38
     950 | 2026-09-12 23:07:39
     359 | 2026-09-12 23:02:58
      10 | 2026-09-12 23:01:59
     661 | 2026-09-12 23:01:00
      70 | 2026-09-12 22:56:19
     721 | 2026-09-12 22:55:20
     372 | 2026-09-12 22:54:21
     781 | 2026-09-12 22:49:40
     432 | 2026-09-12 22:48:41
      83 | 2026-09-12 22:47:42
     492 | 2026-09-12 22:43:01
     143 | 2026-09-12 22:42:02
     794 | 2026-09-12 22:41:03
     203 | 2026-09-12 22:36:22
     854 | 2026-09-12 22:35:23
     505 | 2026-09-12 22:34:24
     914 | 2026-09-12 22:29:43
     565 | 2026-09-12 22:28:44
     216 | 2026-09-12 22:27:45
     625 | 2026-09-12 22:23:04
     276 | 2026-09-12 22:22:05
     927 | 2026-09-12 22:21:06
     336 | 2026-09-12 22:16:25
     987 | 2026-09-12 22:15:26
     638 | 2026-09-12 22:14:27
      47 | 2026-09-12 22:09:46
     698 | 2026-09-12 22:08:47
     349 | 2026-09-12 22:07:48
     758 | 2026-09-12 22:03:07
     409 | 2026-09-12 22:02:08
      60 | 2026-09-12 22:01:09
     469 | 2026-09-12 21:56:28
     120 | 2026-09-12 21:55:29
     771 | 2026-09-12 21:54:30
     422 | 2026-09-12 21:53:31
     180 | 2026-09-12 21:49:49
     831 | 2026-09-12 21:48:50
     482 | 2026-09-12 21:47:51
     133 | 2026-09-12 21:46:52
     891 | 2026-09-12 21:43:10
     542 | 2026-09-12 21:42:11
     193 | 2026-09-12 21:41:12
     844 | 2026-09-12 21:40:13
     602 | 2026-09-12 21:36:31
     253 | 2026-09-12 21:35:32
     904 | 2026-09-12 21:34:33
     555 | 2026-09-12 21:33:34
     313 | 2026-09-12 21:29:52
     964 | 2026-09-12 21:28:53
     615 | 2026-09-12 21:27:54
     266 | 2026-09-12 21:26:55
      24 | 2026-09-12 21:23:13
     675 | 2026-09-12 21:22:14
     326 | 2026-09-12 21:21:15
     977 | 2026-09-12 21:20:16
     735 | 2026-09-12 21:16:34
     386 | 2026-09-12 21:15:35
      37 | 2026-09-12 21:14:36
     688 | 2026-09-12 21:13:37
     446 | 2026-09-12 21:09:55
      97 | 2026-09-12 21:08:56
     748 | 2026-09-12 21:07:57
     399 | 2026-09-12 21:06:58
     808 | 2026-09-12 21:02:17
     459 | 2026-09-12 21:01:18
     110 | 2026-09-12 21:00:19
     519 | 2026-09-12 20:55:38
     170 | 2026-09-12 20:54:39
     821 | 2026-09-12 20:53:40
     230 | 2026-09-12 20:48:59
     881 | 2026-09-12 20:48:00
     532 | 2026-09-12 20:47:01
     941 | 2026-09-12 20:42:20
     592 | 2026-09-12 20:41:21
     243 | 2026-09-12 20:40:22
     652 | 2026-09-12 20:35:41
     303 | 2026-09-12 20:34:42
     954 | 2026-09-12 20:33:43
     363 | 2026-09-12 20:29:02
      14 | 2026-09-12 20:28:03
     665 | 2026-09-12 20:27:04
      74 | 2026-09-12 20:22:23
     725 | 2026-09-12 20:21:24
     376 | 2026-09-12 20:20:25
     785 | 2026-09-12 20:15:44
     436 | 2026-09-12 20:14:45
      87 | 2026-09-12 20:13:46
     496 | 2026-09-12 20:09:05
     147 | 2026-09-12 20:08:06
     798 | 2026-09-12 20:07:07
     207 | 2026-09-12 20:02:26
     858 | 2026-09-12 20:01:27
     509 | 2026-09-12 20:00:28
     918 | 2026-09-12 19:55:47
     569 | 2026-09-12 19:54:48
     220 | 2026-09-12 19:53:49
     629 | 2026-09-12 19:49:08
     280 | 2026-09-12 19:48:09
     931 | 2026-09-12 19:47:10
     340 | 2026-09-12 19:42:29
     991 | 2026-09-12 19:41:30
     642 | 2026-09-12 19:40:31
      51 | 2026-09-12 19:35:50
     702 | 2026-09-12 19:34:51
     353 | 2026-09-12 19:33:52
     762 | 2026-09-12 19:29:11
     413 | 2026-09-12 19:28:12
      64 | 2026-09-12 19:27:13
     473 | 2026-09-12 19:22:32
     124 | 2026-09-12 19:21:33
     775 | 2026-09-12 19:20:34
     184 | 2026-09-12 19:15:53
     835 | 2026-09-12 19:14:54
     486 | 2026-09-12 19:13:55
     895 | 2026-09-12 19:09:14
     546 | 2026-09-12 19:08:15
     197 | 2026-09-12 19:07:16
     606 | 2026-09-12 19:02:35
     257 | 2026-09-12 19:01:36
     908 | 2026-09-12 19:00:37
     559 | 2026-09-12 18:59:38
     317 | 2026-09-12 18:55:56
     968 | 2026-09-12 18:54:57
     619 | 2026-09-12 18:53:58
     270 | 2026-09-12 18:52:59
      28 | 2026-09-12 18:49:17
     679 | 2026-09-12 18:48:18
     330 | 2026-09-12 18:47:19
     981 | 2026-09-12 18:46:20
     739 | 2026-09-12 18:42:38
     390 | 2026-09-12 18:41:39
      41 | 2026-09-12 18:40:40
     692 | 2026-09-12 18:39:41
     450 | 2026-09-12 18:35:59
     101 | 2026-09-12 18:35:00
     752 | 2026-09-12 18:34:01
     403 | 2026-09-12 18:33:02
     161 | 2026-09-12 18:29:20
     812 | 2026-09-12 18:28:21
     463 | 2026-09-12 18:27:22
     114 | 2026-09-12 18:26:23
     872 | 2026-09-12 18:22:41
     523 | 2026-09-12 18:21:42
     174 | 2026-09-12 18:20:43
     825 | 2026-09-12 18:19:44
     583 | 2026-09-12 18:16:02
     234 | 2026-09-12 18:15:03
     885 | 2026-09-12 18:14:04
     536 | 2026-09-12 18:13:05
     945 | 2026-09-12 18:08:24
     596 | 2026-09-12 18:07:25
     247 | 2026-09-12 18:06:26
     656 | 2026-09-12 18:01:45
     307 | 2026-09-12 18:00:46
     958 | 2026-09-12 17:59:47
     367 | 2026-09-12 17:55:06
      18 | 2026-09-12 17:54:07
     669 | 2026-09-12 17:53:08
      78 | 2026-09-12 17:48:27
     729 | 2026-09-12 17:47:28
     380 | 2026-09-12 17:46:29
     789 | 2026-09-12 17:41:48
     440 | 2026-09-12 17:40:49
      91 | 2026-09-12 17:39:50
     500 | 2026-09-12 17:35:09
     151 | 2026-09-12 17:34:10
     802 | 2026-09-12 17:33:11
     211 | 2026-09-12 17:28:30
     862 | 2026-09-12 17:27:31
     513 | 2026-09-12 17:26:32
     922 | 2026-09-12 17:21:51
     573 | 2026-09-12 17:20:52
     224 | 2026-09-12 17:19:53
     633 | 2026-09-12 17:15:12
     284 | 2026-09-12 17:14:13
     935 | 2026-09-12 17:13:14
     344 | 2026-09-12 17:08:33
     995 | 2026-09-12 17:07:34
     646 | 2026-09-12 17:06:35
      55 | 2026-09-12 17:01:54
     706 | 2026-09-12 17:00:55
     357 | 2026-09-12 16:59:56
     766 | 2026-09-12 16:55:15
     417 | 2026-09-12 16:54:16
      68 | 2026-09-12 16:53:17
     477 | 2026-09-12 16:48:36
     128 | 2026-09-12 16:47:37
     779 | 2026-09-12 16:46:38
     188 | 2026-09-12 16:41:57
     839 | 2026-09-12 16:40:58
     490 | 2026-09-12 16:39:59
     899 | 2026-09-12 16:35:18
     550 | 2026-09-12 16:34:19
     201 | 2026-09-12 16:33:20
     610 | 2026-09-12 16:28:39
     261 | 2026-09-12 16:27:40
     912 | 2026-09-12 16:26:41
     321 | 2026-09-12 16:22:00
     972 | 2026-09-12 16:21:01
     623 | 2026-09-12 16:20:02
      32 | 2026-09-12 16:15:21
     683 | 2026-09-12 16:14:22
     334 | 2026-09-12 16:13:23
     743 | 2026-09-12 16:08:42
     394 | 2026-09-12 16:07:43
      45 | 2026-09-12 16:06:44
     696 | 2026-09-12 16:05:45
     454 | 2026-09-12 16:02:03
     105 | 2026-09-12 16:01:04
     756 | 2026-09-12 16:00:05
     407 | 2026-09-12 15:59:06
     165 | 2026-09-12 15:55:24
     816 | 2026-09-12 15:54:25
     467 | 2026-09-12 15:53:26
     118 | 2026-09-12 15:52:27
     876 | 2026-09-12 15:48:45
     527 | 2026-09-12 15:47:46
     178 | 2026-09-12 15:46:47
     829 | 2026-09-12 15:45:48
     587 | 2026-09-12 15:42:06
     238 | 2026-09-12 15:41:07
     889 | 2026-09-12 15:40:08
     540 | 2026-09-12 15:39:09
     298 | 2026-09-12 15:35:27
     949 | 2026-09-12 15:34:28
     600 | 2026-09-12 15:33:29
     251 | 2026-09-12 15:32:30
       9 | 2026-09-12 15:28:48
     660 | 2026-09-12 15:27:49
     311 | 2026-09-12 15:26:50
     962 | 2026-09-12 15:25:51
     720 | 2026-09-12 15:22:09
     371 | 2026-09-12 15:21:10
      22 | 2026-09-12 15:20:11
     673 | 2026-09-12 15:19:12
      82 | 2026-09-12 15:14:31
     733 | 2026-09-12 15:13:32
     384 | 2026-09-12 15:12:33
     793 | 2026-09-12 15:07:52
     444 | 2026-09-12 15:06:53
      95 | 2026-09-12 15:05:54
     504 | 2026-09-12 15:01:13
     155 | 2026-09-12 15:00:14
     806 | 2026-09-12 14:59:15
     215 | 2026-09-12 14:54:34
     866 | 2026-09-12 14:53:35
     517 | 2026-09-12 14:52:36
     926 | 2026-09-12 14:47:55
     577 | 2026-09-12 14:46:56
     228 | 2026-09-12 14:45:57
     637 | 2026-09-12 14:41:16
     288 | 2026-09-12 14:40:17
     939 | 2026-09-12 14:39:18
     348 | 2026-09-12 14:34:37
     999 | 2026-09-12 14:33:38
     650 | 2026-09-12 14:32:39
      59 | 2026-09-12 14:27:58
     710 | 2026-09-12 14:26:59
     361 | 2026-09-12 14:26:00
     770 | 2026-09-12 14:21:19
     421 | 2026-09-12 14:20:20
      72 | 2026-09-12 14:19:21
     481 | 2026-09-12 14:14:40
     132 | 2026-09-12 14:13:41
     783 | 2026-09-12 14:12:42
     192 | 2026-09-12 14:08:01
     843 | 2026-09-12 14:07:02
     494 | 2026-09-12 14:06:03
     903 | 2026-09-12 14:01:22
     554 | 2026-09-12 14:00:23
     205 | 2026-09-12 13:59:24
     614 | 2026-09-12 13:54:43
     265 | 2026-09-12 13:53:44
     916 | 2026-09-12 13:52:45
     325 | 2026-09-12 13:48:04
     976 | 2026-09-12 13:47:05
     627 | 2026-09-12 13:46:06
      36 | 2026-09-12 13:41:25
     687 | 2026-09-12 13:40:26
     338 | 2026-09-12 13:39:27
     747 | 2026-09-12 13:34:46
     398 | 2026-09-12 13:33:47
      49 | 2026-09-12 13:32:48
     458 | 2026-09-12 13:28:07
     109 | 2026-09-12 13:27:08
     760 | 2026-09-12 13:26:09
     169 | 2026-09-12 13:21:28
     820 | 2026-09-12 13:20:29
     471 | 2026-09-12 13:19:30
     880 | 2026-09-12 13:14:49
     531 | 2026-09-12 13:13:50
     182 | 2026-09-12 13:12:51
     833 | 2026-09-12 13:11:52
     591 | 2026-09-12 13:08:10
     242 | 2026-09-12 13:07:11
     893 | 2026-09-12 13:06:12
     544 | 2026-09-12 13:05:13
     302 | 2026-09-12 13:01:31
     953 | 2026-09-12 13:00:32
     604 | 2026-09-12 12:59:33
     255 | 2026-09-12 12:58:34
      13 | 2026-09-12 12:54:52
     664 | 2026-09-12 12:53:53
     315 | 2026-09-12 12:52:54
     966 | 2026-09-12 12:51:55
     724 | 2026-09-12 12:48:13
     375 | 2026-09-12 12:47:14
      26 | 2026-09-12 12:46:15
     677 | 2026-09-12 12:45:16
     435 | 2026-09-12 12:41:34
      86 | 2026-09-12 12:40:35
     737 | 2026-09-12 12:39:36
     388 | 2026-09-12 12:38:37
     146 | 2026-09-12 12:34:55
     797 | 2026-09-12 12:33:56
     448 | 2026-09-12 12:32:57
      99 | 2026-09-12 12:31:58
     857 | 2026-09-12 12:28:16
     508 | 2026-09-12 12:27:17
     159 | 2026-09-12 12:26:18
     810 | 2026-09-12 12:25:19
     219 | 2026-09-12 12:20:38
     870 | 2026-09-12 12:19:39
     521 | 2026-09-12 12:18:40
     930 | 2026-09-12 12:13:59
     581 | 2026-09-12 12:13:00
     232 | 2026-09-12 12:12:01
     641 | 2026-09-12 12:07:20
     292 | 2026-09-12 12:06:21
     943 | 2026-09-12 12:05:22
     352 | 2026-09-12 12:00:41
       3 | 2026-09-12 11:59:42
     654 | 2026-09-12 11:58:43
      63 | 2026-09-12 11:54:02
     714 | 2026-09-12 11:53:03
     365 | 2026-09-12 11:52:04
     774 | 2026-09-12 11:47:23
     425 | 2026-09-12 11:46:24
      76 | 2026-09-12 11:45:25
     485 | 2026-09-12 11:40:44
     136 | 2026-09-12 11:39:45
     787 | 2026-09-12 11:38:46
     196 | 2026-09-12 11:34:05
     847 | 2026-09-12 11:33:06
     498 | 2026-09-12 11:32:07
     907 | 2026-09-12 11:27:26
     558 | 2026-09-12 11:26:27
     209 | 2026-09-12 11:25:28
     618 | 2026-09-12 11:20:47
     269 | 2026-09-12 11:19:48
     920 | 2026-09-12 11:18:49
     329 | 2026-09-12 11:14:08
     980 | 2026-09-12 11:13:09
     631 | 2026-09-12 11:12:10
      40 | 2026-09-12 11:07:29
     691 | 2026-09-12 11:06:30
     342 | 2026-09-12 11:05:31
     751 | 2026-09-12 11:00:50
     402 | 2026-09-12 10:59:51
      53 | 2026-09-12 10:58:52
     462 | 2026-09-12 10:54:11
     113 | 2026-09-12 10:53:12
     764 | 2026-09-12 10:52:13
     173 | 2026-09-12 10:47:32
     824 | 2026-09-12 10:46:33
     475 | 2026-09-12 10:45:34
     884 | 2026-09-12 10:40:53
     535 | 2026-09-12 10:39:54
     186 | 2026-09-12 10:38:55
     595 | 2026-09-12 10:34:14
     246 | 2026-09-12 10:33:15
     897 | 2026-09-12 10:32:16
     306 | 2026-09-12 10:27:35
     957 | 2026-09-12 10:26:36
     608 | 2026-09-12 10:25:37
      17 | 2026-09-12 10:20:56
     668 | 2026-09-12 10:19:57
     319 | 2026-09-12 10:18:58
     970 | 2026-09-12 10:17:59
     728 | 2026-09-12 10:14:17
     379 | 2026-09-12 10:13:18
      30 | 2026-09-12 10:12:19
     681 | 2026-09-12 10:11:20
     439 | 2026-09-12 10:07:38
      90 | 2026-09-12 10:06:39
     741 | 2026-09-12 10:05:40
     392 | 2026-09-12 10:04:41
     150 | 2026-09-12 10:00:59
     801 | 2026-09-12 10:00:00
     452 | 2026-09-12 09:59:01
     103 | 2026-09-12 09:58:02
     861 | 2026-09-12 09:54:20
     512 | 2026-09-12 09:53:21
     163 | 2026-09-12 09:52:22
     814 | 2026-09-12 09:51:23
     572 | 2026-09-12 09:47:41
     223 | 2026-09-12 09:46:42
     874 | 2026-09-12 09:45:43
     525 | 2026-09-12 09:44:44
     283 | 2026-09-12 09:41:02
     934 | 2026-09-12 09:40:03
     585 | 2026-09-12 09:39:04
     236 | 2026-09-12 09:38:05
     994 | 2026-09-12 09:34:23
     645 | 2026-09-12 09:33:24
     296 | 2026-09-12 09:32:25
     947 | 2026-09-12 09:31:26
     705 | 2026-09-12 09:27:44
     356 | 2026-09-12 09:26:45
       7 | 2026-09-12 09:25:46
     658 | 2026-09-12 09:24:47
      67 | 2026-09-12 09:20:06
     718 | 2026-09-12 09:19:07
     369 | 2026-09-12 09:18:08
     778 | 2026-09-12 09:13:27
     429 | 2026-09-12 09:12:28
      80 | 2026-09-12 09:11:29
     489 | 2026-09-12 09:06:48
     140 | 2026-09-12 09:05:49
     791 | 2026-09-12 09:04:50
     200 | 2026-09-12 09:00:09
     851 | 2026-09-12 08:59:10
     502 | 2026-09-12 08:58:11
     911 | 2026-09-12 08:53:30
     562 | 2026-09-12 08:52:31
     213 | 2026-09-12 08:51:32
     622 | 2026-09-12 08:46:51
     273 | 2026-09-12 08:45:52
     924 | 2026-09-12 08:44:53
     333 | 2026-09-12 08:40:12
     984 | 2026-09-12 08:39:13
     635 | 2026-09-12 08:38:14
      44 | 2026-09-12 08:33:33
     695 | 2026-09-12 08:32:34
     346 | 2026-09-12 08:31:35
     755 | 2026-09-12 08:26:54
     406 | 2026-09-12 08:25:55
      57 | 2026-09-12 08:24:56
     466 | 2026-09-12 08:20:15
     117 | 2026-09-12 08:19:16
     768 | 2026-09-12 08:18:17
     177 | 2026-09-12 08:13:36
     828 | 2026-09-12 08:12:37
     479 | 2026-09-12 08:11:38
     888 | 2026-09-12 08:06:57
     539 | 2026-09-12 08:05:58
     190 | 2026-09-12 08:04:59
     599 | 2026-09-12 08:00:18
     250 | 2026-09-12 07:59:19
     901 | 2026-09-12 07:58:20
     310 | 2026-09-12 07:53:39
     961 | 2026-09-12 07:52:40
     612 | 2026-09-12 07:51:41
      21 | 2026-09-12 07:47:00
     672 | 2026-09-12 07:46:01
     323 | 2026-09-12 07:45:02
     732 | 2026-09-12 07:40:21
     383 | 2026-09-12 07:39:22
      34 | 2026-09-12 07:38:23
     443 | 2026-09-12 07:33:42
      94 | 2026-09-12 07:32:43
     745 | 2026-09-12 07:31:44
     154 | 2026-09-12 07:27:03
     805 | 2026-09-12 07:26:04
     456 | 2026-09-12 07:25:05
     107 | 2026-09-12 07:24:06
     865 | 2026-09-12 07:20:24
     516 | 2026-09-12 07:19:25
     167 | 2026-09-12 07:18:26
     818 | 2026-09-12 07:17:27
     576 | 2026-09-12 07:13:45
     227 | 2026-09-12 07:12:46
     878 | 2026-09-12 07:11:47
     529 | 2026-09-12 07:10:48
     287 | 2026-09-12 07:07:06
     938 | 2026-09-12 07:06:07
     589 | 2026-09-12 07:05:08
     240 | 2026-09-12 07:04:09
     998 | 2026-09-12 07:00:27
     649 | 2026-09-12 06:59:28
     300 | 2026-09-12 06:58:29
     951 | 2026-09-12 06:57:30
     709 | 2026-09-12 06:53:48
     360 | 2026-09-12 06:52:49
      11 | 2026-09-12 06:51:50
     662 | 2026-09-12 06:50:51
     420 | 2026-09-12 06:47:09
      71 | 2026-09-12 06:46:10
     722 | 2026-09-12 06:45:11
     373 | 2026-09-12 06:44:12
     131 | 2026-09-12 06:40:30
     782 | 2026-09-12 06:39:31
     433 | 2026-09-12 06:38:32
      84 | 2026-09-12 06:37:33
     842 | 2026-09-12 06:33:51
     493 | 2026-09-12 06:32:52
     144 | 2026-09-12 06:31:53
     795 | 2026-09-12 06:30:54
     204 | 2026-09-12 06:26:13
     855 | 2026-09-12 06:25:14
     506 | 2026-09-12 06:24:15
     915 | 2026-09-12 06:19:34
     566 | 2026-09-12 06:18:35
     217 | 2026-09-12 06:17:36
     626 | 2026-09-12 06:12:55
     277 | 2026-09-12 06:11:56
     928 | 2026-09-12 06:10:57
     337 | 2026-09-12 06:06:16
     988 | 2026-09-12 06:05:17
     639 | 2026-09-12 06:04:18
      48 | 2026-09-12 05:59:37
     699 | 2026-09-12 05:58:38
     350 | 2026-09-12 05:57:39
     759 | 2026-09-12 05:52:58
     410 | 2026-09-12 05:51:59
      61 | 2026-09-12 05:51:00
     470 | 2026-09-12 05:46:19
     121 | 2026-09-12 05:45:20
     772 | 2026-09-12 05:44:21
     181 | 2026-09-12 05:39:40
     832 | 2026-09-12 05:38:41
     483 | 2026-09-12 05:37:42
     892 | 2026-09-12 05:33:01
     543 | 2026-09-12 05:32:02
     194 | 2026-09-12 05:31:03
     603 | 2026-09-12 05:26:22
     254 | 2026-09-12 05:25:23
     905 | 2026-09-12 05:24:24
     314 | 2026-09-12 05:19:43
     965 | 2026-09-12 05:18:44
     616 | 2026-09-12 05:17:45
      25 | 2026-09-12 05:13:04
     676 | 2026-09-12 05:12:05
     327 | 2026-09-12 05:11:06
     736 | 2026-09-12 05:06:25
     387 | 2026-09-12 05:05:26
      38 | 2026-09-12 05:04:27
     447 | 2026-09-12 04:59:46
      98 | 2026-09-12 04:58:47
     749 | 2026-09-12 04:57:48
     158 | 2026-09-12 04:53:07
     809 | 2026-09-12 04:52:08
     460 | 2026-09-12 04:51:09
     869 | 2026-09-12 04:46:28
     520 | 2026-09-12 04:45:29
     171 | 2026-09-12 04:44:30
     580 | 2026-09-12 04:39:49
     231 | 2026-09-12 04:38:50
     882 | 2026-09-12 04:37:51
     291 | 2026-09-12 04:33:10
     942 | 2026-09-12 04:32:11
     593 | 2026-09-12 04:31:12
     244 | 2026-09-12 04:30:13
       2 | 2026-09-12 04:26:31
     653 | 2026-09-12 04:25:32
     304 | 2026-09-12 04:24:33
     955 | 2026-09-12 04:23:34
     713 | 2026-09-12 04:19:52
     364 | 2026-09-12 04:18:53
      15 | 2026-09-12 04:17:54
     666 | 2026-09-12 04:16:55
     424 | 2026-09-12 04:13:13
      75 | 2026-09-12 04:12:14
     726 | 2026-09-12 04:11:15
     377 | 2026-09-12 04:10:16
     135 | 2026-09-12 04:06:34
     786 | 2026-09-12 04:05:35
     437 | 2026-09-12 04:04:36
      88 | 2026-09-12 04:03:37
     846 | 2026-09-12 03:59:55
     497 | 2026-09-12 03:58:56
     148 | 2026-09-12 03:57:57
     799 | 2026-09-12 03:56:58
     557 | 2026-09-12 03:53:16
     208 | 2026-09-12 03:52:17
     859 | 2026-09-12 03:51:18
     510 | 2026-09-12 03:50:19
     268 | 2026-09-12 03:46:37
     919 | 2026-09-12 03:45:38
     570 | 2026-09-12 03:44:39
     221 | 2026-09-12 03:43:40
     979 | 2026-09-12 03:39:58
     630 | 2026-09-12 03:38:59
     281 | 2026-09-12 03:38:00
     932 | 2026-09-12 03:37:01
     341 | 2026-09-12 03:32:20
     992 | 2026-09-12 03:31:21
     643 | 2026-09-12 03:30:22
      52 | 2026-09-12 03:25:41
     703 | 2026-09-12 03:24:42
     354 | 2026-09-12 03:23:43
     763 | 2026-09-12 03:19:02
     414 | 2026-09-12 03:18:03
      65 | 2026-09-12 03:17:04
     474 | 2026-09-12 03:12:23
     125 | 2026-09-12 03:11:24
     776 | 2026-09-12 03:10:25
     185 | 2026-09-12 03:05:44
     836 | 2026-09-12 03:04:45
     487 | 2026-09-12 03:03:46
     896 | 2026-09-12 02:59:05
     547 | 2026-09-12 02:58:06
     198 | 2026-09-12 02:57:07
     607 | 2026-09-12 02:52:26
     258 | 2026-09-12 02:51:27
     909 | 2026-09-12 02:50:28
     318 | 2026-09-12 02:45:47
     969 | 2026-09-12 02:44:48
     620 | 2026-09-12 02:43:49
      29 | 2026-09-12 02:39:08
     680 | 2026-09-12 02:38:09
     331 | 2026-09-12 02:37:10
     740 | 2026-09-12 02:32:29
     391 | 2026-09-12 02:31:30
      42 | 2026-09-12 02:30:31
     451 | 2026-09-12 02:25:50
     102 | 2026-09-12 02:24:51
     753 | 2026-09-12 02:23:52
     162 | 2026-09-12 02:19:11
     813 | 2026-09-12 02:18:12
     464 | 2026-09-12 02:17:13
     873 | 2026-09-12 02:12:32
     524 | 2026-09-12 02:11:33
     175 | 2026-09-12 02:10:34
     584 | 2026-09-12 02:05:53
     235 | 2026-09-12 02:04:54
     886 | 2026-09-12 02:03:55
     295 | 2026-09-12 01:59:14
     946 | 2026-09-12 01:58:15
     597 | 2026-09-12 01:57:16
       6 | 2026-09-12 01:52:35
     657 | 2026-09-12 01:51:36
     308 | 2026-09-12 01:50:37
     717 | 2026-09-12 01:45:56
     368 | 2026-09-12 01:44:57
      19 | 2026-09-12 01:43:58
     428 | 2026-09-12 01:39:17
      79 | 2026-09-12 01:38:18
     730 | 2026-09-12 01:37:19
     139 | 2026-09-12 01:32:38
     790 | 2026-09-12 01:31:39
     441 | 2026-09-12 01:30:40
      92 | 2026-09-12 01:29:41
     850 | 2026-09-12 01:25:59
     501 | 2026-09-12 01:25:00
     152 | 2026-09-12 01:24:01
     803 | 2026-09-12 01:23:02
     561 | 2026-09-12 01:19:20
     212 | 2026-09-12 01:18:21
     863 | 2026-09-12 01:17:22
     514 | 2026-09-12 01:16:23
     272 | 2026-09-12 01:12:41
     923 | 2026-09-12 01:11:42
     574 | 2026-09-12 01:10:43
     225 | 2026-09-12 01:09:44
     983 | 2026-09-12 01:06:02
     634 | 2026-09-12 01:05:03
     285 | 2026-09-12 01:04:04
     936 | 2026-09-12 01:03:05
     694 | 2026-09-12 00:59:23
     345 | 2026-09-12 00:58:24
     996 | 2026-09-12 00:57:25
     647 | 2026-09-12 00:56:26
     405 | 2026-09-12 00:52:44
      56 | 2026-09-12 00:51:45
     707 | 2026-09-12 00:50:46
     358 | 2026-09-12 00:49:47
     116 | 2026-09-12 00:46:05
     767 | 2026-09-12 00:45:06
     418 | 2026-09-12 00:44:07
      69 | 2026-09-12 00:43:08
     478 | 2026-09-12 00:38:27
     129 | 2026-09-12 00:37:28
     780 | 2026-09-12 00:36:29
     189 | 2026-09-12 00:31:48
     840 | 2026-09-12 00:30:49
     491 | 2026-09-12 00:29:50
     900 | 2026-09-12 00:25:09
     551 | 2026-09-12 00:24:10
     202 | 2026-09-12 00:23:11
     611 | 2026-09-12 00:18:30
     262 | 2026-09-12 00:17:31
     913 | 2026-09-12 00:16:32
     322 | 2026-09-12 00:11:51
     973 | 2026-09-12 00:10:52
     624 | 2026-09-12 00:09:53
      33 | 2026-09-12 00:05:12
     684 | 2026-09-12 00:04:13
     335 | 2026-09-12 00:03:14
     744 | 2026-09-11 23:58:33
     395 | 2026-09-11 23:57:34
      46 | 2026-09-11 23:56:35
     455 | 2026-09-11 23:51:54
     106 | 2026-09-11 23:50:55
     757 | 2026-09-11 23:49:56
     166 | 2026-09-11 23:45:15
     817 | 2026-09-11 23:44:16
     468 | 2026-09-11 23:43:17
     877 | 2026-09-11 23:38:36
     528 | 2026-09-11 23:37:37
     179 | 2026-09-11 23:36:38
     588 | 2026-09-11 23:31:57
     239 | 2026-09-11 23:30:58
     890 | 2026-09-11 23:29:59
     299 | 2026-09-11 23:25:18
     950 | 2026-09-11 23:24:19
     601 | 2026-09-11 23:23:20
      10 | 2026-09-11 23:18:39
     661 | 2026-09-11 23:17:40
     312 | 2026-09-11 23:16:41
     721 | 2026-09-11 23:12:00
     372 | 2026-09-11 23:11:01
      23 | 2026-09-11 23:10:02
     432 | 2026-09-11 23:05:21
      83 | 2026-09-11 23:04:22
     734 | 2026-09-11 23:03:23
     143 | 2026-09-11 22:58:42
     794 | 2026-09-11 22:57:43
     445 | 2026-09-11 22:56:44
     854 | 2026-09-11 22:52:03
     505 | 2026-09-11 22:51:04
     156 | 2026-09-11 22:50:05
     565 | 2026-09-11 22:45:24
     216 | 2026-09-11 22:44:25
     867 | 2026-09-11 22:43:26
     276 | 2026-09-11 22:38:45
     927 | 2026-09-11 22:37:46
     578 | 2026-09-11 22:36:47
     229 | 2026-09-11 22:35:48
     987 | 2026-09-11 22:32:06
     638 | 2026-09-11 22:31:07
     289 | 2026-09-11 22:30:08
     940 | 2026-09-11 22:29:09
     698 | 2026-09-11 22:25:27
     349 | 2026-09-11 22:24:28
    1000 | 2026-09-11 22:23:29
     651 | 2026-09-11 22:22:30
     409 | 2026-09-11 22:18:48
      60 | 2026-09-11 22:17:49
     711 | 2026-09-11 22:16:50
     362 | 2026-09-11 22:15:51
     120 | 2026-09-11 22:12:09
     771 | 2026-09-11 22:11:10
     422 | 2026-09-11 22:10:11
      73 | 2026-09-11 22:09:12
     831 | 2026-09-11 22:05:30
     482 | 2026-09-11 22:04:31
     133 | 2026-09-11 22:03:32
     784 | 2026-09-11 22:02:33
     542 | 2026-09-11 21:58:51
     193 | 2026-09-11 21:57:52
     844 | 2026-09-11 21:56:53
     495 | 2026-09-11 21:55:54
     253 | 2026-09-11 21:52:12
     904 | 2026-09-11 21:51:13
     555 | 2026-09-11 21:50:14
     206 | 2026-09-11 21:49:15
     615 | 2026-09-11 21:44:34
     266 | 2026-09-11 21:43:35
     917 | 2026-09-11 21:42:36
     326 | 2026-09-11 21:37:55
     977 | 2026-09-11 21:36:56
     628 | 2026-09-11 21:35:57
      37 | 2026-09-11 21:31:16
     688 | 2026-09-11 21:30:17
     339 | 2026-09-11 21:29:18
     748 | 2026-09-11 21:24:37
     399 | 2026-09-11 21:23:38
      50 | 2026-09-11 21:22:39
     459 | 2026-09-11 21:17:58
     110 | 2026-09-11 21:16:59
     761 | 2026-09-11 21:16:00
     170 | 2026-09-11 21:11:19
     821 | 2026-09-11 21:10:20
     472 | 2026-09-11 21:09:21
     881 | 2026-09-11 21:04:40
     532 | 2026-09-11 21:03:41
     183 | 2026-09-11 21:02:42
     592 | 2026-09-11 20:58:01
     243 | 2026-09-11 20:57:02
     894 | 2026-09-11 20:56:03
     303 | 2026-09-11 20:51:22
     954 | 2026-09-11 20:50:23
     605 | 2026-09-11 20:49:24
      14 | 2026-09-11 20:44:43
     665 | 2026-09-11 20:43:44
     316 | 2026-09-11 20:42:45
     725 | 2026-09-11 20:38:04
     376 | 2026-09-11 20:37:05
      27 | 2026-09-11 20:36:06
     436 | 2026-09-11 20:31:25
      87 | 2026-09-11 20:30:26
     738 | 2026-09-11 20:29:27
     147 | 2026-09-11 20:24:46
     798 | 2026-09-11 20:23:47
     449 | 2026-09-11 20:22:48
     858 | 2026-09-11 20:18:07
     509 | 2026-09-11 20:17:08
     160 | 2026-09-11 20:16:09
     569 | 2026-09-11 20:11:28
     220 | 2026-09-11 20:10:29
     871 | 2026-09-11 20:09:30
     280 | 2026-09-11 20:04:49
     931 | 2026-09-11 20:03:50
     582 | 2026-09-11 20:02:51
     991 | 2026-09-11 19:58:10
     642 | 2026-09-11 19:57:11
     293 | 2026-09-11 19:56:12
     702 | 2026-09-11 19:51:31
     353 | 2026-09-11 19:50:32
       4 | 2026-09-11 19:49:33
     413 | 2026-09-11 19:44:52
      64 | 2026-09-11 19:43:53
     715 | 2026-09-11 19:42:54
     366 | 2026-09-11 19:41:55
     124 | 2026-09-11 19:38:13
     775 | 2026-09-11 19:37:14
     426 | 2026-09-11 19:36:15
      77 | 2026-09-11 19:35:16
     835 | 2026-09-11 19:31:34
     486 | 2026-09-11 19:30:35
     137 | 2026-09-11 19:29:36
     788 | 2026-09-11 19:28:37
     546 | 2026-09-11 19:24:55
     197 | 2026-09-11 19:23:56
     848 | 2026-09-11 19:22:57
     499 | 2026-09-11 19:21:58
     257 | 2026-09-11 19:18:16
     908 | 2026-09-11 19:17:17
     559 | 2026-09-11 19:16:18
     210 | 2026-09-11 19:15:19
     968 | 2026-09-11 19:11:37
     619 | 2026-09-11 19:10:38
     270 | 2026-09-11 19:09:39
     921 | 2026-09-11 19:08:40
     679 | 2026-09-11 19:04:58
     330 | 2026-09-11 19:03:59
     981 | 2026-09-11 19:03:00
     632 | 2026-09-11 19:02:01
     390 | 2026-09-11 18:58:19
      41 | 2026-09-11 18:57:20
     692 | 2026-09-11 18:56:21
     343 | 2026-09-11 18:55:22
     752 | 2026-09-11 18:50:41
     403 | 2026-09-11 18:49:42
      54 | 2026-09-11 18:48:43
     463 | 2026-09-11 18:44:02
     114 | 2026-09-11 18:43:03
     765 | 2026-09-11 18:42:04
     174 | 2026-09-11 18:37:23
     825 | 2026-09-11 18:36:24
     476 | 2026-09-11 18:35:25
     885 | 2026-09-11 18:30:44
     536 | 2026-09-11 18:29:45
     187 | 2026-09-11 18:28:46
     596 | 2026-09-11 18:24:05
     247 | 2026-09-11 18:23:06
     898 | 2026-09-11 18:22:07
     307 | 2026-09-11 18:17:26
     958 | 2026-09-11 18:16:27
     609 | 2026-09-11 18:15:28
      18 | 2026-09-11 18:10:47
     669 | 2026-09-11 18:09:48
     320 | 2026-09-11 18:08:49
     729 | 2026-09-11 18:04:08
     380 | 2026-09-11 18:03:09
      31 | 2026-09-11 18:02:10
     440 | 2026-09-11 17:57:29
      91 | 2026-09-11 17:56:30
     742 | 2026-09-11 17:55:31
     151 | 2026-09-11 17:50:50
     802 | 2026-09-11 17:49:51
     453 | 2026-09-11 17:48:52
     862 | 2026-09-11 17:44:11
     513 | 2026-09-11 17:43:12
     164 | 2026-09-11 17:42:13
     573 | 2026-09-11 17:37:32
     224 | 2026-09-11 17:36:33
     875 | 2026-09-11 17:35:34
     284 | 2026-09-11 17:30:53
     935 | 2026-09-11 17:29:54
     586 | 2026-09-11 17:28:55
     995 | 2026-09-11 17:24:14
     646 | 2026-09-11 17:23:15
     297 | 2026-09-11 17:22:16
     706 | 2026-09-11 17:17:35
     357 | 2026-09-11 17:16:36
       8 | 2026-09-11 17:15:37
     417 | 2026-09-11 17:10:56
      68 | 2026-09-11 17:09:57
     719 | 2026-09-11 17:08:58
     128 | 2026-09-11 17:04:17
     779 | 2026-09-11 17:03:18
     430 | 2026-09-11 17:02:19
     839 | 2026-09-11 16:57:38
     490 | 2026-09-11 16:56:39
     141 | 2026-09-11 16:55:40
     550 | 2026-09-11 16:50:59
     201 | 2026-09-11 16:50:00
     852 | 2026-09-11 16:49:01
     503 | 2026-09-11 16:48:02
     261 | 2026-09-11 16:44:20
     912 | 2026-09-11 16:43:21
     563 | 2026-09-11 16:42:22
     214 | 2026-09-11 16:41:23
     972 | 2026-09-11 16:37:41
     623 | 2026-09-11 16:36:42
     274 | 2026-09-11 16:35:43
     925 | 2026-09-11 16:34:44
     683 | 2026-09-11 16:31:02
     334 | 2026-09-11 16:30:03
     985 | 2026-09-11 16:29:04
     636 | 2026-09-11 16:28:05
     394 | 2026-09-11 16:24:23
      45 | 2026-09-11 16:23:24
     696 | 2026-09-11 16:22:25
     347 | 2026-09-11 16:21:26
     105 | 2026-09-11 16:17:44
     756 | 2026-09-11 16:16:45
     407 | 2026-09-11 16:15:46
      58 | 2026-09-11 16:14:47
     816 | 2026-09-11 16:11:05
     467 | 2026-09-11 16:10:06
     118 | 2026-09-11 16:09:07
     769 | 2026-09-11 16:08:08
     527 | 2026-09-11 16:04:26
     178 | 2026-09-11 16:03:27
     829 | 2026-09-11 16:02:28
     480 | 2026-09-11 16:01:29
     889 | 2026-09-11 15:56:48
     540 | 2026-09-11 15:55:49
     191 | 2026-09-11 15:54:50
     600 | 2026-09-11 15:50:09
     251 | 2026-09-11 15:49:10
     902 | 2026-09-11 15:48:11
     311 | 2026-09-11 15:43:30
     962 | 2026-09-11 15:42:31
     613 | 2026-09-11 15:41:32
      22 | 2026-09-11 15:36:51
     673 | 2026-09-11 15:35:52
     324 | 2026-09-11 15:34:53
     733 | 2026-09-11 15:30:12
     384 | 2026-09-11 15:29:13
      35 | 2026-09-11 15:28:14
     444 | 2026-09-11 15:23:33
      95 | 2026-09-11 15:22:34
     746 | 2026-09-11 15:21:35
     155 | 2026-09-11 15:16:54
     806 | 2026-09-11 15:15:55
     457 | 2026-09-11 15:14:56
     866 | 2026-09-11 15:10:15
     517 | 2026-09-11 15:09:16
     168 | 2026-09-11 15:08:17
     577 | 2026-09-11 15:03:36
     228 | 2026-09-11 15:02:37
     879 | 2026-09-11 15:01:38
     288 | 2026-09-11 14:56:57
     939 | 2026-09-11 14:55:58
     590 | 2026-09-11 14:54:59
     999 | 2026-09-11 14:50:18
     650 | 2026-09-11 14:49:19
     301 | 2026-09-11 14:48:20
     710 | 2026-09-11 14:43:39
     361 | 2026-09-11 14:42:40
      12 | 2026-09-11 14:41:41
     421 | 2026-09-11 14:37:00
      72 | 2026-09-11 14:36:01
     723 | 2026-09-11 14:35:02
     132 | 2026-09-11 14:30:21
     783 | 2026-09-11 14:29:22
     434 | 2026-09-11 14:28:23
     843 | 2026-09-11 14:23:42
     494 | 2026-09-11 14:22:43
     145 | 2026-09-11 14:21:44
     554 | 2026-09-11 14:17:03
     205 | 2026-09-11 14:16:04
     856 | 2026-09-11 14:15:05
     265 | 2026-09-11 14:10:24
     916 | 2026-09-11 14:09:25
     567 | 2026-09-11 14:08:26
     976 | 2026-09-11 14:03:45
     627 | 2026-09-11 14:02:46
     278 | 2026-09-11 14:01:47
     687 | 2026-09-11 13:57:06
     338 | 2026-09-11 13:56:07
     989 | 2026-09-11 13:55:08
     640 | 2026-09-11 13:54:09
     398 | 2026-09-11 13:50:27
      49 | 2026-09-11 13:49:28
     700 | 2026-09-11 13:48:29
     351 | 2026-09-11 13:47:30
     109 | 2026-09-11 13:43:48
     760 | 2026-09-11 13:42:49
     411 | 2026-09-11 13:41:50
      62 | 2026-09-11 13:40:51
     820 | 2026-09-11 13:37:09
     471 | 2026-09-11 13:36:10
     122 | 2026-09-11 13:35:11
     773 | 2026-09-11 13:34:12
     531 | 2026-09-11 13:30:30
     182 | 2026-09-11 13:29:31
     833 | 2026-09-11 13:28:32
     484 | 2026-09-11 13:27:33
     242 | 2026-09-11 13:23:51
     893 | 2026-09-11 13:22:52
     544 | 2026-09-11 13:21:53
     195 | 2026-09-11 13:20:54
     953 | 2026-09-11 13:17:12
     604 | 2026-09-11 13:16:13
     255 | 2026-09-11 13:15:14
     906 | 2026-09-11 13:14:15
     664 | 2026-09-11 13:10:33
     315 | 2026-09-11 13:09:34
     966 | 2026-09-11 13:08:35
     617 | 2026-09-11 13:07:36
      26 | 2026-09-11 13:02:55
     677 | 2026-09-11 13:01:56
     328 | 2026-09-11 13:00:57
     737 | 2026-09-11 12:56:16
     388 | 2026-09-11 12:55:17
      39 | 2026-09-11 12:54:18
     448 | 2026-09-11 12:49:37
      99 | 2026-09-11 12:48:38
     750 | 2026-09-11 12:47:39
     159 | 2026-09-11 12:42:58
     810 | 2026-09-11 12:41:59
     461 | 2026-09-11 12:41:00
     870 | 2026-09-11 12:36:19
     521 | 2026-09-11 12:35:20
     172 | 2026-09-11 12:34:21
     581 | 2026-09-11 12:29:40
     232 | 2026-09-11 12:28:41
     883 | 2026-09-11 12:27:42
     292 | 2026-09-11 12:23:01
     943 | 2026-09-11 12:22:02
     594 | 2026-09-11 12:21:03
       3 | 2026-09-11 12:16:22
     654 | 2026-09-11 12:15:23
     305 | 2026-09-11 12:14:24
     714 | 2026-09-11 12:09:43
     365 | 2026-09-11 12:08:44
      16 | 2026-09-11 12:07:45
     425 | 2026-09-11 12:03:04
      76 | 2026-09-11 12:02:05
     727 | 2026-09-11 12:01:06
     136 | 2026-09-11 11:56:25
     787 | 2026-09-11 11:55:26
     438 | 2026-09-11 11:54:27
     847 | 2026-09-11 11:49:46
     498 | 2026-09-11 11:48:47
     149 | 2026-09-11 11:47:48
     558 | 2026-09-11 11:43:07
     209 | 2026-09-11 11:42:08
     860 | 2026-09-11 11:41:09
     269 | 2026-09-11 11:36:28
     920 | 2026-09-11 11:35:29
     571 | 2026-09-11 11:34:30
     980 | 2026-09-11 11:29:49
     631 | 2026-09-11 11:28:50
     282 | 2026-09-11 11:27:51
     691 | 2026-09-11 11:23:10
     342 | 2026-09-11 11:22:11
     993 | 2026-09-11 11:21:12
     402 | 2026-09-11 11:16:31
      53 | 2026-09-11 11:15:32
     704 | 2026-09-11 11:14:33
     113 | 2026-09-11 11:09:52
     764 | 2026-09-11 11:08:53
     415 | 2026-09-11 11:07:54
     824 | 2026-09-11 11:03:13
     475 | 2026-09-11 11:02:14
     126 | 2026-09-11 11:01:15
     777 | 2026-09-11 11:00:16
     535 | 2026-09-11 10:56:34
     186 | 2026-09-11 10:55:35
     837 | 2026-09-11 10:54:36
     488 | 2026-09-11 10:53:37
     246 | 2026-09-11 10:49:55
     897 | 2026-09-11 10:48:56
     548 | 2026-09-11 10:47:57
     199 | 2026-09-11 10:46:58
     957 | 2026-09-11 10:43:16
     608 | 2026-09-11 10:42:17
     259 | 2026-09-11 10:41:18
     910 | 2026-09-11 10:40:19
     668 | 2026-09-11 10:36:37
     319 | 2026-09-11 10:35:38
     970 | 2026-09-11 10:34:39
     621 | 2026-09-11 10:33:40
     379 | 2026-09-11 10:29:58
      30 | 2026-09-11 10:28:59
     681 | 2026-09-11 10:28:00
     332 | 2026-09-11 10:27:01
      90 | 2026-09-11 10:23:19
     741 | 2026-09-11 10:22:20
     392 | 2026-09-11 10:21:21
      43 | 2026-09-11 10:20:22
     801 | 2026-09-11 10:16:40
     452 | 2026-09-11 10:15:41
     103 | 2026-09-11 10:14:42
     754 | 2026-09-11 10:13:43
     163 | 2026-09-11 10:09:02
     814 | 2026-09-11 10:08:03
     465 | 2026-09-11 10:07:04
     874 | 2026-09-11 10:02:23
     525 | 2026-09-11 10:01:24
     176 | 2026-09-11 10:00:25
     585 | 2026-09-11 09:55:44
     236 | 2026-09-11 09:54:45
     887 | 2026-09-11 09:53:46
     296 | 2026-09-11 09:49:05
     947 | 2026-09-11 09:48:06
     598 | 2026-09-11 09:47:07
       7 | 2026-09-11 09:42:26
     658 | 2026-09-11 09:41:27
     309 | 2026-09-11 09:40:28
     718 | 2026-09-11 09:35:47
     369 | 2026-09-11 09:34:48
      20 | 2026-09-11 09:33:49
     429 | 2026-09-11 09:29:08
      80 | 2026-09-11 09:28:09
     731 | 2026-09-11 09:27:10
     140 | 2026-09-11 09:22:29
     791 | 2026-09-11 09:21:30
     442 | 2026-09-11 09:20:31
     851 | 2026-09-11 09:15:50
     502 | 2026-09-11 09:14:51
     153 | 2026-09-11 09:13:52
     562 | 2026-09-11 09:09:11
     213 | 2026-09-11 09:08:12
     864 | 2026-09-11 09:07:13
     273 | 2026-09-11 09:02:32
     924 | 2026-09-11 09:01:33
     575 | 2026-09-11 09:00:34
     984 | 2026-09-11 08:55:53
     635 | 2026-09-11 08:54:54
     286 | 2026-09-11 08:53:55
     695 | 2026-09-11 08:49:14
     346 | 2026-09-11 08:48:15
     997 | 2026-09-11 08:47:16
     406 | 2026-09-11 08:42:35
      57 | 2026-09-11 08:41:36
     708 | 2026-09-11 08:40:37
     117 | 2026-09-11 08:35:56
     768 | 2026-09-11 08:34:57
     419 | 2026-09-11 08:33:58
     828 | 2026-09-11 08:29:17
     479 | 2026-09-11 08:28:18
     130 | 2026-09-11 08:27:19
     539 | 2026-09-11 08:22:38
     190 | 2026-09-11 08:21:39
     841 | 2026-09-11 08:20:40
     250 | 2026-09-11 08:15:59
     901 | 2026-09-11 08:15:00
     552 | 2026-09-11 08:14:01
     961 | 2026-09-11 08:09:20
     612 | 2026-09-11 08:08:21
     263 | 2026-09-11 08:07:22
     914 | 2026-09-11 08:06:23
     672 | 2026-09-11 08:02:41
     323 | 2026-09-11 08:01:42
     974 | 2026-09-11 08:00:43
     625 | 2026-09-11 07:59:44
     383 | 2026-09-11 07:56:02
      34 | 2026-09-11 07:55:03
     685 | 2026-09-11 07:54:04
     336 | 2026-09-11 07:53:05
      94 | 2026-09-11 07:49:23
     745 | 2026-09-11 07:48:24
     396 | 2026-09-11 07:47:25
      47 | 2026-09-11 07:46:26
     805 | 2026-09-11 07:42:44
     456 | 2026-09-11 07:41:45
     107 | 2026-09-11 07:40:46
     758 | 2026-09-11 07:39:47
     516 | 2026-09-11 07:36:05
     167 | 2026-09-11 07:35:06
     818 | 2026-09-11 07:34:07
     469 | 2026-09-11 07:33:08
     227 | 2026-09-11 07:29:26
     878 | 2026-09-11 07:28:27
     529 | 2026-09-11 07:27:28
     180 | 2026-09-11 07:26:29
     938 | 2026-09-11 07:22:47
     589 | 2026-09-11 07:21:48
     240 | 2026-09-11 07:20:49
     891 | 2026-09-11 07:19:50
     300 | 2026-09-11 07:15:09
     951 | 2026-09-11 07:14:10
     602 | 2026-09-11 07:13:11
      11 | 2026-09-11 07:08:30
     662 | 2026-09-11 07:07:31
     313 | 2026-09-11 07:06:32
     722 | 2026-09-11 07:01:51
     373 | 2026-09-11 07:00:52
      24 | 2026-09-11 06:59:53
     433 | 2026-09-11 06:55:12
      84 | 2026-09-11 06:54:13
     735 | 2026-09-11 06:53:14
     144 | 2026-09-11 06:48:33
     795 | 2026-09-11 06:47:34
     446 | 2026-09-11 06:46:35
     855 | 2026-09-11 06:41:54
     506 | 2026-09-11 06:40:55
     157 | 2026-09-11 06:39:56
     566 | 2026-09-11 06:35:15
     217 | 2026-09-11 06:34:16
     868 | 2026-09-11 06:33:17
     277 | 2026-09-11 06:28:36
     928 | 2026-09-11 06:27:37
     579 | 2026-09-11 06:26:38
     988 | 2026-09-11 06:21:57
     639 | 2026-09-11 06:20:58
     290 | 2026-09-11 06:19:59
     699 | 2026-09-11 06:15:18
     350 | 2026-09-11 06:14:19
       1 | 2026-09-11 06:13:20
     410 | 2026-09-11 06:08:39
      61 | 2026-09-11 06:07:40
     712 | 2026-09-11 06:06:41
     121 | 2026-09-11 06:02:00
     772 | 2026-09-11 06:01:01
     423 | 2026-09-11 06:00:02
     832 | 2026-09-11 05:55:21
     483 | 2026-09-11 05:54:22
     134 | 2026-09-11 05:53:23
     543 | 2026-09-11 05:48:42
     194 | 2026-09-11 05:47:43
     845 | 2026-09-11 05:46:44
     254 | 2026-09-11 05:42:03
     905 | 2026-09-11 05:41:04
     556 | 2026-09-11 05:40:05
     965 | 2026-09-11 05:35:24
     616 | 2026-09-11 05:34:25
     267 | 2026-09-11 05:33:26
     676 | 2026-09-11 05:28:45
     327 | 2026-09-11 05:27:46
     978 | 2026-09-11 05:26:47
     387 | 2026-09-11 05:22:06
      38 | 2026-09-11 05:21:07
     689 | 2026-09-11 05:20:08
      98 | 2026-09-11 05:15:27
     749 | 2026-09-11 05:14:28
     400 | 2026-09-11 05:13:29
      51 | 2026-09-11 05:12:30
     809 | 2026-09-11 05:08:48
     460 | 2026-09-11 05:07:49
     111 | 2026-09-11 05:06:50
     762 | 2026-09-11 05:05:51
     520 | 2026-09-11 05:02:09
     171 | 2026-09-11 05:01:10
     822 | 2026-09-11 05:00:11
     473 | 2026-09-11 04:59:12
     231 | 2026-09-11 04:55:30
     882 | 2026-09-11 04:54:31
     533 | 2026-09-11 04:53:32
     184 | 2026-09-11 04:52:33
     942 | 2026-09-11 04:48:51
     593 | 2026-09-11 04:47:52
     244 | 2026-09-11 04:46:53
     895 | 2026-09-11 04:45:54
     653 | 2026-09-11 04:42:12
     304 | 2026-09-11 04:41:13
     955 | 2026-09-11 04:40:14
     606 | 2026-09-11 04:39:15
     364 | 2026-09-11 04:35:33
      15 | 2026-09-11 04:34:34
     666 | 2026-09-11 04:33:35
     317 | 2026-09-11 04:32:36
      75 | 2026-09-11 04:28:54
     726 | 2026-09-11 04:27:55
     377 | 2026-09-11 04:26:56
      28 | 2026-09-11 04:25:57
     786 | 2026-09-11 04:22:15
     437 | 2026-09-11 04:21:16
      88 | 2026-09-11 04:20:17
     739 | 2026-09-11 04:19:18
     148 | 2026-09-11 04:14:37
     799 | 2026-09-11 04:13:38
     450 | 2026-09-11 04:12:39
     859 | 2026-09-11 04:07:58
     510 | 2026-09-11 04:06:59
     161 | 2026-09-11 04:06:00
     570 | 2026-09-11 04:01:19
     221 | 2026-09-11 04:00:20
     872 | 2026-09-11 03:59:21
     281 | 2026-09-11 03:54:40
     932 | 2026-09-11 03:53:41
     583 | 2026-09-11 03:52:42
     992 | 2026-09-11 03:48:01
     643 | 2026-09-11 03:47:02
     294 | 2026-09-11 03:46:03
     703 | 2026-09-11 03:41:22
     354 | 2026-09-11 03:40:23
       5 | 2026-09-11 03:39:24
     414 | 2026-09-11 03:34:43
      65 | 2026-09-11 03:33:44
     716 | 2026-09-11 03:32:45
     125 | 2026-09-11 03:28:04
     776 | 2026-09-11 03:27:05
     427 | 2026-09-11 03:26:06
     836 | 2026-09-11 03:21:25
     487 | 2026-09-11 03:20:26
     138 | 2026-09-11 03:19:27
     547 | 2026-09-11 03:14:46
     198 | 2026-09-11 03:13:47
     849 | 2026-09-11 03:12:48
     258 | 2026-09-11 03:08:07
     909 | 2026-09-11 03:07:08
     560 | 2026-09-11 03:06:09
     969 | 2026-09-11 03:01:28
     620 | 2026-09-11 03:00:29
     271 | 2026-09-11 02:59:30
     680 | 2026-09-11 02:54:49
     331 | 2026-09-11 02:53:50
     982 | 2026-09-11 02:52:51
     391 | 2026-09-11 02:48:10
      42 | 2026-09-11 02:47:11
     693 | 2026-09-11 02:46:12
     102 | 2026-09-11 02:41:31
     753 | 2026-09-11 02:40:32
     404 | 2026-09-11 02:39:33
     813 | 2026-09-11 02:34:52
     464 | 2026-09-11 02:33:53
     115 | 2026-09-11 02:32:54
     524 | 2026-09-11 02:28:13
     175 | 2026-09-11 02:27:14
     826 | 2026-09-11 02:26:15
     235 | 2026-09-11 02:21:34
     886 | 2026-09-11 02:20:35
     537 | 2026-09-11 02:19:36
     188 | 2026-09-11 02:18:37
     946 | 2026-09-11 02:14:55
     597 | 2026-09-11 02:13:56
     248 | 2026-09-11 02:12:57
     899 | 2026-09-11 02:11:58
     657 | 2026-09-11 02:08:16
     308 | 2026-09-11 02:07:17
     959 | 2026-09-11 02:06:18
     610 | 2026-09-11 02:05:19
     368 | 2026-09-11 02:01:37
      19 | 2026-09-11 02:00:38
     670 | 2026-09-11 01:59:39
     321 | 2026-09-11 01:58:40
      79 | 2026-09-11 01:54:58
     730 | 2026-09-11 01:53:59
     381 | 2026-09-11 01:53:00
      32 | 2026-09-11 01:52:01
     790 | 2026-09-11 01:48:19
     441 | 2026-09-11 01:47:20
      92 | 2026-09-11 01:46:21
     743 | 2026-09-11 01:45:22
     501 | 2026-09-11 01:41:40
     152 | 2026-09-11 01:40:41
     803 | 2026-09-11 01:39:42
     454 | 2026-09-11 01:38:43
     212 | 2026-09-11 01:35:01
     863 | 2026-09-11 01:34:02
     514 | 2026-09-11 01:33:03
     165 | 2026-09-11 01:32:04
     923 | 2026-09-11 01:28:22
     574 | 2026-09-11 01:27:23
     225 | 2026-09-11 01:26:24
     876 | 2026-09-11 01:25:25
     285 | 2026-09-11 01:20:44
     936 | 2026-09-11 01:19:45
     587 | 2026-09-11 01:18:46
     996 | 2026-09-11 01:14:05
     647 | 2026-09-11 01:13:06
     298 | 2026-09-11 01:12:07
     707 | 2026-09-11 01:07:26
     358 | 2026-09-11 01:06:27
       9 | 2026-09-11 01:05:28
     418 | 2026-09-11 01:00:47
      69 | 2026-09-11 00:59:48
     720 | 2026-09-11 00:58:49
     129 | 2026-09-11 00:54:08
     780 | 2026-09-11 00:53:09
     431 | 2026-09-11 00:52:10
     840 | 2026-09-11 00:47:29
     491 | 2026-09-11 00:46:30
     142 | 2026-09-11 00:45:31
     551 | 2026-09-11 00:40:50
     202 | 2026-09-11 00:39:51
     853 | 2026-09-11 00:38:52
     262 | 2026-09-11 00:34:11
     913 | 2026-09-11 00:33:12
     564 | 2026-09-11 00:32:13
     973 | 2026-09-11 00:27:32
     624 | 2026-09-11 00:26:33
     275 | 2026-09-11 00:25:34
     684 | 2026-09-11 00:20:53
     335 | 2026-09-11 00:19:54
     986 | 2026-09-11 00:18:55
     395 | 2026-09-11 00:14:14
      46 | 2026-09-11 00:13:15
     697 | 2026-09-11 00:12:16
     106 | 2026-09-11 00:07:35
     757 | 2026-09-11 00:06:36
     408 | 2026-09-11 00:05:37
     817 | 2026-09-11 00:00:56
     468 | 2026-09-10 23:59:57
     119 | 2026-09-10 23:58:58
     528 | 2026-09-10 23:54:17
     179 | 2026-09-10 23:53:18
     830 | 2026-09-10 23:52:19
     239 | 2026-09-10 23:47:38
     890 | 2026-09-10 23:46:39
     541 | 2026-09-10 23:45:40
     950 | 2026-09-10 23:40:59
     601 | 2026-09-10 23:40:00
     252 | 2026-09-10 23:39:01
     661 | 2026-09-10 23:34:20
     312 | 2026-09-10 23:33:21
     963 | 2026-09-10 23:32:22
     372 | 2026-09-10 23:27:41
      23 | 2026-09-10 23:26:42
     674 | 2026-09-10 23:25:43
     325 | 2026-09-10 23:24:44
      83 | 2026-09-10 23:21:02
     734 | 2026-09-10 23:20:03
     385 | 2026-09-10 23:19:04
      36 | 2026-09-10 23:18:05
     794 | 2026-09-10 23:14:23
     445 | 2026-09-10 23:13:24
      96 | 2026-09-10 23:12:25
     747 | 2026-09-10 23:11:26
     505 | 2026-09-10 23:07:44
     156 | 2026-09-10 23:06:45
     807 | 2026-09-10 23:05:46
     458 | 2026-09-10 23:04:47
     216 | 2026-09-10 23:01:05
     867 | 2026-09-10 23:00:06
     518 | 2026-09-10 22:59:07
     169 | 2026-09-10 22:58:08
     927 | 2026-09-10 22:54:26
     578 | 2026-09-10 22:53:27
     229 | 2026-09-10 22:52:28
     880 | 2026-09-10 22:51:29
     638 | 2026-09-10 22:47:47
     289 | 2026-09-10 22:46:48
     940 | 2026-09-10 22:45:49
     591 | 2026-09-10 22:44:50
     349 | 2026-09-10 22:41:08
    1000 | 2026-09-10 22:40:09
     651 | 2026-09-10 22:39:10
     302 | 2026-09-10 22:38:11
      60 | 2026-09-10 22:34:29
     711 | 2026-09-10 22:33:30
     362 | 2026-09-10 22:32:31
      13 | 2026-09-10 22:31:32
     422 | 2026-09-10 22:26:51
      73 | 2026-09-10 22:25:52
     724 | 2026-09-10 22:24:53
     133 | 2026-09-10 22:20:12
     784 | 2026-09-10 22:19:13
     435 | 2026-09-10 22:18:14
     844 | 2026-09-10 22:13:33
     495 | 2026-09-10 22:12:34
     146 | 2026-09-10 22:11:35
     555 | 2026-09-10 22:06:54
     206 | 2026-09-10 22:05:55
     857 | 2026-09-10 22:04:56
     266 | 2026-09-10 22:00:15
     917 | 2026-09-10 21:59:16
     568 | 2026-09-10 21:58:17
     977 | 2026-09-10 21:53:36
     628 | 2026-09-10 21:52:37
     279 | 2026-09-10 21:51:38
     688 | 2026-09-10 21:46:57
     339 | 2026-09-10 21:45:58
     990 | 2026-09-10 21:44:59
     399 | 2026-09-10 21:40:18
      50 | 2026-09-10 21:39:19
     701 | 2026-09-10 21:38:20
     110 | 2026-09-10 21:33:39
     761 | 2026-09-10 21:32:40
     412 | 2026-09-10 21:31:41
     821 | 2026-09-10 21:27:00
     472 | 2026-09-10 21:26:01
     123 | 2026-09-10 21:25:02
     532 | 2026-09-10 21:20:21
     183 | 2026-09-10 21:19:22
     834 | 2026-09-10 21:18:23
     243 | 2026-09-10 21:13:42
     894 | 2026-09-10 21:12:43
     545 | 2026-09-10 21:11:44
     954 | 2026-09-10 21:07:03
     605 | 2026-09-10 21:06:04
     256 | 2026-09-10 21:05:05
     665 | 2026-09-10 21:00:24
     316 | 2026-09-10 20:59:25
     967 | 2026-09-10 20:58:26
     376 | 2026-09-10 20:53:45
      27 | 2026-09-10 20:52:46
     678 | 2026-09-10 20:51:47
      87 | 2026-09-10 20:47:06
     738 | 2026-09-10 20:46:07
     389 | 2026-09-10 20:45:08
     798 | 2026-09-10 20:40:27
     449 | 2026-09-10 20:39:28
     100 | 2026-09-10 20:38:29
     509 | 2026-09-10 20:33:48
     160 | 2026-09-10 20:32:49
     811 | 2026-09-10 20:31:50
     220 | 2026-09-10 20:27:09
     871 | 2026-09-10 20:26:10
     522 | 2026-09-10 20:25:11
     173 | 2026-09-10 20:24:12
     931 | 2026-09-10 20:20:30
     582 | 2026-09-10 20:19:31
     233 | 2026-09-10 20:18:32
     884 | 2026-09-10 20:17:33
     642 | 2026-09-10 20:13:51
     293 | 2026-09-10 20:12:52
     944 | 2026-09-10 20:11:53
     595 | 2026-09-10 20:10:54
     353 | 2026-09-10 20:07:12
       4 | 2026-09-10 20:06:13
     655 | 2026-09-10 20:05:14
     306 | 2026-09-10 20:04:15
      64 | 2026-09-10 20:00:33
     715 | 2026-09-10 19:59:34
     366 | 2026-09-10 19:58:35
      17 | 2026-09-10 19:57:36
     775 | 2026-09-10 19:53:54
     426 | 2026-09-10 19:52:55
      77 | 2026-09-10 19:51:56
     728 | 2026-09-10 19:50:57
     486 | 2026-09-10 19:47:15
     137 | 2026-09-10 19:46:16
     788 | 2026-09-10 19:45:17
     439 | 2026-09-10 19:44:18
     197 | 2026-09-10 19:40:36
     848 | 2026-09-10 19:39:37
     499 | 2026-09-10 19:38:38
     150 | 2026-09-10 19:37:39
     559 | 2026-09-10 19:32:58
     210 | 2026-09-10 19:31:59
     861 | 2026-09-10 19:31:00
     270 | 2026-09-10 19:26:19
     921 | 2026-09-10 19:25:20
     572 | 2026-09-10 19:24:21
     981 | 2026-09-10 19:19:40
     632 | 2026-09-10 19:18:41
     283 | 2026-09-10 19:17:42
     692 | 2026-09-10 19:13:01
     343 | 2026-09-10 19:12:02
     994 | 2026-09-10 19:11:03
     403 | 2026-09-10 19:06:22
      54 | 2026-09-10 19:05:23
     705 | 2026-09-10 19:04:24
     114 | 2026-09-10 18:59:43
     765 | 2026-09-10 18:58:44
     416 | 2026-09-10 18:57:45
     825 | 2026-09-10 18:53:04
     476 | 2026-09-10 18:52:05
     127 | 2026-09-10 18:51:06
     536 | 2026-09-10 18:46:25
     187 | 2026-09-10 18:45:26
     838 | 2026-09-10 18:44:27
     247 | 2026-09-10 18:39:46
     898 | 2026-09-10 18:38:47
     549 | 2026-09-10 18:37:48
     958 | 2026-09-10 18:33:07
     609 | 2026-09-10 18:32:08
     260 | 2026-09-10 18:31:09
     669 | 2026-09-10 18:26:28
     320 | 2026-09-10 18:25:29
     971 | 2026-09-10 18:24:30
     380 | 2026-09-10 18:19:49
      31 | 2026-09-10 18:18:50
     682 | 2026-09-10 18:17:51
      91 | 2026-09-10 18:13:10
     742 | 2026-09-10 18:12:11
     393 | 2026-09-10 18:11:12
     802 | 2026-09-10 18:06:31
     453 | 2026-09-10 18:05:32
     104 | 2026-09-10 18:04:33
     513 | 2026-09-10 17:59:52
     164 | 2026-09-10 17:58:53
     815 | 2026-09-10 17:57:54
     224 | 2026-09-10 17:53:13
     875 | 2026-09-10 17:52:14
     526 | 2026-09-10 17:51:15
     935 | 2026-09-10 17:46:34
     586 | 2026-09-10 17:45:35
     237 | 2026-09-10 17:44:36
     646 | 2026-09-10 17:39:55
     297 | 2026-09-10 17:38:56
     948 | 2026-09-10 17:37:57
     357 | 2026-09-10 17:33:16
       8 | 2026-09-10 17:32:17
     659 | 2026-09-10 17:31:18
     310 | 2026-09-10 17:30:19
      68 | 2026-09-10 17:26:37
     719 | 2026-09-10 17:25:38
     370 | 2026-09-10 17:24:39
      21 | 2026-09-10 17:23:40
     779 | 2026-09-10 17:19:58
     430 | 2026-09-10 17:18:59
      81 | 2026-09-10 17:18:00
     732 | 2026-09-10 17:17:01
     490 | 2026-09-10 17:13:19
     141 | 2026-09-10 17:12:20
     792 | 2026-09-10 17:11:21
     443 | 2026-09-10 17:10:22
     201 | 2026-09-10 17:06:40
     852 | 2026-09-10 17:05:41
     503 | 2026-09-10 17:04:42
     154 | 2026-09-10 17:03:43
     912 | 2026-09-10 17:00:01
     563 | 2026-09-10 16:59:02
     214 | 2026-09-10 16:58:03
     865 | 2026-09-10 16:57:04
     623 | 2026-09-10 16:53:22
     274 | 2026-09-10 16:52:23
     925 | 2026-09-10 16:51:24
     576 | 2026-09-10 16:50:25
     334 | 2026-09-10 16:46:43
     985 | 2026-09-10 16:45:44
     636 | 2026-09-10 16:44:45
     287 | 2026-09-10 16:43:46
     696 | 2026-09-10 16:39:05
     347 | 2026-09-10 16:38:06
     998 | 2026-09-10 16:37:07
     407 | 2026-09-10 16:32:26
      58 | 2026-09-10 16:31:27
     709 | 2026-09-10 16:30:28
     118 | 2026-09-10 16:25:47
     769 | 2026-09-10 16:24:48
     420 | 2026-09-10 16:23:49
     829 | 2026-09-10 16:19:08
     480 | 2026-09-10 16:18:09
     131 | 2026-09-10 16:17:10
     540 | 2026-09-10 16:12:29
     191 | 2026-09-10 16:11:30
     842 | 2026-09-10 16:10:31
     251 | 2026-09-10 16:05:50
     902 | 2026-09-10 16:04:51
     553 | 2026-09-10 16:03:52
     962 | 2026-09-10 15:59:11
     613 | 2026-09-10 15:58:12
     264 | 2026-09-10 15:57:13
     673 | 2026-09-10 15:52:32
     324 | 2026-09-10 15:51:33
     975 | 2026-09-10 15:50:34
     384 | 2026-09-10 15:45:53
      35 | 2026-09-10 15:44:54
     686 | 2026-09-10 15:43:55
      95 | 2026-09-10 15:39:14
     746 | 2026-09-10 15:38:15
     397 | 2026-09-10 15:37:16
     806 | 2026-09-10 15:32:35
     457 | 2026-09-10 15:31:36
     108 | 2026-09-10 15:30:37
     517 | 2026-09-10 15:25:56
     168 | 2026-09-10 15:24:57
     819 | 2026-09-10 15:23:58
     228 | 2026-09-10 15:19:17
     879 | 2026-09-10 15:18:18
     530 | 2026-09-10 15:17:19
     939 | 2026-09-10 15:12:38
     590 | 2026-09-10 15:11:39
     241 | 2026-09-10 15:10:40
     650 | 2026-09-10 15:05:59
     301 | 2026-09-10 15:05:00
     952 | 2026-09-10 15:04:01
     361 | 2026-09-10 14:59:20
      12 | 2026-09-10 14:58:21
     663 | 2026-09-10 14:57:22
      72 | 2026-09-10 14:52:41
     723 | 2026-09-10 14:51:42
     374 | 2026-09-10 14:50:43
     783 | 2026-09-10 14:46:02
     434 | 2026-09-10 14:45:03
      85 | 2026-09-10 14:44:04
     494 | 2026-09-10 14:39:23
     145 | 2026-09-10 14:38:24
     796 | 2026-09-10 14:37:25
     447 | 2026-09-10 14:36:26
     205 | 2026-09-10 14:32:44
     856 | 2026-09-10 14:31:45
     507 | 2026-09-10 14:30:46
     158 | 2026-09-10 14:29:47
     916 | 2026-09-10 14:26:05
     567 | 2026-09-10 14:25:06
     218 | 2026-09-10 14:24:07
     869 | 2026-09-10 14:23:08
     627 | 2026-09-10 14:19:26
     278 | 2026-09-10 14:18:27
     929 | 2026-09-10 14:17:28
     580 | 2026-09-10 14:16:29
     338 | 2026-09-10 14:12:47
     989 | 2026-09-10 14:11:48
     640 | 2026-09-10 14:10:49
     291 | 2026-09-10 14:09:50
      49 | 2026-09-10 14:06:08
     700 | 2026-09-10 14:05:09
     351 | 2026-09-10 14:04:10
       2 | 2026-09-10 14:03:11
     760 | 2026-09-10 13:59:29
     411 | 2026-09-10 13:58:30
      62 | 2026-09-10 13:57:31
     713 | 2026-09-10 13:56:32
     471 | 2026-09-10 13:52:50
     122 | 2026-09-10 13:51:51
     773 | 2026-09-10 13:50:52
     424 | 2026-09-10 13:49:53
     833 | 2026-09-10 13:45:12
     484 | 2026-09-10 13:44:13
     135 | 2026-09-10 13:43:14
     544 | 2026-09-10 13:38:33
     195 | 2026-09-10 13:37:34
     846 | 2026-09-10 13:36:35
     255 | 2026-09-10 13:31:54
     906 | 2026-09-10 13:30:55
     557 | 2026-09-10 13:29:56
     966 | 2026-09-10 13:25:15
     617 | 2026-09-10 13:24:16
     268 | 2026-09-10 13:23:17
     677 | 2026-09-10 13:18:36
     328 | 2026-09-10 13:17:37
     979 | 2026-09-10 13:16:38
     388 | 2026-09-10 13:11:57
      39 | 2026-09-10 13:10:58
     690 | 2026-09-10 13:09:59
      99 | 2026-09-10 13:05:18
     750 | 2026-09-10 13:04:19
     401 | 2026-09-10 13:03:20
     810 | 2026-09-10 12:58:39
     461 | 2026-09-10 12:57:40
     112 | 2026-09-10 12:56:41
     521 | 2026-09-10 12:52:00
     172 | 2026-09-10 12:51:01
     823 | 2026-09-10 12:50:02
     232 | 2026-09-10 12:45:21
     883 | 2026-09-10 12:44:22
     534 | 2026-09-10 12:43:23
     943 | 2026-09-10 12:38:42
     594 | 2026-09-10 12:37:43
     245 | 2026-09-10 12:36:44
     654 | 2026-09-10 12:32:03
     305 | 2026-09-10 12:31:04
     956 | 2026-09-10 12:30:05
     365 | 2026-09-10 12:25:24
      16 | 2026-09-10 12:24:25
     667 | 2026-09-10 12:23:26
      76 | 2026-09-10 12:18:45
     727 | 2026-09-10 12:17:46
     378 | 2026-09-10 12:16:47
     787 | 2026-09-10 12:12:06
     438 | 2026-09-10 12:11:07
      89 | 2026-09-10 12:10:08
     498 | 2026-09-10 12:05:27
     149 | 2026-09-10 12:04:28
     800 | 2026-09-10 12:03:29
     209 | 2026-09-10 11:58:48
     860 | 2026-09-10 11:57:49
     511 | 2026-09-10 11:56:50
     920 | 2026-09-10 11:52:09
     571 | 2026-09-10 11:51:10
     222 | 2026-09-10 11:50:11
     631 | 2026-09-10 11:45:30
     282 | 2026-09-10 11:44:31
     933 | 2026-09-10 11:43:32
     584 | 2026-09-10 11:42:33
     342 | 2026-09-10 11:38:51
     993 | 2026-09-10 11:37:52
     644 | 2026-09-10 11:36:53
     295 | 2026-09-10 11:35:54
      53 | 2026-09-10 11:32:12
     704 | 2026-09-10 11:31:13
     355 | 2026-09-10 11:30:14
       6 | 2026-09-10 11:29:15
     764 | 2026-09-10 11:25:33
     415 | 2026-09-10 11:24:34
      66 | 2026-09-10 11:23:35
     717 | 2026-09-10 11:22:36
     475 | 2026-09-10 11:18:54
     126 | 2026-09-10 11:17:55
     777 | 2026-09-10 11:16:56
     428 | 2026-09-10 11:15:57
     186 | 2026-09-10 11:12:15
     837 | 2026-09-10 11:11:16
     488 | 2026-09-10 11:10:17
     139 | 2026-09-10 11:09:18
     897 | 2026-09-10 11:05:36
     548 | 2026-09-10 11:04:37
     199 | 2026-09-10 11:03:38
     850 | 2026-09-10 11:02:39
     608 | 2026-09-10 10:58:57
     259 | 2026-09-10 10:57:58
     910 | 2026-09-10 10:56:59
     561 | 2026-09-10 10:56:00
     970 | 2026-09-10 10:51:19
     621 | 2026-09-10 10:50:20
     272 | 2026-09-10 10:49:21
     681 | 2026-09-10 10:44:40
     332 | 2026-09-10 10:43:41
     983 | 2026-09-10 10:42:42
     392 | 2026-09-10 10:38:01
      43 | 2026-09-10 10:37:02
     694 | 2026-09-10 10:36:03
     103 | 2026-09-10 10:31:22
     754 | 2026-09-10 10:30:23
     405 | 2026-09-10 10:29:24
     814 | 2026-09-10 10:24:43
     465 | 2026-09-10 10:23:44
     116 | 2026-09-10 10:22:45
     525 | 2026-09-10 10:18:04
     176 | 2026-09-10 10:17:05
     827 | 2026-09-10 10:16:06
     236 | 2026-09-10 10:11:25
     887 | 2026-09-10 10:10:26
     538 | 2026-09-10 10:09:27
     947 | 2026-09-10 10:04:46
     598 | 2026-09-10 10:03:47
     249 | 2026-09-10 10:02:48
     658 | 2026-09-10 09:58:07
     309 | 2026-09-10 09:57:08
     960 | 2026-09-10 09:56:09
     369 | 2026-09-10 09:51:28
      20 | 2026-09-10 09:50:29
     671 | 2026-09-10 09:49:30
      80 | 2026-09-10 09:44:49
     731 | 2026-09-10 09:43:50
     382 | 2026-09-10 09:42:51
     791 | 2026-09-10 09:38:10
     442 | 2026-09-10 09:37:11
      93 | 2026-09-10 09:36:12
     502 | 2026-09-10 09:31:31
     153 | 2026-09-10 09:30:32
     804 | 2026-09-10 09:29:33
     213 | 2026-09-10 09:24:52
     864 | 2026-09-10 09:23:53
     515 | 2026-09-10 09:22:54
     924 | 2026-09-10 09:18:13
     575 | 2026-09-10 09:17:14
     226 | 2026-09-10 09:16:15
     635 | 2026-09-10 09:11:34
     286 | 2026-09-10 09:10:35
     937 | 2026-09-10 09:09:36
     346 | 2026-09-10 09:04:55
     997 | 2026-09-10 09:03:56
     648 | 2026-09-10 09:02:57
      57 | 2026-09-10 08:58:16
     708 | 2026-09-10 08:57:17
     359 | 2026-09-10 08:56:18
     768 | 2026-09-10 08:51:37
     419 | 2026-09-10 08:50:38
      70 | 2026-09-10 08:49:39
     721 | 2026-09-10 08:48:40
     479 | 2026-09-10 08:44:58
     130 | 2026-09-10 08:43:59
     781 | 2026-09-10 08:43:00
     432 | 2026-09-10 08:42:01
     190 | 2026-09-10 08:38:19
     841 | 2026-09-10 08:37:20
     492 | 2026-09-10 08:36:21
     143 | 2026-09-10 08:35:22
     901 | 2026-09-10 08:31:40
     552 | 2026-09-10 08:30:41
     203 | 2026-09-10 08:29:42
     854 | 2026-09-10 08:28:43
     612 | 2026-09-10 08:25:01
     263 | 2026-09-10 08:24:02
     914 | 2026-09-10 08:23:03
     565 | 2026-09-10 08:22:04
     323 | 2026-09-10 08:18:22
     974 | 2026-09-10 08:17:23
     625 | 2026-09-10 08:16:24
     276 | 2026-09-10 08:15:25
      34 | 2026-09-10 08:11:43
     685 | 2026-09-10 08:10:44
     336 | 2026-09-10 08:09:45
     987 | 2026-09-10 08:08:46
     745 | 2026-09-10 08:05:04
     396 | 2026-09-10 08:04:05
      47 | 2026-09-10 08:03:06
     698 | 2026-09-10 08:02:07
     107 | 2026-09-10 07:57:26
     758 | 2026-09-10 07:56:27
     409 | 2026-09-10 07:55:28
     818 | 2026-09-10 07:50:47
     469 | 2026-09-10 07:49:48
     120 | 2026-09-10 07:48:49
     529 | 2026-09-10 07:44:08
     180 | 2026-09-10 07:43:09
     831 | 2026-09-10 07:42:10
     240 | 2026-09-10 07:37:29
     891 | 2026-09-10 07:36:30
     542 | 2026-09-10 07:35:31
     951 | 2026-09-10 07:30:50
     602 | 2026-09-10 07:29:51
     253 | 2026-09-10 07:28:52
     662 | 2026-09-10 07:24:11
     313 | 2026-09-10 07:23:12
     964 | 2026-09-10 07:22:13
     373 | 2026-09-10 07:17:32
      24 | 2026-09-10 07:16:33
     675 | 2026-09-10 07:15:34
      84 | 2026-09-10 07:10:53
     735 | 2026-09-10 07:09:54
     386 | 2026-09-10 07:08:55
     795 | 2026-09-10 07:04:14
     446 | 2026-09-10 07:03:15
      97 | 2026-09-10 07:02:16
     506 | 2026-09-10 06:57:35
     157 | 2026-09-10 06:56:36
     808 | 2026-09-10 06:55:37
     217 | 2026-09-10 06:50:56
     868 | 2026-09-10 06:49:57
     519 | 2026-09-10 06:48:58
     928 | 2026-09-10 06:44:17
     579 | 2026-09-10 06:43:18
     230 | 2026-09-10 06:42:19
     639 | 2026-09-10 06:37:38
     290 | 2026-09-10 06:36:39
     941 | 2026-09-10 06:35:40
     350 | 2026-09-10 06:30:59
       1 | 2026-09-10 06:30:00
     652 | 2026-09-10 06:29:01
      61 | 2026-09-10 06:24:20
     712 | 2026-09-10 06:23:21
     363 | 2026-09-10 06:22:22
     772 | 2026-09-10 06:17:41
     423 | 2026-09-10 06:16:42
      74 | 2026-09-10 06:15:43
     483 | 2026-09-10 06:11:02
     134 | 2026-09-10 06:10:03
     785 | 2026-09-10 06:09:04
     194 | 2026-09-10 06:04:23
     845 | 2026-09-10 06:03:24
     496 | 2026-09-10 06:02:25
     905 | 2026-09-10 05:57:44
     556 | 2026-09-10 05:56:45
     207 | 2026-09-10 05:55:46
     858 | 2026-09-10 05:54:47
     616 | 2026-09-10 05:51:05
     267 | 2026-09-10 05:50:06
     918 | 2026-09-10 05:49:07
     569 | 2026-09-10 05:48:08
     327 | 2026-09-10 05:44:26
     978 | 2026-09-10 05:43:27
     629 | 2026-09-10 05:42:28
     280 | 2026-09-10 05:41:29
      38 | 2026-09-10 05:37:47
     689 | 2026-09-10 05:36:48
     340 | 2026-09-10 05:35:49
     991 | 2026-09-10 05:34:50
     749 | 2026-09-10 05:31:08
     400 | 2026-09-10 05:30:09
      51 | 2026-09-10 05:29:10
     702 | 2026-09-10 05:28:11
     460 | 2026-09-10 05:24:29
     111 | 2026-09-10 05:23:30
     762 | 2026-09-10 05:22:31
     413 | 2026-09-10 05:21:32
     171 | 2026-09-10 05:17:50
     822 | 2026-09-10 05:16:51
     473 | 2026-09-10 05:15:52
     124 | 2026-09-10 05:14:53
     882 | 2026-09-10 05:11:11
     533 | 2026-09-10 05:10:12
     184 | 2026-09-10 05:09:13
     835 | 2026-09-10 05:08:14
     244 | 2026-09-10 05:03:33
     895 | 2026-09-10 05:02:34
     546 | 2026-09-10 05:01:35
     955 | 2026-09-10 04:56:54
     606 | 2026-09-10 04:55:55
     257 | 2026-09-10 04:54:56
     666 | 2026-09-10 04:50:15
     317 | 2026-09-10 04:49:16
     968 | 2026-09-10 04:48:17
     377 | 2026-09-10 04:43:36
      28 | 2026-09-10 04:42:37
     679 | 2026-09-10 04:41:38
      88 | 2026-09-10 04:36:57
     739 | 2026-09-10 04:35:58
     390 | 2026-09-10 04:34:59
     799 | 2026-09-10 04:30:18
     450 | 2026-09-10 04:29:19
     101 | 2026-09-10 04:28:20
     510 | 2026-09-10 04:23:39
     161 | 2026-09-10 04:22:40
     812 | 2026-09-10 04:21:41
     221 | 2026-09-10 04:17:00
     872 | 2026-09-10 04:16:01
     523 | 2026-09-10 04:15:02
     932 | 2026-09-10 04:10:21
     583 | 2026-09-10 04:09:22
     234 | 2026-09-10 04:08:23
     643 | 2026-09-10 04:03:42
     294 | 2026-09-10 04:02:43
     945 | 2026-09-10 04:01:44
     354 | 2026-09-10 03:57:03
       5 | 2026-09-10 03:56:04
     656 | 2026-09-10 03:55:05
      65 | 2026-09-10 03:50:24
     716 | 2026-09-10 03:49:25
     367 | 2026-09-10 03:48:26
     776 | 2026-09-10 03:43:45
     427 | 2026-09-10 03:42:46
      78 | 2026-09-10 03:41:47
     487 | 2026-09-10 03:37:06
     138 | 2026-09-10 03:36:07
     789 | 2026-09-10 03:35:08
     198 | 2026-09-10 03:30:27
     849 | 2026-09-10 03:29:28
     500 | 2026-09-10 03:28:29
     909 | 2026-09-10 03:23:48
     560 | 2026-09-10 03:22:49
     211 | 2026-09-10 03:21:50
     620 | 2026-09-10 03:17:09
     271 | 2026-09-10 03:16:10
     922 | 2026-09-10 03:15:11
     331 | 2026-09-10 03:10:30
     982 | 2026-09-10 03:09:31
     633 | 2026-09-10 03:08:32
      42 | 2026-09-10 03:03:51
     693 | 2026-09-10 03:02:52
     344 | 2026-09-10 03:01:53
     995 | 2026-09-10 03:00:54
     753 | 2026-09-10 02:57:12
     404 | 2026-09-10 02:56:13
      55 | 2026-09-10 02:55:14
     706 | 2026-09-10 02:54:15
     464 | 2026-09-10 02:50:33
     115 | 2026-09-10 02:49:34
     766 | 2026-09-10 02:48:35
     417 | 2026-09-10 02:47:36
     175 | 2026-09-10 02:43:54
     826 | 2026-09-10 02:42:55
     477 | 2026-09-10 02:41:56
     128 | 2026-09-10 02:40:57
     886 | 2026-09-10 02:37:15
     537 | 2026-09-10 02:36:16
     188 | 2026-09-10 02:35:17
     839 | 2026-09-10 02:34:18
     597 | 2026-09-10 02:30:36
     248 | 2026-09-10 02:29:37
     899 | 2026-09-10 02:28:38
     550 | 2026-09-10 02:27:39
     308 | 2026-09-10 02:23:57
     959 | 2026-09-10 02:22:58
     610 | 2026-09-10 02:21:59
     261 | 2026-09-10 02:21:00
      19 | 2026-09-10 02:17:18
     670 | 2026-09-10 02:16:19
     321 | 2026-09-10 02:15:20
     972 | 2026-09-10 02:14:21
     381 | 2026-09-10 02:09:40
      32 | 2026-09-10 02:08:41
     683 | 2026-09-10 02:07:42
      92 | 2026-09-10 02:03:01
     743 | 2026-09-10 02:02:02
     394 | 2026-09-10 02:01:03
     803 | 2026-09-10 01:56:22
     454 | 2026-09-10 01:55:23
     105 | 2026-09-10 01:54:24
     514 | 2026-09-10 01:49:43
     165 | 2026-09-10 01:48:44
     816 | 2026-09-10 01:47:45
     225 | 2026-09-10 01:43:04
     876 | 2026-09-10 01:42:05
     527 | 2026-09-10 01:41:06
     936 | 2026-09-10 01:36:25
     587 | 2026-09-10 01:35:26
     238 | 2026-09-10 01:34:27
     647 | 2026-09-10 01:29:46
     298 | 2026-09-10 01:28:47
     949 | 2026-09-10 01:27:48
     358 | 2026-09-10 01:23:07
       9 | 2026-09-10 01:22:08
     660 | 2026-09-10 01:21:09
      69 | 2026-09-10 01:16:28
     720 | 2026-09-10 01:15:29
     371 | 2026-09-10 01:14:30
     780 | 2026-09-10 01:09:49
     431 | 2026-09-10 01:08:50
      82 | 2026-09-10 01:07:51
     491 | 2026-09-10 01:03:10
     142 | 2026-09-10 01:02:11
     793 | 2026-09-10 01:01:12
     202 | 2026-09-10 00:56:31
     853 | 2026-09-10 00:55:32
     504 | 2026-09-10 00:54:33
     913 | 2026-09-10 00:49:52
     564 | 2026-09-10 00:48:53
     215 | 2026-09-10 00:47:54
     624 | 2026-09-10 00:43:13
     275 | 2026-09-10 00:42:14
     926 | 2026-09-10 00:41:15
     335 | 2026-09-10 00:36:34
     986 | 2026-09-10 00:35:35
     637 | 2026-09-10 00:34:36
      46 | 2026-09-10 00:29:55
     697 | 2026-09-10 00:28:56
     348 | 2026-09-10 00:27:57
     757 | 2026-09-10 00:23:16
     408 | 2026-09-10 00:22:17
      59 | 2026-09-10 00:21:18
     468 | 2026-09-10 00:16:37
     119 | 2026-09-10 00:15:38
     770 | 2026-09-10 00:14:39
     179 | 2026-09-10 00:09:58
     830 | 2026-09-10 00:08:59
     481 | 2026-09-10 00:08:00
     132 | 2026-09-10 00:07:01
     890 | 2026-09-10 00:03:19
     541 | 2026-09-10 00:02:20
     192 | 2026-09-10 00:01:21
     843 | 2026-09-10 00:00:22
     601 | 2026-09-09 23:56:40
     252 | 2026-09-09 23:55:41
     903 | 2026-09-09 23:54:42
     554 | 2026-09-09 23:53:43
     312 | 2026-09-09 23:50:01
     963 | 2026-09-09 23:49:02
     614 | 2026-09-09 23:48:03
     265 | 2026-09-09 23:47:04
      23 | 2026-09-09 23:43:22
     674 | 2026-09-09 23:42:23
     325 | 2026-09-09 23:41:24
     976 | 2026-09-09 23:40:25
     734 | 2026-09-09 23:36:43
     385 | 2026-09-09 23:35:44
      36 | 2026-09-09 23:34:45
     687 | 2026-09-09 23:33:46
     445 | 2026-09-09 23:30:04
      96 | 2026-09-09 23:29:05
     747 | 2026-09-09 23:28:06
     398 | 2026-09-09 23:27:07
     156 | 2026-09-09 23:23:25
     807 | 2026-09-09 23:22:26
     458 | 2026-09-09 23:21:27
     109 | 2026-09-09 23:20:28
     867 | 2026-09-09 23:16:46
     518 | 2026-09-09 23:15:47
     169 | 2026-09-09 23:14:48
     820 | 2026-09-09 23:13:49
     229 | 2026-09-09 23:09:08
     880 | 2026-09-09 23:08:09
     531 | 2026-09-09 23:07:10
     940 | 2026-09-09 23:02:29
     591 | 2026-09-09 23:01:30
     242 | 2026-09-09 23:00:31
     651 | 2026-09-09 22:55:50
     302 | 2026-09-09 22:54:51
     953 | 2026-09-09 22:53:52
     362 | 2026-09-09 22:49:11
      13 | 2026-09-09 22:48:12
     664 | 2026-09-09 22:47:13
      73 | 2026-09-09 22:42:32
     724 | 2026-09-09 22:41:33
     375 | 2026-09-09 22:40:34
     784 | 2026-09-09 22:35:53
     435 | 2026-09-09 22:34:54
      86 | 2026-09-09 22:33:55
     495 | 2026-09-09 22:29:14
     146 | 2026-09-09 22:28:15
     797 | 2026-09-09 22:27:16
     206 | 2026-09-09 22:22:35
     857 | 2026-09-09 22:21:36
     508 | 2026-09-09 22:20:37
     917 | 2026-09-09 22:15:56
     568 | 2026-09-09 22:14:57
     219 | 2026-09-09 22:13:58
     628 | 2026-09-09 22:09:17
     279 | 2026-09-09 22:08:18
     930 | 2026-09-09 22:07:19
     339 | 2026-09-09 22:02:38
     990 | 2026-09-09 22:01:39
     641 | 2026-09-09 22:00:40
      50 | 2026-09-09 21:55:59
     701 | 2026-09-09 21:55:00
     352 | 2026-09-09 21:54:01
     761 | 2026-09-09 21:49:20
     412 | 2026-09-09 21:48:21
      63 | 2026-09-09 21:47:22
     472 | 2026-09-09 21:42:41
     123 | 2026-09-09 21:41:42
     774 | 2026-09-09 21:40:43
     183 | 2026-09-09 21:36:02
     834 | 2026-09-09 21:35:03
     485 | 2026-09-09 21:34:04
     894 | 2026-09-09 21:29:23
     545 | 2026-09-09 21:28:24
     196 | 2026-09-09 21:27:25
     605 | 2026-09-09 21:22:44
     256 | 2026-09-09 21:21:45
     907 | 2026-09-09 21:20:46
     316 | 2026-09-09 21:16:05
     967 | 2026-09-09 21:15:06
     618 | 2026-09-09 21:14:07
     269 | 2026-09-09 21:13:08
      27 | 2026-09-09 21:09:26
     678 | 2026-09-09 21:08:27
     329 | 2026-09-09 21:07:28
     980 | 2026-09-09 21:06:29
     738 | 2026-09-09 21:02:47
     389 | 2026-09-09 21:01:48
      40 | 2026-09-09 21:00:49
     691 | 2026-09-09 20:59:50
     449 | 2026-09-09 20:56:08
     100 | 2026-09-09 20:55:09
     751 | 2026-09-09 20:54:10
     402 | 2026-09-09 20:53:11
     160 | 2026-09-09 20:49:29
     811 | 2026-09-09 20:48:30
     462 | 2026-09-09 20:47:31
     113 | 2026-09-09 20:46:32
     871 | 2026-09-09 20:42:50
     522 | 2026-09-09 20:41:51
     173 | 2026-09-09 20:40:52
     824 | 2026-09-09 20:39:53
     582 | 2026-09-09 20:36:11
     233 | 2026-09-09 20:35:12
     884 | 2026-09-09 20:34:13
     535 | 2026-09-09 20:33:14
     293 | 2026-09-09 20:29:32
     944 | 2026-09-09 20:28:33
     595 | 2026-09-09 20:27:34
     246 | 2026-09-09 20:26:35
       4 | 2026-09-09 20:22:53
     655 | 2026-09-09 20:21:54
     306 | 2026-09-09 20:20:55
     957 | 2026-09-09 20:19:56
     366 | 2026-09-09 20:15:15
      17 | 2026-09-09 20:14:16
     668 | 2026-09-09 20:13:17
      77 | 2026-09-09 20:08:36
     728 | 2026-09-09 20:07:37
     379 | 2026-09-09 20:06:38
     788 | 2026-09-09 20:01:57
     439 | 2026-09-09 20:00:58
      90 | 2026-09-09 19:59:59
     499 | 2026-09-09 19:55:18
     150 | 2026-09-09 19:54:19
     801 | 2026-09-09 19:53:20
     210 | 2026-09-09 19:48:39
     861 | 2026-09-09 19:47:40
     512 | 2026-09-09 19:46:41
     921 | 2026-09-09 19:42:00
     572 | 2026-09-09 19:41:01
     223 | 2026-09-09 19:40:02
     632 | 2026-09-09 19:35:21
     283 | 2026-09-09 19:34:22
     934 | 2026-09-09 19:33:23
     343 | 2026-09-09 19:28:42
     994 | 2026-09-09 19:27:43
     645 | 2026-09-09 19:26:44
      54 | 2026-09-09 19:22:03
     705 | 2026-09-09 19:21:04
     356 | 2026-09-09 19:20:05
     765 | 2026-09-09 19:15:24
     416 | 2026-09-09 19:14:25
      67 | 2026-09-09 19:13:26
     476 | 2026-09-09 19:08:45
     127 | 2026-09-09 19:07:46
     778 | 2026-09-09 19:06:47
     187 | 2026-09-09 19:02:06
     838 | 2026-09-09 19:01:07
     489 | 2026-09-09 19:00:08
     898 | 2026-09-09 18:55:27
     549 | 2026-09-09 18:54:28
     200 | 2026-09-09 18:53:29
     609 | 2026-09-09 18:48:48
     260 | 2026-09-09 18:47:49
     911 | 2026-09-09 18:46:50
     320 | 2026-09-09 18:42:09
     971 | 2026-09-09 18:41:10
     622 | 2026-09-09 18:40:11
      31 | 2026-09-09 18:35:30
     682 | 2026-09-09 18:34:31
     333 | 2026-09-09 18:33:32
     742 | 2026-09-09 18:28:51
     393 | 2026-09-09 18:27:52
      44 | 2026-09-09 18:26:53
     453 | 2026-09-09 18:22:12
     104 | 2026-09-09 18:21:13
     755 | 2026-09-09 18:20:14
     406 | 2026-09-09 18:19:15
     164 | 2026-09-09 18:15:33
     815 | 2026-09-09 18:14:34
     466 | 2026-09-09 18:13:35
     117 | 2026-09-09 18:12:36
     875 | 2026-09-09 18:08:54
     526 | 2026-09-09 18:07:55
     177 | 2026-09-09 18:06:56
     828 | 2026-09-09 18:05:57
     586 | 2026-09-09 18:02:15
     237 | 2026-09-09 18:01:16
     888 | 2026-09-09 18:00:17
     539 | 2026-09-09 17:59:18
     297 | 2026-09-09 17:55:36
     948 | 2026-09-09 17:54:37
     599 | 2026-09-09 17:53:38
     250 | 2026-09-09 17:52:39
       8 | 2026-09-09 17:48:57
     659 | 2026-09-09 17:47:58
     310 | 2026-09-09 17:46:59
     961 | 2026-09-09 17:46:00
     719 | 2026-09-09 17:42:18
     370 | 2026-09-09 17:41:19
      21 | 2026-09-09 17:40:20
     672 | 2026-09-09 17:39:21
     430 | 2026-09-09 17:35:39
      81 | 2026-09-09 17:34:40
     732 | 2026-09-09 17:33:41
     383 | 2026-09-09 17:32:42
     141 | 2026-09-09 17:29:00
     792 | 2026-09-09 17:28:01
     443 | 2026-09-09 17:27:02
      94 | 2026-09-09 17:26:03
     503 | 2026-09-09 17:21:22
     154 | 2026-09-09 17:20:23
     805 | 2026-09-09 17:19:24
     214 | 2026-09-09 17:14:43
     865 | 2026-09-09 17:13:44
     516 | 2026-09-09 17:12:45
     925 | 2026-09-09 17:08:04
     576 | 2026-09-09 17:07:05
     227 | 2026-09-09 17:06:06
     636 | 2026-09-09 17:01:25
     287 | 2026-09-09 17:00:26
     938 | 2026-09-09 16:59:27
     347 | 2026-09-09 16:54:46
     998 | 2026-09-09 16:53:47
     649 | 2026-09-09 16:52:48
      58 | 2026-09-09 16:48:07
     709 | 2026-09-09 16:47:08
     360 | 2026-09-09 16:46:09
     769 | 2026-09-09 16:41:28
     420 | 2026-09-09 16:40:29
      71 | 2026-09-09 16:39:30
     480 | 2026-09-09 16:34:49
     131 | 2026-09-09 16:33:50
     782 | 2026-09-09 16:32:51
     191 | 2026-09-09 16:28:10
     842 | 2026-09-09 16:27:11
     493 | 2026-09-09 16:26:12
     902 | 2026-09-09 16:21:31
     553 | 2026-09-09 16:20:32
     204 | 2026-09-09 16:19:33
     613 | 2026-09-09 16:14:52
     264 | 2026-09-09 16:13:53
     915 | 2026-09-09 16:12:54
     324 | 2026-09-09 16:08:13
     975 | 2026-09-09 16:07:14
     626 | 2026-09-09 16:06:15
      35 | 2026-09-09 16:01:34
     686 | 2026-09-09 16:00:35
     337 | 2026-09-09 15:59:36
     746 | 2026-09-09 15:54:55
     397 | 2026-09-09 15:53:56
      48 | 2026-09-09 15:52:57
     457 | 2026-09-09 15:48:16
     108 | 2026-09-09 15:47:17
     759 | 2026-09-09 15:46:18
     168 | 2026-09-09 15:41:37
     819 | 2026-09-09 15:40:38
     470 | 2026-09-09 15:39:39
     879 | 2026-09-09 15:34:58
     530 | 2026-09-09 15:33:59
     181 | 2026-09-09 15:33:00
     590 | 2026-09-09 15:28:19
     241 | 2026-09-09 15:27:20
     892 | 2026-09-09 15:26:21
     301 | 2026-09-09 15:21:40
     952 | 2026-09-09 15:20:41
     603 | 2026-09-09 15:19:42
     254 | 2026-09-09 15:18:43
      12 | 2026-09-09 15:15:01
     663 | 2026-09-09 15:14:02
     314 | 2026-09-09 15:13:03
     965 | 2026-09-09 15:12:04
     723 | 2026-09-09 15:08:22
     374 | 2026-09-09 15:07:23
      25 | 2026-09-09 15:06:24
     676 | 2026-09-09 15:05:25
     434 | 2026-09-09 15:01:43
      85 | 2026-09-09 15:00:44
     736 | 2026-09-09 14:59:45
     387 | 2026-09-09 14:58:46
     145 | 2026-09-09 14:55:04
     796 | 2026-09-09 14:54:05
     447 | 2026-09-09 14:53:06
      98 | 2026-09-09 14:52:07
     856 | 2026-09-09 14:48:25
     507 | 2026-09-09 14:47:26
     158 | 2026-09-09 14:46:27
     809 | 2026-09-09 14:45:28
     567 | 2026-09-09 14:41:46
     218 | 2026-09-09 14:40:47
     869 | 2026-09-09 14:39:48
     520 | 2026-09-09 14:38:49
     278 | 2026-09-09 14:35:07
     929 | 2026-09-09 14:34:08
     580 | 2026-09-09 14:33:09
     231 | 2026-09-09 14:32:10
     640 | 2026-09-09 14:27:29
     291 | 2026-09-09 14:26:30
     942 | 2026-09-09 14:25:31
     351 | 2026-09-09 14:20:50
       2 | 2026-09-09 14:19:51
     653 | 2026-09-09 14:18:52
      62 | 2026-09-09 14:14:11
     713 | 2026-09-09 14:13:12
     364 | 2026-09-09 14:12:13
     773 | 2026-09-09 14:07:32
     424 | 2026-09-09 14:06:33
      75 | 2026-09-09 14:05:34
     484 | 2026-09-09 14:00:53
     135 | 2026-09-09 13:59:54
     786 | 2026-09-09 13:58:55
     195 | 2026-09-09 13:54:14
     846 | 2026-09-09 13:53:15
     497 | 2026-09-09 13:52:16
     906 | 2026-09-09 13:47:35
     557 | 2026-09-09 13:46:36
     208 | 2026-09-09 13:45:37
     617 | 2026-09-09 13:40:56
     268 | 2026-09-09 13:39:57
     919 | 2026-09-09 13:38:58
     328 | 2026-09-09 13:34:17
     979 | 2026-09-09 13:33:18
     630 | 2026-09-09 13:32:19
      39 | 2026-09-09 13:27:38
     690 | 2026-09-09 13:26:39
     341 | 2026-09-09 13:25:40
     750 | 2026-09-09 13:20:59
     401 | 2026-09-09 13:20:00
      52 | 2026-09-09 13:19:01
     461 | 2026-09-09 13:14:20
     112 | 2026-09-09 13:13:21
     763 | 2026-09-09 13:12:22
     172 | 2026-09-09 13:07:41
     823 | 2026-09-09 13:06:42
     474 | 2026-09-09 13:05:43
     883 | 2026-09-09 13:01:02
     534 | 2026-09-09 13:00:03
     185 | 2026-09-09 12:59:04
     594 | 2026-09-09 12:54:23
     245 | 2026-09-09 12:53:24
     896 | 2026-09-09 12:52:25
     305 | 2026-09-09 12:47:44
     956 | 2026-09-09 12:46:45
     607 | 2026-09-09 12:45:46
      16 | 2026-09-09 12:41:05
     667 | 2026-09-09 12:40:06
     318 | 2026-09-09 12:39:07
     727 | 2026-09-09 12:34:26
     378 | 2026-09-09 12:33:27
      29 | 2026-09-09 12:32:28
     438 | 2026-09-09 12:27:47
      89 | 2026-09-09 12:26:48
     740 | 2026-09-09 12:25:49
     391 | 2026-09-09 12:24:50
     149 | 2026-09-09 12:21:08
     800 | 2026-09-09 12:20:09
     451 | 2026-09-09 12:19:10
     102 | 2026-09-09 12:18:11
     860 | 2026-09-09 12:14:29
     511 | 2026-09-09 12:13:30
     162 | 2026-09-09 12:12:31
     813 | 2026-09-09 12:11:32
     571 | 2026-09-09 12:07:50
     222 | 2026-09-09 12:06:51
     873 | 2026-09-09 12:05:52
     524 | 2026-09-09 12:04:53
     282 | 2026-09-09 12:01:11
     933 | 2026-09-09 12:00:12
     584 | 2026-09-09 11:59:13
     235 | 2026-09-09 11:58:14
     993 | 2026-09-09 11:54:32
     644 | 2026-09-09 11:53:33
     295 | 2026-09-09 11:52:34
     946 | 2026-09-09 11:51:35
     704 | 2026-09-09 11:47:53
     355 | 2026-09-09 11:46:54
       6 | 2026-09-09 11:45:55
     657 | 2026-09-09 11:44:56
     415 | 2026-09-09 11:41:14
      66 | 2026-09-09 11:40:15
     717 | 2026-09-09 11:39:16
     368 | 2026-09-09 11:38:17
     777 | 2026-09-09 11:33:36
     428 | 2026-09-09 11:32:37
      79 | 2026-09-09 11:31:38
     488 | 2026-09-09 11:26:57
     139 | 2026-09-09 11:25:58
     790 | 2026-09-09 11:24:59
     199 | 2026-09-09 11:20:18
     850 | 2026-09-09 11:19:19
     501 | 2026-09-09 11:18:20
     910 | 2026-09-09 11:13:39
     561 | 2026-09-09 11:12:40
     212 | 2026-09-09 11:11:41
     621 | 2026-09-09 11:07:00
     272 | 2026-09-09 11:06:01
     923 | 2026-09-09 11:05:02
     332 | 2026-09-09 11:00:21
     983 | 2026-09-09 10:59:22
     634 | 2026-09-09 10:58:23
      43 | 2026-09-09 10:53:42
     694 | 2026-09-09 10:52:43
     345 | 2026-09-09 10:51:44
     754 | 2026-09-09 10:47:03
     405 | 2026-09-09 10:46:04
      56 | 2026-09-09 10:45:05
     465 | 2026-09-09 10:40:24
     116 | 2026-09-09 10:39:25
     767 | 2026-09-09 10:38:26
     176 | 2026-09-09 10:33:45
     827 | 2026-09-09 10:32:46
     478 | 2026-09-09 10:31:47
     887 | 2026-09-09 10:27:06
     538 | 2026-09-09 10:26:07
     189 | 2026-09-09 10:25:08
     598 | 2026-09-09 10:20:27
     249 | 2026-09-09 10:19:28
     900 | 2026-09-09 10:18:29
     309 | 2026-09-09 10:13:48
     960 | 2026-09-09 10:12:49
     611 | 2026-09-09 10:11:50
      20 | 2026-09-09 10:07:09
     671 | 2026-09-09 10:06:10
     322 | 2026-09-09 10:05:11
     731 | 2026-09-09 10:00:30
     382 | 2026-09-09 09:59:31
      33 | 2026-09-09 09:58:32
     442 | 2026-09-09 09:53:51
      93 | 2026-09-09 09:52:52
     744 | 2026-09-09 09:51:53
     153 | 2026-09-09 09:47:12
     804 | 2026-09-09 09:46:13
     455 | 2026-09-09 09:45:14
     864 | 2026-09-09 09:40:33
     515 | 2026-09-09 09:39:34
     166 | 2026-09-09 09:38:35
     575 | 2026-09-09 09:33:54
     226 | 2026-09-09 09:32:55
     877 | 2026-09-09 09:31:56
     528 | 2026-09-09 09:30:57
     286 | 2026-09-09 09:27:15
     937 | 2026-09-09 09:26:16
     588 | 2026-09-09 09:25:17
     239 | 2026-09-09 09:24:18
     997 | 2026-09-09 09:20:36
     648 | 2026-09-09 09:19:37
     299 | 2026-09-09 09:18:38
     950 | 2026-09-09 09:17:39
     708 | 2026-09-09 09:13:57
     359 | 2026-09-09 09:12:58
      10 | 2026-09-09 09:11:59
     661 | 2026-09-09 09:11:00
     419 | 2026-09-09 09:07:18
      70 | 2026-09-09 09:06:19
     721 | 2026-09-09 09:05:20
     372 | 2026-09-09 09:04:21
     130 | 2026-09-09 09:00:39
     781 | 2026-09-09 08:59:40
     432 | 2026-09-09 08:58:41
      83 | 2026-09-09 08:57:42
     841 | 2026-09-09 08:54:00
     492 | 2026-09-09 08:53:01
     143 | 2026-09-09 08:52:02
     794 | 2026-09-09 08:51:03
     552 | 2026-09-09 08:47:21
     203 | 2026-09-09 08:46:22
     854 | 2026-09-09 08:45:23
     505 | 2026-09-09 08:44:24
     914 | 2026-09-09 08:39:43
     565 | 2026-09-09 08:38:44
     216 | 2026-09-09 08:37:45
     625 | 2026-09-09 08:33:04
     276 | 2026-09-09 08:32:05
     927 | 2026-09-09 08:31:06
     336 | 2026-09-09 08:26:25
     987 | 2026-09-09 08:25:26
     638 | 2026-09-09 08:24:27
      47 | 2026-09-09 08:19:46
     698 | 2026-09-09 08:18:47
     349 | 2026-09-09 08:17:48
     758 | 2026-09-09 08:13:07
     409 | 2026-09-09 08:12:08
      60 | 2026-09-09 08:11:09
     469 | 2026-09-09 08:06:28
     120 | 2026-09-09 08:05:29
     771 | 2026-09-09 08:04:30
     180 | 2026-09-09 07:59:49
     831 | 2026-09-09 07:58:50
     482 | 2026-09-09 07:57:51
     891 | 2026-09-09 07:53:10
     542 | 2026-09-09 07:52:11
     193 | 2026-09-09 07:51:12
     602 | 2026-09-09 07:46:31
     253 | 2026-09-09 07:45:32
     904 | 2026-09-09 07:44:33
     313 | 2026-09-09 07:39:52
     964 | 2026-09-09 07:38:53
     615 | 2026-09-09 07:37:54
      24 | 2026-09-09 07:33:13
     675 | 2026-09-09 07:32:14
     326 | 2026-09-09 07:31:15
     735 | 2026-09-09 07:26:34
     386 | 2026-09-09 07:25:35
      37 | 2026-09-09 07:24:36
     446 | 2026-09-09 07:19:55
      97 | 2026-09-09 07:18:56
     748 | 2026-09-09 07:17:57
     157 | 2026-09-09 07:13:16
     808 | 2026-09-09 07:12:17
     459 | 2026-09-09 07:11:18
     868 | 2026-09-09 07:06:37
     519 | 2026-09-09 07:05:38
     170 | 2026-09-09 07:04:39
     579 | 2026-09-09 06:59:58
     230 | 2026-09-09 06:58:59
     881 | 2026-09-09 06:58:00
     290 | 2026-09-09 06:53:19
     941 | 2026-09-09 06:52:20
     592 | 2026-09-09 06:51:21
       1 | 2026-09-09 06:46:40
     652 | 2026-09-09 06:45:41
     303 | 2026-09-09 06:44:42
     712 | 2026-09-09 06:40:01
     363 | 2026-09-09 06:39:02
      14 | 2026-09-09 06:38:03
     665 | 2026-09-09 06:37:04
     423 | 2026-09-09 06:33:22
      74 | 2026-09-09 06:32:23
     725 | 2026-09-09 06:31:24
     376 | 2026-09-09 06:30:25
     134 | 2026-09-09 06:26:43
     785 | 2026-09-09 06:25:44
     436 | 2026-09-09 06:24:45
      87 | 2026-09-09 06:23:46
     845 | 2026-09-09 06:20:04
     496 | 2026-09-09 06:19:05
     147 | 2026-09-09 06:18:06
     798 | 2026-09-09 06:17:07
     556 | 2026-09-09 06:13:25
     207 | 2026-09-09 06:12:26
     858 | 2026-09-09 06:11:27
     509 | 2026-09-09 06:10:28
     267 | 2026-09-09 06:06:46
     918 | 2026-09-09 06:05:47
     569 | 2026-09-09 06:04:48
     220 | 2026-09-09 06:03:49
     978 | 2026-09-09 06:00:07
     629 | 2026-09-09 05:59:08
     280 | 2026-09-09 05:58:09
     931 | 2026-09-09 05:57:10
     689 | 2026-09-09 05:53:28
     340 | 2026-09-09 05:52:29
     991 | 2026-09-09 05:51:30
     642 | 2026-09-09 05:50:31
      51 | 2026-09-09 05:45:50
     702 | 2026-09-09 05:44:51
     353 | 2026-09-09 05:43:52
     762 | 2026-09-09 05:39:11
     413 | 2026-09-09 05:38:12
      64 | 2026-09-09 05:37:13
     473 | 2026-09-09 05:32:32
     124 | 2026-09-09 05:31:33
     775 | 2026-09-09 05:30:34
     184 | 2026-09-09 05:25:53
     835 | 2026-09-09 05:24:54
     486 | 2026-09-09 05:23:55
     895 | 2026-09-09 05:19:14
     546 | 2026-09-09 05:18:15
     197 | 2026-09-09 05:17:16
     606 | 2026-09-09 05:12:35
     257 | 2026-09-09 05:11:36
     908 | 2026-09-09 05:10:37
     317 | 2026-09-09 05:05:56
     968 | 2026-09-09 05:04:57
     619 | 2026-09-09 05:03:58
      28 | 2026-09-09 04:59:17
     679 | 2026-09-09 04:58:18
     330 | 2026-09-09 04:57:19
     739 | 2026-09-09 04:52:38
     390 | 2026-09-09 04:51:39
      41 | 2026-09-09 04:50:40
     450 | 2026-09-09 04:45:59
     101 | 2026-09-09 04:45:00
     752 | 2026-09-09 04:44:01
     161 | 2026-09-09 04:39:20
     812 | 2026-09-09 04:38:21
     463 | 2026-09-09 04:37:22
     872 | 2026-09-09 04:32:41
     523 | 2026-09-09 04:31:42
     174 | 2026-09-09 04:30:43
     583 | 2026-09-09 04:26:02
     234 | 2026-09-09 04:25:03
     885 | 2026-09-09 04:24:04
     294 | 2026-09-09 04:19:23
     945 | 2026-09-09 04:18:24
     596 | 2026-09-09 04:17:25
       5 | 2026-09-09 04:12:44
     656 | 2026-09-09 04:11:45
     307 | 2026-09-09 04:10:46
     716 | 2026-09-09 04:06:05
     367 | 2026-09-09 04:05:06
      18 | 2026-09-09 04:04:07
     427 | 2026-09-09 03:59:26
      78 | 2026-09-09 03:58:27
     729 | 2026-09-09 03:57:28
     138 | 2026-09-09 03:52:47
     789 | 2026-09-09 03:51:48
     440 | 2026-09-09 03:50:49
     849 | 2026-09-09 03:46:08
     500 | 2026-09-09 03:45:09
     151 | 2026-09-09 03:44:10
     802 | 2026-09-09 03:43:11
     560 | 2026-09-09 03:39:29
     211 | 2026-09-09 03:38:30
     862 | 2026-09-09 03:37:31
     513 | 2026-09-09 03:36:32
     271 | 2026-09-09 03:32:50
     922 | 2026-09-09 03:31:51
     573 | 2026-09-09 03:30:52
     224 | 2026-09-09 03:29:53
     982 | 2026-09-09 03:26:11
     633 | 2026-09-09 03:25:12
     284 | 2026-09-09 03:24:13
     935 | 2026-09-09 03:23:14
     693 | 2026-09-09 03:19:32
     344 | 2026-09-09 03:18:33
     995 | 2026-09-09 03:17:34
     646 | 2026-09-09 03:16:35
     404 | 2026-09-09 03:12:53
      55 | 2026-09-09 03:11:54
     706 | 2026-09-09 03:10:55
     357 | 2026-09-09 03:09:56
     115 | 2026-09-09 03:06:14
     766 | 2026-09-09 03:05:15
     417 | 2026-09-09 03:04:16
      68 | 2026-09-09 03:03:17
     826 | 2026-09-09 02:59:35
     477 | 2026-09-09 02:58:36
     128 | 2026-09-09 02:57:37
     779 | 2026-09-09 02:56:38
     188 | 2026-09-09 02:51:57
     839 | 2026-09-09 02:50:58
     490 | 2026-09-09 02:49:59
     899 | 2026-09-09 02:45:18
     550 | 2026-09-09 02:44:19
     201 | 2026-09-09 02:43:20
     610 | 2026-09-09 02:38:39
     261 | 2026-09-09 02:37:40
     912 | 2026-09-09 02:36:41
     321 | 2026-09-09 02:32:00
     972 | 2026-09-09 02:31:01
     623 | 2026-09-09 02:30:02
      32 | 2026-09-09 02:25:21
     683 | 2026-09-09 02:24:22
     334 | 2026-09-09 02:23:23
     743 | 2026-09-09 02:18:42
     394 | 2026-09-09 02:17:43
      45 | 2026-09-09 02:16:44
     454 | 2026-09-09 02:12:03
     105 | 2026-09-09 02:11:04
     756 | 2026-09-09 02:10:05
     165 | 2026-09-09 02:05:24
     816 | 2026-09-09 02:04:25
     467 | 2026-09-09 02:03:26
     876 | 2026-09-09 01:58:45
     527 | 2026-09-09 01:57:46
     178 | 2026-09-09 01:56:47
     587 | 2026-09-09 01:52:06
     238 | 2026-09-09 01:51:07
     889 | 2026-09-09 01:50:08
     298 | 2026-09-09 01:45:27
     949 | 2026-09-09 01:44:28
     600 | 2026-09-09 01:43:29
       9 | 2026-09-09 01:38:48
     660 | 2026-09-09 01:37:49
     311 | 2026-09-09 01:36:50
     720 | 2026-09-09 01:32:09
     371 | 2026-09-09 01:31:10
      22 | 2026-09-09 01:30:11
     431 | 2026-09-09 01:25:30
      82 | 2026-09-09 01:24:31
     733 | 2026-09-09 01:23:32
     142 | 2026-09-09 01:18:51
     793 | 2026-09-09 01:17:52
     444 | 2026-09-09 01:16:53
     853 | 2026-09-09 01:12:12
     504 | 2026-09-09 01:11:13
     155 | 2026-09-09 01:10:14
     564 | 2026-09-09 01:05:33
     215 | 2026-09-09 01:04:34
     866 | 2026-09-09 01:03:35
     275 | 2026-09-09 00:58:54
     926 | 2026-09-09 00:57:55
     577 | 2026-09-09 00:56:56
     986 | 2026-09-09 00:52:15
     637 | 2026-09-09 00:51:16
     288 | 2026-09-09 00:50:17
     939 | 2026-09-09 00:49:18
     697 | 2026-09-09 00:45:36
     348 | 2026-09-09 00:44:37
     999 | 2026-09-09 00:43:38
     650 | 2026-09-09 00:42:39
     408 | 2026-09-09 00:38:57
      59 | 2026-09-09 00:37:58
     710 | 2026-09-09 00:36:59
     361 | 2026-09-09 00:36:00
     119 | 2026-09-09 00:32:18
     770 | 2026-09-09 00:31:19
     421 | 2026-09-09 00:30:20
      72 | 2026-09-09 00:29:21
     830 | 2026-09-09 00:25:39
     481 | 2026-09-09 00:24:40
     132 | 2026-09-09 00:23:41
     783 | 2026-09-09 00:22:42
     541 | 2026-09-09 00:19:00
     192 | 2026-09-09 00:18:01
     843 | 2026-09-09 00:17:02
     494 | 2026-09-09 00:16:03
     252 | 2026-09-09 00:12:21
     903 | 2026-09-09 00:11:22
     554 | 2026-09-09 00:10:23
     205 | 2026-09-09 00:09:24
     963 | 2026-09-09 00:05:42
     614 | 2026-09-09 00:04:43
     265 | 2026-09-09 00:03:44
     916 | 2026-09-09 00:02:45
     325 | 2026-09-08 23:58:04
     976 | 2026-09-08 23:57:05
     627 | 2026-09-08 23:56:06
      36 | 2026-09-08 23:51:25
     687 | 2026-09-08 23:50:26
     338 | 2026-09-08 23:49:27
     747 | 2026-09-08 23:44:46
     398 | 2026-09-08 23:43:47
      49 | 2026-09-08 23:42:48
     458 | 2026-09-08 23:38:07
     109 | 2026-09-08 23:37:08
     760 | 2026-09-08 23:36:09
     169 | 2026-09-08 23:31:28
     820 | 2026-09-08 23:30:29
     471 | 2026-09-08 23:29:30
     880 | 2026-09-08 23:24:49
     531 | 2026-09-08 23:23:50
     182 | 2026-09-08 23:22:51
     591 | 2026-09-08 23:18:10
     242 | 2026-09-08 23:17:11
     893 | 2026-09-08 23:16:12
     302 | 2026-09-08 23:11:31
     953 | 2026-09-08 23:10:32
     604 | 2026-09-08 23:09:33
      13 | 2026-09-08 23:04:52
     664 | 2026-09-08 23:03:53
     315 | 2026-09-08 23:02:54
     724 | 2026-09-08 22:58:13
     375 | 2026-09-08 22:57:14
      26 | 2026-09-08 22:56:15
     435 | 2026-09-08 22:51:34
      86 | 2026-09-08 22:50:35
     737 | 2026-09-08 22:49:36
     146 | 2026-09-08 22:44:55
     797 | 2026-09-08 22:43:56
     448 | 2026-09-08 22:42:57
     857 | 2026-09-08 22:38:16
     508 | 2026-09-08 22:37:17
     159 | 2026-09-08 22:36:18
     568 | 2026-09-08 22:31:37
     219 | 2026-09-08 22:30:38
     870 | 2026-09-08 22:29:39
     279 | 2026-09-08 22:24:58
     930 | 2026-09-08 22:23:59
     581 | 2026-09-08 22:23:00
     990 | 2026-09-08 22:18:19
     641 | 2026-09-08 22:17:20
     292 | 2026-09-08 22:16:21
     701 | 2026-09-08 22:11:40
     352 | 2026-09-08 22:10:41
       3 | 2026-09-08 22:09:42
     412 | 2026-09-08 22:05:01
      63 | 2026-09-08 22:04:02
     714 | 2026-09-08 22:03:03
     123 | 2026-09-08 21:58:22
     774 | 2026-09-08 21:57:23
     425 | 2026-09-08 21:56:24
      76 | 2026-09-08 21:55:25
     834 | 2026-09-08 21:51:43
     485 | 2026-09-08 21:50:44
     136 | 2026-09-08 21:49:45
     787 | 2026-09-08 21:48:46
     545 | 2026-09-08 21:45:04
     196 | 2026-09-08 21:44:05
     847 | 2026-09-08 21:43:06
     498 | 2026-09-08 21:42:07
     256 | 2026-09-08 21:38:25
     907 | 2026-09-08 21:37:26
     558 | 2026-09-08 21:36:27
     209 | 2026-09-08 21:35:28
     967 | 2026-09-08 21:31:46
     618 | 2026-09-08 21:30:47
     269 | 2026-09-08 21:29:48
     920 | 2026-09-08 21:28:49
     678 | 2026-09-08 21:25:07
     329 | 2026-09-08 21:24:08
     980 | 2026-09-08 21:23:09
     631 | 2026-09-08 21:22:10
     389 | 2026-09-08 21:18:28
      40 | 2026-09-08 21:17:29
     691 | 2026-09-08 21:16:30
     342 | 2026-09-08 21:15:31
     100 | 2026-09-08 21:11:49
     751 | 2026-09-08 21:10:50
     402 | 2026-09-08 21:09:51
      53 | 2026-09-08 21:08:52
     462 | 2026-09-08 21:04:11
     113 | 2026-09-08 21:03:12
     764 | 2026-09-08 21:02:13
     173 | 2026-09-08 20:57:32
     824 | 2026-09-08 20:56:33
     475 | 2026-09-08 20:55:34
     884 | 2026-09-08 20:50:53
     535 | 2026-09-08 20:49:54
     186 | 2026-09-08 20:48:55
     595 | 2026-09-08 20:44:14
     246 | 2026-09-08 20:43:15
     897 | 2026-09-08 20:42:16
     306 | 2026-09-08 20:37:35
     957 | 2026-09-08 20:36:36
     608 | 2026-09-08 20:35:37
      17 | 2026-09-08 20:30:56
     668 | 2026-09-08 20:29:57
     319 | 2026-09-08 20:28:58
     728 | 2026-09-08 20:24:17
     379 | 2026-09-08 20:23:18
      30 | 2026-09-08 20:22:19
     439 | 2026-09-08 20:17:38
      90 | 2026-09-08 20:16:39
     741 | 2026-09-08 20:15:40
     150 | 2026-09-08 20:10:59
     801 | 2026-09-08 20:10:00
     452 | 2026-09-08 20:09:01
     861 | 2026-09-08 20:04:20
     512 | 2026-09-08 20:03:21
     163 | 2026-09-08 20:02:22
     572 | 2026-09-08 19:57:41
     223 | 2026-09-08 19:56:42
     874 | 2026-09-08 19:55:43
     283 | 2026-09-08 19:51:02
     934 | 2026-09-08 19:50:03
     585 | 2026-09-08 19:49:04
     994 | 2026-09-08 19:44:23
     645 | 2026-09-08 19:43:24
     296 | 2026-09-08 19:42:25
     705 | 2026-09-08 19:37:44
     356 | 2026-09-08 19:36:45
       7 | 2026-09-08 19:35:46
     416 | 2026-09-08 19:31:05
      67 | 2026-09-08 19:30:06
     718 | 2026-09-08 19:29:07
     127 | 2026-09-08 19:24:26
     778 | 2026-09-08 19:23:27
     429 | 2026-09-08 19:22:28
     838 | 2026-09-08 19:17:47
     489 | 2026-09-08 19:16:48
     140 | 2026-09-08 19:15:49
     549 | 2026-09-08 19:11:08
     200 | 2026-09-08 19:10:09
     851 | 2026-09-08 19:09:10
     260 | 2026-09-08 19:04:29
     911 | 2026-09-08 19:03:30
     562 | 2026-09-08 19:02:31
     213 | 2026-09-08 19:01:32
     971 | 2026-09-08 18:57:50
     622 | 2026-09-08 18:56:51
     273 | 2026-09-08 18:55:52
     924 | 2026-09-08 18:54:53
     682 | 2026-09-08 18:51:11
     333 | 2026-09-08 18:50:12
     984 | 2026-09-08 18:49:13
     635 | 2026-09-08 18:48:14
     393 | 2026-09-08 18:44:32
      44 | 2026-09-08 18:43:33
     695 | 2026-09-08 18:42:34
     346 | 2026-09-08 18:41:35
     104 | 2026-09-08 18:37:53
     755 | 2026-09-08 18:36:54
     406 | 2026-09-08 18:35:55
      57 | 2026-09-08 18:34:56
     815 | 2026-09-08 18:31:14
     466 | 2026-09-08 18:30:15
     117 | 2026-09-08 18:29:16
     768 | 2026-09-08 18:28:17
     526 | 2026-09-08 18:24:35
     177 | 2026-09-08 18:23:36
     828 | 2026-09-08 18:22:37
     479 | 2026-09-08 18:21:38
     237 | 2026-09-08 18:17:56
     888 | 2026-09-08 18:16:57
     539 | 2026-09-08 18:15:58
     190 | 2026-09-08 18:14:59
     948 | 2026-09-08 18:11:17
     599 | 2026-09-08 18:10:18
     250 | 2026-09-08 18:09:19
     901 | 2026-09-08 18:08:20
     310 | 2026-09-08 18:03:39
     961 | 2026-09-08 18:02:40
     612 | 2026-09-08 18:01:41
      21 | 2026-09-08 17:57:00
     672 | 2026-09-08 17:56:01
     323 | 2026-09-08 17:55:02
     732 | 2026-09-08 17:50:21
     383 | 2026-09-08 17:49:22
      34 | 2026-09-08 17:48:23
     443 | 2026-09-08 17:43:42
      94 | 2026-09-08 17:42:43
     745 | 2026-09-08 17:41:44
     154 | 2026-09-08 17:37:03
     805 | 2026-09-08 17:36:04
     456 | 2026-09-08 17:35:05
     865 | 2026-09-08 17:30:24
     516 | 2026-09-08 17:29:25
     167 | 2026-09-08 17:28:26
     576 | 2026-09-08 17:23:45
     227 | 2026-09-08 17:22:46
     878 | 2026-09-08 17:21:47
     287 | 2026-09-08 17:17:06
     938 | 2026-09-08 17:16:07
     589 | 2026-09-08 17:15:08
     998 | 2026-09-08 17:10:27
     649 | 2026-09-08 17:09:28
     300 | 2026-09-08 17:08:29
     709 | 2026-09-08 17:03:48
     360 | 2026-09-08 17:02:49
      11 | 2026-09-08 17:01:50
     420 | 2026-09-08 16:57:09
      71 | 2026-09-08 16:56:10
     722 | 2026-09-08 16:55:11
     131 | 2026-09-08 16:50:30
     782 | 2026-09-08 16:49:31
     433 | 2026-09-08 16:48:32
     842 | 2026-09-08 16:43:51
     493 | 2026-09-08 16:42:52
     144 | 2026-09-08 16:41:53
     553 | 2026-09-08 16:37:12
     204 | 2026-09-08 16:36:13
     855 | 2026-09-08 16:35:14
     264 | 2026-09-08 16:30:33
     915 | 2026-09-08 16:29:34
     566 | 2026-09-08 16:28:35
     975 | 2026-09-08 16:23:54
     626 | 2026-09-08 16:22:55
     277 | 2026-09-08 16:21:56
     686 | 2026-09-08 16:17:15
     337 | 2026-09-08 16:16:16
     988 | 2026-09-08 16:15:17
     397 | 2026-09-08 16:10:36
      48 | 2026-09-08 16:09:37
     699 | 2026-09-08 16:08:38
     350 | 2026-09-08 16:07:39
     108 | 2026-09-08 16:03:57
     759 | 2026-09-08 16:02:58
     410 | 2026-09-08 16:01:59
      61 | 2026-09-08 16:01:00
     819 | 2026-09-08 15:57:18
     470 | 2026-09-08 15:56:19
     121 | 2026-09-08 15:55:20
     772 | 2026-09-08 15:54:21
     530 | 2026-09-08 15:50:39
     181 | 2026-09-08 15:49:40
     832 | 2026-09-08 15:48:41
     483 | 2026-09-08 15:47:42
     241 | 2026-09-08 15:44:00
     892 | 2026-09-08 15:43:01
     543 | 2026-09-08 15:42:02
     194 | 2026-09-08 15:41:03
     952 | 2026-09-08 15:37:21
     603 | 2026-09-08 15:36:22
     254 | 2026-09-08 15:35:23
     905 | 2026-09-08 15:34:24
     663 | 2026-09-08 15:30:42
     314 | 2026-09-08 15:29:43
     965 | 2026-09-08 15:28:44
     616 | 2026-09-08 15:27:45
     374 | 2026-09-08 15:24:03
      25 | 2026-09-08 15:23:04
     676 | 2026-09-08 15:22:05
     327 | 2026-09-08 15:21:06
      85 | 2026-09-08 15:17:24
     736 | 2026-09-08 15:16:25
     387 | 2026-09-08 15:15:26
      38 | 2026-09-08 15:14:27
     447 | 2026-09-08 15:09:46
      98 | 2026-09-08 15:08:47
     749 | 2026-09-08 15:07:48
     158 | 2026-09-08 15:03:07
     809 | 2026-09-08 15:02:08
     460 | 2026-09-08 15:01:09
     869 | 2026-09-08 14:56:28
     520 | 2026-09-08 14:55:29
     171 | 2026-09-08 14:54:30
     580 | 2026-09-08 14:49:49
     231 | 2026-09-08 14:48:50
     882 | 2026-09-08 14:47:51
     291 | 2026-09-08 14:43:10
     942 | 2026-09-08 14:42:11
     593 | 2026-09-08 14:41:12
       2 | 2026-09-08 14:36:31
     653 | 2026-09-08 14:35:32
     304 | 2026-09-08 14:34:33
     713 | 2026-09-08 14:29:52
     364 | 2026-09-08 14:28:53
      15 | 2026-09-08 14:27:54
     424 | 2026-09-08 14:23:13
      75 | 2026-09-08 14:22:14
     726 | 2026-09-08 14:21:15
     135 | 2026-09-08 14:16:34
     786 | 2026-09-08 14:15:35
     437 | 2026-09-08 14:14:36
     846 | 2026-09-08 14:09:55
     497 | 2026-09-08 14:08:56
     148 | 2026-09-08 14:07:57
     557 | 2026-09-08 14:03:16
     208 | 2026-09-08 14:02:17
     859 | 2026-09-08 14:01:18
     268 | 2026-09-08 13:56:37
     919 | 2026-09-08 13:55:38
     570 | 2026-09-08 13:54:39
     979 | 2026-09-08 13:49:58
     630 | 2026-09-08 13:48:59
     281 | 2026-09-08 13:48:00
     690 | 2026-09-08 13:43:19
     341 | 2026-09-08 13:42:20
     992 | 2026-09-08 13:41:21
     401 | 2026-09-08 13:36:40
      52 | 2026-09-08 13:35:41
     703 | 2026-09-08 13:34:42
     112 | 2026-09-08 13:30:01
     763 | 2026-09-08 13:29:02
     414 | 2026-09-08 13:28:03
     823 | 2026-09-08 13:23:22
     474 | 2026-09-08 13:22:23
     125 | 2026-09-08 13:21:24
     534 | 2026-09-08 13:16:43
     185 | 2026-09-08 13:15:44
     836 | 2026-09-08 13:14:45
     487 | 2026-09-08 13:13:46
     245 | 2026-09-08 13:10:04
     896 | 2026-09-08 13:09:05
     547 | 2026-09-08 13:08:06
     198 | 2026-09-08 13:07:07
     956 | 2026-09-08 13:03:25
     607 | 2026-09-08 13:02:26
     258 | 2026-09-08 13:01:27
     909 | 2026-09-08 13:00:28
     667 | 2026-09-08 12:56:46
     318 | 2026-09-08 12:55:47
     969 | 2026-09-08 12:54:48
     620 | 2026-09-08 12:53:49
     378 | 2026-09-08 12:50:07
      29 | 2026-09-08 12:49:08
     680 | 2026-09-08 12:48:09
     331 | 2026-09-08 12:47:10
      89 | 2026-09-08 12:43:28
     740 | 2026-09-08 12:42:29
     391 | 2026-09-08 12:41:30
      42 | 2026-09-08 12:40:31
     800 | 2026-09-08 12:36:49
     451 | 2026-09-08 12:35:50
     102 | 2026-09-08 12:34:51
     753 | 2026-09-08 12:33:52
     511 | 2026-09-08 12:30:10
     162 | 2026-09-08 12:29:11
     813 | 2026-09-08 12:28:12
     464 | 2026-09-08 12:27:13
     222 | 2026-09-08 12:23:31
     873 | 2026-09-08 12:22:32
     524 | 2026-09-08 12:21:33
     175 | 2026-09-08 12:20:34
     584 | 2026-09-08 12:15:53
     235 | 2026-09-08 12:14:54
     886 | 2026-09-08 12:13:55
     295 | 2026-09-08 12:09:14
     946 | 2026-09-08 12:08:15
     597 | 2026-09-08 12:07:16
       6 | 2026-09-08 12:02:35
     657 | 2026-09-08 12:01:36
     308 | 2026-09-08 12:00:37
     717 | 2026-09-08 11:55:56
     368 | 2026-09-08 11:54:57
      19 | 2026-09-08 11:53:58
     428 | 2026-09-08 11:49:17
      79 | 2026-09-08 11:48:18
     730 | 2026-09-08 11:47:19
     139 | 2026-09-08 11:42:38
     790 | 2026-09-08 11:41:39
     441 | 2026-09-08 11:40:40
     850 | 2026-09-08 11:35:59
     501 | 2026-09-08 11:35:00
     152 | 2026-09-08 11:34:01
     561 | 2026-09-08 11:29:20
     212 | 2026-09-08 11:28:21
     863 | 2026-09-08 11:27:22
     272 | 2026-09-08 11:22:41
     923 | 2026-09-08 11:21:42
     574 | 2026-09-08 11:20:43
     983 | 2026-09-08 11:16:02
     634 | 2026-09-08 11:15:03
     285 | 2026-09-08 11:14:04
     694 | 2026-09-08 11:09:23
     345 | 2026-09-08 11:08:24
     996 | 2026-09-08 11:07:25
     405 | 2026-09-08 11:02:44
      56 | 2026-09-08 11:01:45
     707 | 2026-09-08 11:00:46
     116 | 2026-09-08 10:56:05
     767 | 2026-09-08 10:55:06
     418 | 2026-09-08 10:54:07
     827 | 2026-09-08 10:49:26
     478 | 2026-09-08 10:48:27
     129 | 2026-09-08 10:47:28
     538 | 2026-09-08 10:42:47
     189 | 2026-09-08 10:41:48
     840 | 2026-09-08 10:40:49
     249 | 2026-09-08 10:36:08
     900 | 2026-09-08 10:35:09
     551 | 2026-09-08 10:34:10
     960 | 2026-09-08 10:29:29
     611 | 2026-09-08 10:28:30
     262 | 2026-09-08 10:27:31
     671 | 2026-09-08 10:22:50
     322 | 2026-09-08 10:21:51
     973 | 2026-09-08 10:20:52
     382 | 2026-09-08 10:16:11
      33 | 2026-09-08 10:15:12
     684 | 2026-09-08 10:14:13
     335 | 2026-09-08 10:13:14
      93 | 2026-09-08 10:09:32
     744 | 2026-09-08 10:08:33
     395 | 2026-09-08 10:07:34
      46 | 2026-09-08 10:06:35
     804 | 2026-09-08 10:02:53
     455 | 2026-09-08 10:01:54
     106 | 2026-09-08 10:00:55
     757 | 2026-09-08 09:59:56
     515 | 2026-09-08 09:56:14
     166 | 2026-09-08 09:55:15
     817 | 2026-09-08 09:54:16
     468 | 2026-09-08 09:53:17
     226 | 2026-09-08 09:49:35
     877 | 2026-09-08 09:48:36
     528 | 2026-09-08 09:47:37
     179 | 2026-09-08 09:46:38
     937 | 2026-09-08 09:42:56
     588 | 2026-09-08 09:41:57
     239 | 2026-09-08 09:40:58
     890 | 2026-09-08 09:39:59
     648 | 2026-09-08 09:36:17
     299 | 2026-09-08 09:35:18
     950 | 2026-09-08 09:34:19
     601 | 2026-09-08 09:33:20
     359 | 2026-09-08 09:29:38
      10 | 2026-09-08 09:28:39
     661 | 2026-09-08 09:27:40
     312 | 2026-09-08 09:26:41
     721 | 2026-09-08 09:22:00
     372 | 2026-09-08 09:21:01
      23 | 2026-09-08 09:20:02
     432 | 2026-09-08 09:15:21
      83 | 2026-09-08 09:14:22
     734 | 2026-09-08 09:13:23
     143 | 2026-09-08 09:08:42
     794 | 2026-09-08 09:07:43
     445 | 2026-09-08 09:06:44
     854 | 2026-09-08 09:02:03
     505 | 2026-09-08 09:01:04
     156 | 2026-09-08 09:00:05
     565 | 2026-09-08 08:55:24
     216 | 2026-09-08 08:54:25
     867 | 2026-09-08 08:53:26
     276 | 2026-09-08 08:48:45
     927 | 2026-09-08 08:47:46
     578 | 2026-09-08 08:46:47
     987 | 2026-09-08 08:42:06
     638 | 2026-09-08 08:41:07
     289 | 2026-09-08 08:40:08
     698 | 2026-09-08 08:35:27
     349 | 2026-09-08 08:34:28
    1000 | 2026-09-08 08:33:29
     409 | 2026-09-08 08:28:48
      60 | 2026-09-08 08:27:49
     711 | 2026-09-08 08:26:50
     120 | 2026-09-08 08:22:09
     771 | 2026-09-08 08:21:10
     422 | 2026-09-08 08:20:11
     831 | 2026-09-08 08:15:30
     482 | 2026-09-08 08:14:31
     133 | 2026-09-08 08:13:32
     542 | 2026-09-08 08:08:51
     193 | 2026-09-08 08:07:52
     844 | 2026-09-08 08:06:53
     253 | 2026-09-08 08:02:12
     904 | 2026-09-08 08:01:13
     555 | 2026-09-08 08:00:14
     964 | 2026-09-08 07:55:33
     615 | 2026-09-08 07:54:34
     266 | 2026-09-08 07:53:35
     675 | 2026-09-08 07:48:54
     326 | 2026-09-08 07:47:55
     977 | 2026-09-08 07:46:56
     386 | 2026-09-08 07:42:15
      37 | 2026-09-08 07:41:16
     688 | 2026-09-08 07:40:17
      97 | 2026-09-08 07:35:36
     748 | 2026-09-08 07:34:37
     399 | 2026-09-08 07:33:38
     808 | 2026-09-08 07:28:57
     459 | 2026-09-08 07:27:58
     110 | 2026-09-08 07:26:59
     519 | 2026-09-08 07:22:18
     170 | 2026-09-08 07:21:19
     821 | 2026-09-08 07:20:20
     472 | 2026-09-08 07:19:21
     230 | 2026-09-08 07:15:39
     881 | 2026-09-08 07:14:40
     532 | 2026-09-08 07:13:41
     183 | 2026-09-08 07:12:42
     941 | 2026-09-08 07:09:00
     592 | 2026-09-08 07:08:01
     243 | 2026-09-08 07:07:02
     894 | 2026-09-08 07:06:03
     652 | 2026-09-08 07:02:21
     303 | 2026-09-08 07:01:22
     954 | 2026-09-08 07:00:23
     605 | 2026-09-08 06:59:24
     363 | 2026-09-08 06:55:42
      14 | 2026-09-08 06:54:43
     665 | 2026-09-08 06:53:44
     316 | 2026-09-08 06:52:45
      74 | 2026-09-08 06:49:03
     725 | 2026-09-08 06:48:04
     376 | 2026-09-08 06:47:05
      27 | 2026-09-08 06:46:06
     785 | 2026-09-08 06:42:24
     436 | 2026-09-08 06:41:25
      87 | 2026-09-08 06:40:26
     738 | 2026-09-08 06:39:27
     496 | 2026-09-08 06:35:45
     147 | 2026-09-08 06:34:46
     798 | 2026-09-08 06:33:47
     449 | 2026-09-08 06:32:48
     858 | 2026-09-08 06:28:07
     509 | 2026-09-08 06:27:08
     160 | 2026-09-08 06:26:09
     569 | 2026-09-08 06:21:28
     220 | 2026-09-08 06:20:29
     871 | 2026-09-08 06:19:30
     280 | 2026-09-08 06:14:49
     931 | 2026-09-08 06:13:50
     582 | 2026-09-08 06:12:51
     991 | 2026-09-08 06:08:10
     642 | 2026-09-08 06:07:11
     293 | 2026-09-08 06:06:12
     702 | 2026-09-08 06:01:31
     353 | 2026-09-08 06:00:32
       4 | 2026-09-08 05:59:33
     413 | 2026-09-08 05:54:52
      64 | 2026-09-08 05:53:53
     715 | 2026-09-08 05:52:54
     124 | 2026-09-08 05:48:13
     775 | 2026-09-08 05:47:14
     426 | 2026-09-08 05:46:15
     835 | 2026-09-08 05:41:34
     486 | 2026-09-08 05:40:35
     137 | 2026-09-08 05:39:36
     546 | 2026-09-08 05:34:55
     197 | 2026-09-08 05:33:56
     848 | 2026-09-08 05:32:57
     257 | 2026-09-08 05:28:16
     908 | 2026-09-08 05:27:17
     559 | 2026-09-08 05:26:18
     968 | 2026-09-08 05:21:37
     619 | 2026-09-08 05:20:38
     270 | 2026-09-08 05:19:39
     679 | 2026-09-08 05:14:58
     330 | 2026-09-08 05:13:59
     981 | 2026-09-08 05:13:00
     390 | 2026-09-08 05:08:19
      41 | 2026-09-08 05:07:20
     692 | 2026-09-08 05:06:21
     101 | 2026-09-08 05:01:40
     752 | 2026-09-08 05:00:41
     403 | 2026-09-08 04:59:42
     812 | 2026-09-08 04:55:01
     463 | 2026-09-08 04:54:02
     114 | 2026-09-08 04:53:03
     523 | 2026-09-08 04:48:22
     174 | 2026-09-08 04:47:23
     825 | 2026-09-08 04:46:24
     234 | 2026-09-08 04:41:43
     885 | 2026-09-08 04:40:44
     536 | 2026-09-08 04:39:45
     945 | 2026-09-08 04:35:04
     596 | 2026-09-08 04:34:05
     247 | 2026-09-08 04:33:06
     656 | 2026-09-08 04:28:25
     307 | 2026-09-08 04:27:26
     958 | 2026-09-08 04:26:27
     609 | 2026-09-08 04:25:28
     367 | 2026-09-08 04:21:46
      18 | 2026-09-08 04:20:47
     669 | 2026-09-08 04:19:48
     320 | 2026-09-08 04:18:49
      78 | 2026-09-08 04:15:07
     729 | 2026-09-08 04:14:08
     380 | 2026-09-08 04:13:09
      31 | 2026-09-08 04:12:10
     789 | 2026-09-08 04:08:28
     440 | 2026-09-08 04:07:29
      91 | 2026-09-08 04:06:30
     742 | 2026-09-08 04:05:31
     500 | 2026-09-08 04:01:49
     151 | 2026-09-08 04:00:50
     802 | 2026-09-08 03:59:51
     453 | 2026-09-08 03:58:52
     211 | 2026-09-08 03:55:10
     862 | 2026-09-08 03:54:11
     513 | 2026-09-08 03:53:12
     164 | 2026-09-08 03:52:13
     922 | 2026-09-08 03:48:31
     573 | 2026-09-08 03:47:32
     224 | 2026-09-08 03:46:33
     875 | 2026-09-08 03:45:34
     633 | 2026-09-08 03:41:52
     284 | 2026-09-08 03:40:53
     935 | 2026-09-08 03:39:54
     586 | 2026-09-08 03:38:55
     995 | 2026-09-08 03:34:14
     646 | 2026-09-08 03:33:15
     297 | 2026-09-08 03:32:16
     706 | 2026-09-08 03:27:35
     357 | 2026-09-08 03:26:36
       8 | 2026-09-08 03:25:37
     417 | 2026-09-08 03:20:56
      68 | 2026-09-08 03:19:57
     719 | 2026-09-08 03:18:58
     128 | 2026-09-08 03:14:17
     779 | 2026-09-08 03:13:18
     430 | 2026-09-08 03:12:19
     839 | 2026-09-08 03:07:38
     490 | 2026-09-08 03:06:39
     141 | 2026-09-08 03:05:40
     550 | 2026-09-08 03:00:59
     201 | 2026-09-08 03:00:00
     852 | 2026-09-08 02:59:01
     261 | 2026-09-08 02:54:20
     912 | 2026-09-08 02:53:21
     563 | 2026-09-08 02:52:22
     972 | 2026-09-08 02:47:41
     623 | 2026-09-08 02:46:42
     274 | 2026-09-08 02:45:43
     683 | 2026-09-08 02:41:02
     334 | 2026-09-08 02:40:03
     985 | 2026-09-08 02:39:04
     394 | 2026-09-08 02:34:23
      45 | 2026-09-08 02:33:24
     696 | 2026-09-08 02:32:25
     105 | 2026-09-08 02:27:44
     756 | 2026-09-08 02:26:45
     407 | 2026-09-08 02:25:46
     816 | 2026-09-08 02:21:05
     467 | 2026-09-08 02:20:06
     118 | 2026-09-08 02:19:07
     527 | 2026-09-08 02:14:26
     178 | 2026-09-08 02:13:27
     829 | 2026-09-08 02:12:28
     238 | 2026-09-08 02:07:47
     889 | 2026-09-08 02:06:48
     540 | 2026-09-08 02:05:49
     949 | 2026-09-08 02:01:08
     600 | 2026-09-08 02:00:09
     251 | 2026-09-08 01:59:10
     660 | 2026-09-08 01:54:29
     311 | 2026-09-08 01:53:30
     962 | 2026-09-08 01:52:31
     371 | 2026-09-08 01:47:50
      22 | 2026-09-08 01:46:51
     673 | 2026-09-08 01:45:52
      82 | 2026-09-08 01:41:11
     733 | 2026-09-08 01:40:12
     384 | 2026-09-08 01:39:13
     793 | 2026-09-08 01:34:32
     444 | 2026-09-08 01:33:33
      95 | 2026-09-08 01:32:34
     746 | 2026-09-08 01:31:35
     504 | 2026-09-08 01:27:53
     155 | 2026-09-08 01:26:54
     806 | 2026-09-08 01:25:55
     457 | 2026-09-08 01:24:56
     215 | 2026-09-08 01:21:14
     866 | 2026-09-08 01:20:15
     517 | 2026-09-08 01:19:16
     168 | 2026-09-08 01:18:17
     926 | 2026-09-08 01:14:35
     577 | 2026-09-08 01:13:36
     228 | 2026-09-08 01:12:37
     879 | 2026-09-08 01:11:38
     637 | 2026-09-08 01:07:56
     288 | 2026-09-08 01:06:57
     939 | 2026-09-08 01:05:58
     590 | 2026-09-08 01:04:59
     348 | 2026-09-08 01:01:17
     999 | 2026-09-08 01:00:18
     650 | 2026-09-08 00:59:19
     301 | 2026-09-08 00:58:20
      59 | 2026-09-08 00:54:38
     710 | 2026-09-08 00:53:39
     361 | 2026-09-08 00:52:40
      12 | 2026-09-08 00:51:41
     770 | 2026-09-08 00:47:59
     421 | 2026-09-08 00:47:00
      72 | 2026-09-08 00:46:01
     723 | 2026-09-08 00:45:02
     132 | 2026-09-08 00:40:21
     783 | 2026-09-08 00:39:22
     434 | 2026-09-08 00:38:23
     843 | 2026-09-08 00:33:42
     494 | 2026-09-08 00:32:43
     145 | 2026-09-08 00:31:44
     554 | 2026-09-08 00:27:03
     205 | 2026-09-08 00:26:04
     856 | 2026-09-08 00:25:05
     265 | 2026-09-08 00:20:24
     916 | 2026-09-08 00:19:25
     567 | 2026-09-08 00:18:26
     976 | 2026-09-08 00:13:45
     627 | 2026-09-08 00:12:46
     278 | 2026-09-08 00:11:47
     687 | 2026-09-08 00:07:06
     338 | 2026-09-08 00:06:07
     989 | 2026-09-08 00:05:08
     398 | 2026-09-08 00:00:27
      49 | 2026-09-07 23:59:28
     700 | 2026-09-07 23:58:29
     109 | 2026-09-07 23:53:48
     760 | 2026-09-07 23:52:49
     411 | 2026-09-07 23:51:50
     820 | 2026-09-07 23:47:09
     471 | 2026-09-07 23:46:10
     122 | 2026-09-07 23:45:11
     531 | 2026-09-07 23:40:30
     182 | 2026-09-07 23:39:31
     833 | 2026-09-07 23:38:32
     242 | 2026-09-07 23:33:51
     893 | 2026-09-07 23:32:52
     544 | 2026-09-07 23:31:53
     953 | 2026-09-07 23:27:12
     604 | 2026-09-07 23:26:13
     255 | 2026-09-07 23:25:14
     664 | 2026-09-07 23:20:33
     315 | 2026-09-07 23:19:34
     966 | 2026-09-07 23:18:35
     375 | 2026-09-07 23:13:54
      26 | 2026-09-07 23:12:55
     677 | 2026-09-07 23:11:56
      86 | 2026-09-07 23:07:15
     737 | 2026-09-07 23:06:16
     388 | 2026-09-07 23:05:17
     797 | 2026-09-07 23:00:36
     448 | 2026-09-07 22:59:37
      99 | 2026-09-07 22:58:38
     508 | 2026-09-07 22:53:57
     159 | 2026-09-07 22:52:58
     810 | 2026-09-07 22:51:59
     219 | 2026-09-07 22:47:18
     870 | 2026-09-07 22:46:19
     521 | 2026-09-07 22:45:20
     930 | 2026-09-07 22:40:39
     581 | 2026-09-07 22:39:40
     232 | 2026-09-07 22:38:41
     883 | 2026-09-07 22:37:42
     641 | 2026-09-07 22:34:00
     292 | 2026-09-07 22:33:01
     943 | 2026-09-07 22:32:02
     594 | 2026-09-07 22:31:03
     352 | 2026-09-07 22:27:21
       3 | 2026-09-07 22:26:22
     654 | 2026-09-07 22:25:23
     305 | 2026-09-07 22:24:24
      63 | 2026-09-07 22:20:42
     714 | 2026-09-07 22:19:43
     365 | 2026-09-07 22:18:44
      16 | 2026-09-07 22:17:45
     774 | 2026-09-07 22:14:03
     425 | 2026-09-07 22:13:04
      76 | 2026-09-07 22:12:05
     727 | 2026-09-07 22:11:06
     485 | 2026-09-07 22:07:24
     136 | 2026-09-07 22:06:25
     787 | 2026-09-07 22:05:26
     438 | 2026-09-07 22:04:27
     196 | 2026-09-07 22:00:45
     847 | 2026-09-07 21:59:46
     498 | 2026-09-07 21:58:47
     149 | 2026-09-07 21:57:48
     907 | 2026-09-07 21:54:06
     558 | 2026-09-07 21:53:07
     209 | 2026-09-07 21:52:08
     860 | 2026-09-07 21:51:09
     269 | 2026-09-07 21:46:28
     920 | 2026-09-07 21:45:29
     571 | 2026-09-07 21:44:30
     980 | 2026-09-07 21:39:49
     631 | 2026-09-07 21:38:50
     282 | 2026-09-07 21:37:51
     691 | 2026-09-07 21:33:10
     342 | 2026-09-07 21:32:11
     993 | 2026-09-07 21:31:12
     402 | 2026-09-07 21:26:31
      53 | 2026-09-07 21:25:32
     704 | 2026-09-07 21:24:33
     113 | 2026-09-07 21:19:52
     764 | 2026-09-07 21:18:53
     415 | 2026-09-07 21:17:54
     824 | 2026-09-07 21:13:13
     475 | 2026-09-07 21:12:14
     126 | 2026-09-07 21:11:15
     535 | 2026-09-07 21:06:34
     186 | 2026-09-07 21:05:35
     837 | 2026-09-07 21:04:36
     246 | 2026-09-07 20:59:55
     897 | 2026-09-07 20:58:56
     548 | 2026-09-07 20:57:57
     957 | 2026-09-07 20:53:16
     608 | 2026-09-07 20:52:17
     259 | 2026-09-07 20:51:18
     668 | 2026-09-07 20:46:37
     319 | 2026-09-07 20:45:38
     970 | 2026-09-07 20:44:39
     379 | 2026-09-07 20:39:58
      30 | 2026-09-07 20:38:59
     681 | 2026-09-07 20:38:00
      90 | 2026-09-07 20:33:19
     741 | 2026-09-07 20:32:20
     392 | 2026-09-07 20:31:21
     801 | 2026-09-07 20:26:40
     452 | 2026-09-07 20:25:41
     103 | 2026-09-07 20:24:42
     512 | 2026-09-07 20:20:01
     163 | 2026-09-07 20:19:02
     814 | 2026-09-07 20:18:03
     223 | 2026-09-07 20:13:22
     874 | 2026-09-07 20:12:23
     525 | 2026-09-07 20:11:24
     934 | 2026-09-07 20:06:43
     585 | 2026-09-07 20:05:44
     236 | 2026-09-07 20:04:45
     645 | 2026-09-07 20:00:04
     296 | 2026-09-07 19:59:05
     947 | 2026-09-07 19:58:06
     356 | 2026-09-07 19:53:25
       7 | 2026-09-07 19:52:26
     658 | 2026-09-07 19:51:27
      67 | 2026-09-07 19:46:46
     718 | 2026-09-07 19:45:47
     369 | 2026-09-07 19:44:48
      20 | 2026-09-07 19:43:49
     778 | 2026-09-07 19:40:07
     429 | 2026-09-07 19:39:08
      80 | 2026-09-07 19:38:09
     731 | 2026-09-07 19:37:10
     489 | 2026-09-07 19:33:28
     140 | 2026-09-07 19:32:29
     791 | 2026-09-07 19:31:30
     442 | 2026-09-07 19:30:31
     200 | 2026-09-07 19:26:49
     851 | 2026-09-07 19:25:50
     502 | 2026-09-07 19:24:51
     153 | 2026-09-07 19:23:52
     911 | 2026-09-07 19:20:10
     562 | 2026-09-07 19:19:11
     213 | 2026-09-07 19:18:12
     864 | 2026-09-07 19:17:13
     622 | 2026-09-07 19:13:31
     273 | 2026-09-07 19:12:32
     924 | 2026-09-07 19:11:33
     575 | 2026-09-07 19:10:34
     333 | 2026-09-07 19:06:52
     984 | 2026-09-07 19:05:53
     635 | 2026-09-07 19:04:54
     286 | 2026-09-07 19:03:55
      44 | 2026-09-07 19:00:13
     695 | 2026-09-07 18:59:14
     346 | 2026-09-07 18:58:15
     997 | 2026-09-07 18:57:16
     406 | 2026-09-07 18:52:35
      57 | 2026-09-07 18:51:36
     708 | 2026-09-07 18:50:37
     117 | 2026-09-07 18:45:56
     768 | 2026-09-07 18:44:57
     419 | 2026-09-07 18:43:58
     828 | 2026-09-07 18:39:17
     479 | 2026-09-07 18:38:18
     130 | 2026-09-07 18:37:19
     539 | 2026-09-07 18:32:38
     190 | 2026-09-07 18:31:39
     841 | 2026-09-07 18:30:40
     250 | 2026-09-07 18:25:59
     901 | 2026-09-07 18:25:00
     552 | 2026-09-07 18:24:01
     961 | 2026-09-07 18:19:20
     612 | 2026-09-07 18:18:21
     263 | 2026-09-07 18:17:22
     672 | 2026-09-07 18:12:41
     323 | 2026-09-07 18:11:42
     974 | 2026-09-07 18:10:43
     383 | 2026-09-07 18:06:02
      34 | 2026-09-07 18:05:03
     685 | 2026-09-07 18:04:04
      94 | 2026-09-07 17:59:23
     745 | 2026-09-07 17:58:24
     396 | 2026-09-07 17:57:25
     805 | 2026-09-07 17:52:44
     456 | 2026-09-07 17:51:45
     107 | 2026-09-07 17:50:46
     516 | 2026-09-07 17:46:05
     167 | 2026-09-07 17:45:06
     818 | 2026-09-07 17:44:07
     227 | 2026-09-07 17:39:26
     878 | 2026-09-07 17:38:27
     529 | 2026-09-07 17:37:28
     938 | 2026-09-07 17:32:47
     589 | 2026-09-07 17:31:48
     240 | 2026-09-07 17:30:49
     649 | 2026-09-07 17:26:08
     300 | 2026-09-07 17:25:09
     951 | 2026-09-07 17:24:10
     360 | 2026-09-07 17:19:29
      11 | 2026-09-07 17:18:30
     662 | 2026-09-07 17:17:31
      71 | 2026-09-07 17:12:50
     722 | 2026-09-07 17:11:51
     373 | 2026-09-07 17:10:52
     782 | 2026-09-07 17:06:11
     433 | 2026-09-07 17:05:12
      84 | 2026-09-07 17:04:13
     493 | 2026-09-07 16:59:32
     144 | 2026-09-07 16:58:33
     795 | 2026-09-07 16:57:34
     204 | 2026-09-07 16:52:53
     855 | 2026-09-07 16:51:54
     506 | 2026-09-07 16:50:55
     157 | 2026-09-07 16:49:56
     915 | 2026-09-07 16:46:14
     566 | 2026-09-07 16:45:15
     217 | 2026-09-07 16:44:16
     868 | 2026-09-07 16:43:17
     626 | 2026-09-07 16:39:35
     277 | 2026-09-07 16:38:36
     928 | 2026-09-07 16:37:37
     579 | 2026-09-07 16:36:38
     337 | 2026-09-07 16:32:56
     988 | 2026-09-07 16:31:57
     639 | 2026-09-07 16:30:58
     290 | 2026-09-07 16:29:59
      48 | 2026-09-07 16:26:17
     699 | 2026-09-07 16:25:18
     350 | 2026-09-07 16:24:19
       1 | 2026-09-07 16:23:20
     759 | 2026-09-07 16:19:38
     410 | 2026-09-07 16:18:39
      61 | 2026-09-07 16:17:40
     712 | 2026-09-07 16:16:41
     470 | 2026-09-07 16:12:59
     121 | 2026-09-07 16:12:00
     772 | 2026-09-07 16:11:01
     423 | 2026-09-07 16:10:02
     181 | 2026-09-07 16:06:20
     832 | 2026-09-07 16:05:21
     483 | 2026-09-07 16:04:22
     134 | 2026-09-07 16:03:23
     543 | 2026-09-07 15:58:42
     194 | 2026-09-07 15:57:43
     845 | 2026-09-07 15:56:44
     254 | 2026-09-07 15:52:03
     905 | 2026-09-07 15:51:04
     556 | 2026-09-07 15:50:05
     965 | 2026-09-07 15:45:24
     616 | 2026-09-07 15:44:25
     267 | 2026-09-07 15:43:26
     676 | 2026-09-07 15:38:45
     327 | 2026-09-07 15:37:46
     978 | 2026-09-07 15:36:47
     387 | 2026-09-07 15:32:06
      38 | 2026-09-07 15:31:07
     689 | 2026-09-07 15:30:08
      98 | 2026-09-07 15:25:27
     749 | 2026-09-07 15:24:28
     400 | 2026-09-07 15:23:29
     809 | 2026-09-07 15:18:48
     460 | 2026-09-07 15:17:49
     111 | 2026-09-07 15:16:50
     520 | 2026-09-07 15:12:09
     171 | 2026-09-07 15:11:10
     822 | 2026-09-07 15:10:11
     231 | 2026-09-07 15:05:30
     882 | 2026-09-07 15:04:31
     533 | 2026-09-07 15:03:32
     942 | 2026-09-07 14:58:51
     593 | 2026-09-07 14:57:52
     244 | 2026-09-07 14:56:53
     653 | 2026-09-07 14:52:12
     304 | 2026-09-07 14:51:13
     955 | 2026-09-07 14:50:14
     364 | 2026-09-07 14:45:33
      15 | 2026-09-07 14:44:34
     666 | 2026-09-07 14:43:35
      75 | 2026-09-07 14:38:54
     726 | 2026-09-07 14:37:55
     377 | 2026-09-07 14:36:56
     786 | 2026-09-07 14:32:15
     437 | 2026-09-07 14:31:16
      88 | 2026-09-07 14:30:17
     497 | 2026-09-07 14:25:36
     148 | 2026-09-07 14:24:37
     799 | 2026-09-07 14:23:38
     208 | 2026-09-07 14:18:57
     859 | 2026-09-07 14:17:58
     510 | 2026-09-07 14:16:59
     919 | 2026-09-07 14:12:18
     570 | 2026-09-07 14:11:19
     221 | 2026-09-07 14:10:20
     630 | 2026-09-07 14:05:39
     281 | 2026-09-07 14:04:40
     932 | 2026-09-07 14:03:41
     341 | 2026-09-07 13:59:00
     992 | 2026-09-07 13:58:01
     643 | 2026-09-07 13:57:02
     294 | 2026-09-07 13:56:03
      52 | 2026-09-07 13:52:21
     703 | 2026-09-07 13:51:22
     354 | 2026-09-07 13:50:23
       5 | 2026-09-07 13:49:24
     763 | 2026-09-07 13:45:42
     414 | 2026-09-07 13:44:43
      65 | 2026-09-07 13:43:44
     716 | 2026-09-07 13:42:45
     474 | 2026-09-07 13:39:03
     125 | 2026-09-07 13:38:04
     776 | 2026-09-07 13:37:05
     427 | 2026-09-07 13:36:06
     185 | 2026-09-07 13:32:24
     836 | 2026-09-07 13:31:25
     487 | 2026-09-07 13:30:26
     138 | 2026-09-07 13:29:27
     896 | 2026-09-07 13:25:45
     547 | 2026-09-07 13:24:46
     198 | 2026-09-07 13:23:47
     849 | 2026-09-07 13:22:48
     607 | 2026-09-07 13:19:06
     258 | 2026-09-07 13:18:07
     909 | 2026-09-07 13:17:08
     560 | 2026-09-07 13:16:09
     318 | 2026-09-07 13:12:27
     969 | 2026-09-07 13:11:28
     620 | 2026-09-07 13:10:29
     271 | 2026-09-07 13:09:30
      29 | 2026-09-07 13:05:48
     680 | 2026-09-07 13:04:49
     331 | 2026-09-07 13:03:50
     982 | 2026-09-07 13:02:51
     391 | 2026-09-07 12:58:10
      42 | 2026-09-07 12:57:11
     693 | 2026-09-07 12:56:12
     102 | 2026-09-07 12:51:31
     753 | 2026-09-07 12:50:32
     404 | 2026-09-07 12:49:33
     813 | 2026-09-07 12:44:52
     464 | 2026-09-07 12:43:53
     115 | 2026-09-07 12:42:54
     524 | 2026-09-07 12:38:13
     175 | 2026-09-07 12:37:14
     826 | 2026-09-07 12:36:15
     235 | 2026-09-07 12:31:34
     886 | 2026-09-07 12:30:35
     537 | 2026-09-07 12:29:36
     946 | 2026-09-07 12:24:55
     597 | 2026-09-07 12:23:56
     248 | 2026-09-07 12:22:57
     657 | 2026-09-07 12:18:16
     308 | 2026-09-07 12:17:17
     959 | 2026-09-07 12:16:18
     368 | 2026-09-07 12:11:37
      19 | 2026-09-07 12:10:38
     670 | 2026-09-07 12:09:39
      79 | 2026-09-07 12:04:58
     730 | 2026-09-07 12:03:59
     381 | 2026-09-07 12:03:00
     790 | 2026-09-07 11:58:19
     441 | 2026-09-07 11:57:20
      92 | 2026-09-07 11:56:21
     501 | 2026-09-07 11:51:40
     152 | 2026-09-07 11:50:41
     803 | 2026-09-07 11:49:42
     212 | 2026-09-07 11:45:01
     863 | 2026-09-07 11:44:02
     514 | 2026-09-07 11:43:03
     923 | 2026-09-07 11:38:22
     574 | 2026-09-07 11:37:23
     225 | 2026-09-07 11:36:24
     634 | 2026-09-07 11:31:43
     285 | 2026-09-07 11:30:44
     936 | 2026-09-07 11:29:45
     345 | 2026-09-07 11:25:04
     996 | 2026-09-07 11:24:05
     647 | 2026-09-07 11:23:06
      56 | 2026-09-07 11:18:25
     707 | 2026-09-07 11:17:26
     358 | 2026-09-07 11:16:27
     767 | 2026-09-07 11:11:46
     418 | 2026-09-07 11:10:47
      69 | 2026-09-07 11:09:48
     478 | 2026-09-07 11:05:07
     129 | 2026-09-07 11:04:08
     780 | 2026-09-07 11:03:09
     431 | 2026-09-07 11:02:10
     189 | 2026-09-07 10:58:28
     840 | 2026-09-07 10:57:29
     491 | 2026-09-07 10:56:30
     142 | 2026-09-07 10:55:31
     900 | 2026-09-07 10:51:49
     551 | 2026-09-07 10:50:50
     202 | 2026-09-07 10:49:51
     853 | 2026-09-07 10:48:52
     611 | 2026-09-07 10:45:10
     262 | 2026-09-07 10:44:11
     913 | 2026-09-07 10:43:12
     564 | 2026-09-07 10:42:13
     322 | 2026-09-07 10:38:31
     973 | 2026-09-07 10:37:32
     624 | 2026-09-07 10:36:33
     275 | 2026-09-07 10:35:34
      33 | 2026-09-07 10:31:52
     684 | 2026-09-07 10:30:53
     335 | 2026-09-07 10:29:54
     986 | 2026-09-07 10:28:55
     744 | 2026-09-07 10:25:13
     395 | 2026-09-07 10:24:14
      46 | 2026-09-07 10:23:15
     697 | 2026-09-07 10:22:16
     455 | 2026-09-07 10:18:34
     106 | 2026-09-07 10:17:35
     757 | 2026-09-07 10:16:36
     408 | 2026-09-07 10:15:37
     166 | 2026-09-07 10:11:55
     817 | 2026-09-07 10:10:56
     468 | 2026-09-07 10:09:57
     119 | 2026-09-07 10:08:58
     528 | 2026-09-07 10:04:17
     179 | 2026-09-07 10:03:18
     830 | 2026-09-07 10:02:19
     239 | 2026-09-07 09:57:38
     890 | 2026-09-07 09:56:39
     541 | 2026-09-07 09:55:40
     950 | 2026-09-07 09:50:59
     601 | 2026-09-07 09:50:00
     252 | 2026-09-07 09:49:01
     661 | 2026-09-07 09:44:20
     312 | 2026-09-07 09:43:21
     963 | 2026-09-07 09:42:22
     372 | 2026-09-07 09:37:41
      23 | 2026-09-07 09:36:42
     674 | 2026-09-07 09:35:43
      83 | 2026-09-07 09:31:02
     734 | 2026-09-07 09:30:03
     385 | 2026-09-07 09:29:04
     794 | 2026-09-07 09:24:23
     445 | 2026-09-07 09:23:24
      96 | 2026-09-07 09:22:25
     505 | 2026-09-07 09:17:44
     156 | 2026-09-07 09:16:45
     807 | 2026-09-07 09:15:46
     216 | 2026-09-07 09:11:05
     867 | 2026-09-07 09:10:06
     518 | 2026-09-07 09:09:07
     927 | 2026-09-07 09:04:26
     578 | 2026-09-07 09:03:27
     229 | 2026-09-07 09:02:28
     638 | 2026-09-07 08:57:47
     289 | 2026-09-07 08:56:48
     940 | 2026-09-07 08:55:49
     349 | 2026-09-07 08:51:08
    1000 | 2026-09-07 08:50:09
     651 | 2026-09-07 08:49:10
      60 | 2026-09-07 08:44:29
     711 | 2026-09-07 08:43:30
     362 | 2026-09-07 08:42:31
     771 | 2026-09-07 08:37:50
     422 | 2026-09-07 08:36:51
      73 | 2026-09-07 08:35:52
     482 | 2026-09-07 08:31:11
     133 | 2026-09-07 08:30:12
     784 | 2026-09-07 08:29:13
     193 | 2026-09-07 08:24:32
     844 | 2026-09-07 08:23:33
     495 | 2026-09-07 08:22:34
     904 | 2026-09-07 08:17:53
     555 | 2026-09-07 08:16:54
     206 | 2026-09-07 08:15:55
     615 | 2026-09-07 08:11:14
     266 | 2026-09-07 08:10:15
     917 | 2026-09-07 08:09:16
     568 | 2026-09-07 08:08:17
     326 | 2026-09-07 08:04:35
     977 | 2026-09-07 08:03:36
     628 | 2026-09-07 08:02:37
     279 | 2026-09-07 08:01:38
      37 | 2026-09-07 07:57:56
     688 | 2026-09-07 07:56:57
     339 | 2026-09-07 07:55:58
     990 | 2026-09-07 07:54:59
     748 | 2026-09-07 07:51:17
     399 | 2026-09-07 07:50:18
      50 | 2026-09-07 07:49:19
     701 | 2026-09-07 07:48:20
     459 | 2026-09-07 07:44:38
     110 | 2026-09-07 07:43:39
     761 | 2026-09-07 07:42:40
     412 | 2026-09-07 07:41:41
     170 | 2026-09-07 07:37:59
     821 | 2026-09-07 07:37:00
     472 | 2026-09-07 07:36:01
     123 | 2026-09-07 07:35:02
     881 | 2026-09-07 07:31:20
     532 | 2026-09-07 07:30:21
     183 | 2026-09-07 07:29:22
     834 | 2026-09-07 07:28:23
     592 | 2026-09-07 07:24:41
     243 | 2026-09-07 07:23:42
     894 | 2026-09-07 07:22:43
     545 | 2026-09-07 07:21:44
     303 | 2026-09-07 07:18:02
     954 | 2026-09-07 07:17:03
     605 | 2026-09-07 07:16:04
     256 | 2026-09-07 07:15:05
     665 | 2026-09-07 07:10:24
     316 | 2026-09-07 07:09:25
     967 | 2026-09-07 07:08:26
     376 | 2026-09-07 07:03:45
      27 | 2026-09-07 07:02:46
     678 | 2026-09-07 07:01:47
      87 | 2026-09-07 06:57:06
     738 | 2026-09-07 06:56:07
     389 | 2026-09-07 06:55:08
     798 | 2026-09-07 06:50:27
     449 | 2026-09-07 06:49:28
     100 | 2026-09-07 06:48:29
     509 | 2026-09-07 06:43:48
     160 | 2026-09-07 06:42:49
     811 | 2026-09-07 06:41:50
     220 | 2026-09-07 06:37:09
     871 | 2026-09-07 06:36:10
     522 | 2026-09-07 06:35:11
     931 | 2026-09-07 06:30:30
     582 | 2026-09-07 06:29:31
     233 | 2026-09-07 06:28:32
     642 | 2026-09-07 06:23:51
     293 | 2026-09-07 06:22:52
     944 | 2026-09-07 06:21:53
     353 | 2026-09-07 06:17:12
       4 | 2026-09-07 06:16:13
     655 | 2026-09-07 06:15:14
      64 | 2026-09-07 06:10:33
     715 | 2026-09-07 06:09:34
     366 | 2026-09-07 06:08:35
     775 | 2026-09-07 06:03:54
     426 | 2026-09-07 06:02:55
      77 | 2026-09-07 06:01:56
     486 | 2026-09-07 05:57:15
     137 | 2026-09-07 05:56:16
     788 | 2026-09-07 05:55:17
     197 | 2026-09-07 05:50:36
     848 | 2026-09-07 05:49:37
     499 | 2026-09-07 05:48:38
     908 | 2026-09-07 05:43:57
     559 | 2026-09-07 05:42:58
     210 | 2026-09-07 05:41:59
     619 | 2026-09-07 05:37:18
     270 | 2026-09-07 05:36:19
     921 | 2026-09-07 05:35:20
     330 | 2026-09-07 05:30:39
     981 | 2026-09-07 05:29:40
     632 | 2026-09-07 05:28:41
      41 | 2026-09-07 05:24:00
     692 | 2026-09-07 05:23:01
     343 | 2026-09-07 05:22:02
     752 | 2026-09-07 05:17:21
     403 | 2026-09-07 05:16:22
      54 | 2026-09-07 05:15:23
     463 | 2026-09-07 05:10:42
     114 | 2026-09-07 05:09:43
     765 | 2026-09-07 05:08:44
     416 | 2026-09-07 05:07:45
     174 | 2026-09-07 05:04:03
     825 | 2026-09-07 05:03:04
     476 | 2026-09-07 05:02:05
     127 | 2026-09-07 05:01:06
     885 | 2026-09-07 04:57:24
     536 | 2026-09-07 04:56:25
     187 | 2026-09-07 04:55:26
     838 | 2026-09-07 04:54:27
     596 | 2026-09-07 04:50:45
     247 | 2026-09-07 04:49:46
     898 | 2026-09-07 04:48:47
     549 | 2026-09-07 04:47:48
     307 | 2026-09-07 04:44:06
     958 | 2026-09-07 04:43:07
     609 | 2026-09-07 04:42:08
     260 | 2026-09-07 04:41:09
      18 | 2026-09-07 04:37:27
     669 | 2026-09-07 04:36:28
     320 | 2026-09-07 04:35:29
     971 | 2026-09-07 04:34:30
     729 | 2026-09-07 04:30:48
     380 | 2026-09-07 04:29:49
      31 | 2026-09-07 04:28:50
     682 | 2026-09-07 04:27:51
     440 | 2026-09-07 04:24:09
      91 | 2026-09-07 04:23:10
     742 | 2026-09-07 04:22:11
     393 | 2026-09-07 04:21:12
     802 | 2026-09-07 04:16:31
     453 | 2026-09-07 04:15:32
     104 | 2026-09-07 04:14:33
     513 | 2026-09-07 04:09:52
     164 | 2026-09-07 04:08:53
     815 | 2026-09-07 04:07:54
     224 | 2026-09-07 04:03:13
     875 | 2026-09-07 04:02:14
     526 | 2026-09-07 04:01:15
     935 | 2026-09-07 03:56:34
     586 | 2026-09-07 03:55:35
     237 | 2026-09-07 03:54:36
     646 | 2026-09-07 03:49:55
     297 | 2026-09-07 03:48:56
     948 | 2026-09-07 03:47:57
     357 | 2026-09-07 03:43:16
       8 | 2026-09-07 03:42:17
     659 | 2026-09-07 03:41:18
      68 | 2026-09-07 03:36:37
     719 | 2026-09-07 03:35:38
     370 | 2026-09-07 03:34:39
     779 | 2026-09-07 03:29:58
     430 | 2026-09-07 03:28:59
      81 | 2026-09-07 03:28:00
     490 | 2026-09-07 03:23:19
     141 | 2026-09-07 03:22:20
     792 | 2026-09-07 03:21:21
     201 | 2026-09-07 03:16:40
     852 | 2026-09-07 03:15:41
     503 | 2026-09-07 03:14:42
     912 | 2026-09-07 03:10:01
     563 | 2026-09-07 03:09:02
     214 | 2026-09-07 03:08:03
     623 | 2026-09-07 03:03:22
     274 | 2026-09-07 03:02:23
     925 | 2026-09-07 03:01:24
     334 | 2026-09-07 02:56:43
     985 | 2026-09-07 02:55:44
     636 | 2026-09-07 02:54:45
      45 | 2026-09-07 02:50:04
     696 | 2026-09-07 02:49:05
     347 | 2026-09-07 02:48:06
     756 | 2026-09-07 02:43:25
     407 | 2026-09-07 02:42:26
      58 | 2026-09-07 02:41:27
     467 | 2026-09-07 02:36:46
     118 | 2026-09-07 02:35:47
     769 | 2026-09-07 02:34:48
     178 | 2026-09-07 02:30:07
     829 | 2026-09-07 02:29:08
     480 | 2026-09-07 02:28:09
     889 | 2026-09-07 02:23:28
     540 | 2026-09-07 02:22:29
     191 | 2026-09-07 02:21:30
     600 | 2026-09-07 02:16:49
     251 | 2026-09-07 02:15:50
     902 | 2026-09-07 02:14:51
     553 | 2026-09-07 02:13:52
     311 | 2026-09-07 02:10:10
     962 | 2026-09-07 02:09:11
     613 | 2026-09-07 02:08:12
     264 | 2026-09-07 02:07:13
      22 | 2026-09-07 02:03:31
     673 | 2026-09-07 02:02:32
     324 | 2026-09-07 02:01:33
     975 | 2026-09-07 02:00:34
     733 | 2026-09-07 01:56:52
     384 | 2026-09-07 01:55:53
      35 | 2026-09-07 01:54:54
     686 | 2026-09-07 01:53:55
     444 | 2026-09-07 01:50:13
      95 | 2026-09-07 01:49:14
     746 | 2026-09-07 01:48:15
     397 | 2026-09-07 01:47:16
     155 | 2026-09-07 01:43:34
     806 | 2026-09-07 01:42:35
     457 | 2026-09-07 01:41:36
     108 | 2026-09-07 01:40:37
     866 | 2026-09-07 01:36:55
     517 | 2026-09-07 01:35:56
     168 | 2026-09-07 01:34:57
     819 | 2026-09-07 01:33:58
     577 | 2026-09-07 01:30:16
     228 | 2026-09-07 01:29:17
     879 | 2026-09-07 01:28:18
     530 | 2026-09-07 01:27:19
     939 | 2026-09-07 01:22:38
     590 | 2026-09-07 01:21:39
     241 | 2026-09-07 01:20:40
     650 | 2026-09-07 01:15:59
     301 | 2026-09-07 01:15:00
     952 | 2026-09-07 01:14:01
     361 | 2026-09-07 01:09:20
      12 | 2026-09-07 01:08:21
     663 | 2026-09-07 01:07:22
      72 | 2026-09-07 01:02:41
     723 | 2026-09-07 01:01:42
     374 | 2026-09-07 01:00:43
     783 | 2026-09-07 00:56:02
     434 | 2026-09-07 00:55:03
      85 | 2026-09-07 00:54:04
     494 | 2026-09-07 00:49:23
     145 | 2026-09-07 00:48:24
     796 | 2026-09-07 00:47:25
     205 | 2026-09-07 00:42:44
     856 | 2026-09-07 00:41:45
     507 | 2026-09-07 00:40:46
     916 | 2026-09-07 00:36:05
     567 | 2026-09-07 00:35:06
     218 | 2026-09-07 00:34:07
     627 | 2026-09-07 00:29:26
     278 | 2026-09-07 00:28:27
     929 | 2026-09-07 00:27:28
     338 | 2026-09-07 00:22:47
     989 | 2026-09-07 00:21:48
     640 | 2026-09-07 00:20:49
      49 | 2026-09-07 00:16:08
     700 | 2026-09-07 00:15:09
     351 | 2026-09-07 00:14:10
     760 | 2026-09-07 00:09:29
     411 | 2026-09-07 00:08:30
      62 | 2026-09-07 00:07:31
     471 | 2026-09-07 00:02:50
     122 | 2026-09-07 00:01:51
     773 | 2026-09-07 00:00:52
     182 | 2026-09-06 23:56:11
     833 | 2026-09-06 23:55:12
     484 | 2026-09-06 23:54:13
     893 | 2026-09-06 23:49:32
     544 | 2026-09-06 23:48:33
     195 | 2026-09-06 23:47:34
     604 | 2026-09-06 23:42:53
     255 | 2026-09-06 23:41:54
     906 | 2026-09-06 23:40:55
     315 | 2026-09-06 23:36:14
     966 | 2026-09-06 23:35:15
     617 | 2026-09-06 23:34:16
      26 | 2026-09-06 23:29:35
     677 | 2026-09-06 23:28:36
     328 | 2026-09-06 23:27:37
     737 | 2026-09-06 23:22:56
     388 | 2026-09-06 23:21:57
      39 | 2026-09-06 23:20:58
     690 | 2026-09-06 23:19:59
     448 | 2026-09-06 23:16:17
      99 | 2026-09-06 23:15:18
     750 | 2026-09-06 23:14:19
     401 | 2026-09-06 23:13:20
     159 | 2026-09-06 23:09:38
     810 | 2026-09-06 23:08:39
     461 | 2026-09-06 23:07:40
     112 | 2026-09-06 23:06:41
     870 | 2026-09-06 23:02:59
     521 | 2026-09-06 23:02:00
     172 | 2026-09-06 23:01:01
     823 | 2026-09-06 23:00:02
     581 | 2026-09-06 22:56:20
     232 | 2026-09-06 22:55:21
     883 | 2026-09-06 22:54:22
     534 | 2026-09-06 22:53:23
     292 | 2026-09-06 22:49:41
     943 | 2026-09-06 22:48:42
     594 | 2026-09-06 22:47:43
     245 | 2026-09-06 22:46:44
       3 | 2026-09-06 22:43:02
     654 | 2026-09-06 22:42:03
     305 | 2026-09-06 22:41:04
     956 | 2026-09-06 22:40:05
     714 | 2026-09-06 22:36:23
     365 | 2026-09-06 22:35:24
      16 | 2026-09-06 22:34:25
     667 | 2026-09-06 22:33:26
      76 | 2026-09-06 22:28:45
     727 | 2026-09-06 22:27:46
     378 | 2026-09-06 22:26:47
     787 | 2026-09-06 22:22:06
     438 | 2026-09-06 22:21:07
      89 | 2026-09-06 22:20:08
     498 | 2026-09-06 22:15:27
     149 | 2026-09-06 22:14:28
     800 | 2026-09-06 22:13:29
     209 | 2026-09-06 22:08:48
     860 | 2026-09-06 22:07:49
     511 | 2026-09-06 22:06:50
     920 | 2026-09-06 22:02:09
     571 | 2026-09-06 22:01:10
     222 | 2026-09-06 22:00:11
     631 | 2026-09-06 21:55:30
     282 | 2026-09-06 21:54:31
     933 | 2026-09-06 21:53:32
     342 | 2026-09-06 21:48:51
     993 | 2026-09-06 21:47:52
     644 | 2026-09-06 21:46:53
      53 | 2026-09-06 21:42:12
     704 | 2026-09-06 21:41:13
     355 | 2026-09-06 21:40:14
     764 | 2026-09-06 21:35:33
     415 | 2026-09-06 21:34:34
      66 | 2026-09-06 21:33:35
     475 | 2026-09-06 21:28:54
     126 | 2026-09-06 21:27:55
     777 | 2026-09-06 21:26:56
     186 | 2026-09-06 21:22:15
     837 | 2026-09-06 21:21:16
     488 | 2026-09-06 21:20:17
     897 | 2026-09-06 21:15:36
     548 | 2026-09-06 21:14:37
     199 | 2026-09-06 21:13:38
     608 | 2026-09-06 21:08:57
     259 | 2026-09-06 21:07:58
     910 | 2026-09-06 21:06:59
     319 | 2026-09-06 21:02:18
     970 | 2026-09-06 21:01:19
     621 | 2026-09-06 21:00:20
      30 | 2026-09-06 20:55:39
     681 | 2026-09-06 20:54:40
     332 | 2026-09-06 20:53:41
     741 | 2026-09-06 20:49:00
     392 | 2026-09-06 20:48:01
      43 | 2026-09-06 20:47:02
     452 | 2026-09-06 20:42:21
     103 | 2026-09-06 20:41:22
     754 | 2026-09-06 20:40:23
     163 | 2026-09-06 20:35:42
     814 | 2026-09-06 20:34:43
     465 | 2026-09-06 20:33:44
     874 | 2026-09-06 20:29:03
     525 | 2026-09-06 20:28:04
     176 | 2026-09-06 20:27:05
     827 | 2026-09-06 20:26:06
     585 | 2026-09-06 20:22:24
     236 | 2026-09-06 20:21:25
     887 | 2026-09-06 20:20:26
     538 | 2026-09-06 20:19:27
     296 | 2026-09-06 20:15:45
     947 | 2026-09-06 20:14:46
     598 | 2026-09-06 20:13:47
     249 | 2026-09-06 20:12:48
       7 | 2026-09-06 20:09:06
     658 | 2026-09-06 20:08:07
     309 | 2026-09-06 20:07:08
     960 | 2026-09-06 20:06:09
     718 | 2026-09-06 20:02:27
     369 | 2026-09-06 20:01:28
      20 | 2026-09-06 20:00:29
     671 | 2026-09-06 19:59:30
     429 | 2026-09-06 19:55:48
      80 | 2026-09-06 19:54:49
     731 | 2026-09-06 19:53:50
     382 | 2026-09-06 19:52:51
     140 | 2026-09-06 19:49:09
     791 | 2026-09-06 19:48:10
     442 | 2026-09-06 19:47:11
      93 | 2026-09-06 19:46:12
     851 | 2026-09-06 19:42:30
     502 | 2026-09-06 19:41:31
     153 | 2026-09-06 19:40:32
     804 | 2026-09-06 19:39:33
     213 | 2026-09-06 19:34:52
     864 | 2026-09-06 19:33:53
     515 | 2026-09-06 19:32:54
     924 | 2026-09-06 19:28:13
     575 | 2026-09-06 19:27:14
     226 | 2026-09-06 19:26:15
     635 | 2026-09-06 19:21:34
     286 | 2026-09-06 19:20:35
     937 | 2026-09-06 19:19:36
     346 | 2026-09-06 19:14:55
     997 | 2026-09-06 19:13:56
     648 | 2026-09-06 19:12:57
      57 | 2026-09-06 19:08:16
     708 | 2026-09-06 19:07:17
     359 | 2026-09-06 19:06:18
     768 | 2026-09-06 19:01:37
     419 | 2026-09-06 19:00:38
      70 | 2026-09-06 18:59:39
     479 | 2026-09-06 18:54:58
     130 | 2026-09-06 18:53:59
     781 | 2026-09-06 18:53:00
     190 | 2026-09-06 18:48:19
     841 | 2026-09-06 18:47:20
     492 | 2026-09-06 18:46:21
     901 | 2026-09-06 18:41:40
     552 | 2026-09-06 18:40:41
     203 | 2026-09-06 18:39:42
     612 | 2026-09-06 18:35:01
     263 | 2026-09-06 18:34:02
     914 | 2026-09-06 18:33:03
     323 | 2026-09-06 18:28:22
     974 | 2026-09-06 18:27:23
     625 | 2026-09-06 18:26:24
      34 | 2026-09-06 18:21:43
     685 | 2026-09-06 18:20:44
     336 | 2026-09-06 18:19:45
     745 | 2026-09-06 18:15:04
     396 | 2026-09-06 18:14:05
      47 | 2026-09-06 18:13:06
     456 | 2026-09-06 18:08:25
     107 | 2026-09-06 18:07:26
     758 | 2026-09-06 18:06:27
     167 | 2026-09-06 18:01:46
     818 | 2026-09-06 18:00:47
     469 | 2026-09-06 17:59:48
     878 | 2026-09-06 17:55:07
     529 | 2026-09-06 17:54:08
     180 | 2026-09-06 17:53:09
     589 | 2026-09-06 17:48:28
     240 | 2026-09-06 17:47:29
     891 | 2026-09-06 17:46:30
     300 | 2026-09-06 17:41:49
     951 | 2026-09-06 17:40:50
     602 | 2026-09-06 17:39:51
      11 | 2026-09-06 17:35:10
     662 | 2026-09-06 17:34:11
     313 | 2026-09-06 17:33:12
     964 | 2026-09-06 17:32:13
     722 | 2026-09-06 17:28:31
     373 | 2026-09-06 17:27:32
      24 | 2026-09-06 17:26:33
     675 | 2026-09-06 17:25:34
     433 | 2026-09-06 17:21:52
      84 | 2026-09-06 17:20:53
     735 | 2026-09-06 17:19:54
     386 | 2026-09-06 17:18:55
     144 | 2026-09-06 17:15:13
     795 | 2026-09-06 17:14:14
     446 | 2026-09-06 17:13:15
      97 | 2026-09-06 17:12:16
     855 | 2026-09-06 17:08:34
     506 | 2026-09-06 17:07:35
     157 | 2026-09-06 17:06:36
     808 | 2026-09-06 17:05:37
     566 | 2026-09-06 17:01:55
     217 | 2026-09-06 17:00:56
     868 | 2026-09-06 16:59:57
     519 | 2026-09-06 16:58:58
     277 | 2026-09-06 16:55:16
     928 | 2026-09-06 16:54:17
     579 | 2026-09-06 16:53:18
     230 | 2026-09-06 16:52:19
     988 | 2026-09-06 16:48:37
     639 | 2026-09-06 16:47:38
     290 | 2026-09-06 16:46:39
     941 | 2026-09-06 16:45:40
     350 | 2026-09-06 16:40:59
       1 | 2026-09-06 16:40:00
     652 | 2026-09-06 16:39:01
      61 | 2026-09-06 16:34:20
     712 | 2026-09-06 16:33:21
     363 | 2026-09-06 16:32:22
     772 | 2026-09-06 16:27:41
     423 | 2026-09-06 16:26:42
      74 | 2026-09-06 16:25:43
     483 | 2026-09-06 16:21:02
     134 | 2026-09-06 16:20:03
     785 | 2026-09-06 16:19:04
     194 | 2026-09-06 16:14:23
     845 | 2026-09-06 16:13:24
     496 | 2026-09-06 16:12:25
     905 | 2026-09-06 16:07:44
     556 | 2026-09-06 16:06:45
     207 | 2026-09-06 16:05:46
     616 | 2026-09-06 16:01:05
     267 | 2026-09-06 16:00:06
     918 | 2026-09-06 15:59:07
     327 | 2026-09-06 15:54:26
     978 | 2026-09-06 15:53:27
     629 | 2026-09-06 15:52:28
      38 | 2026-09-06 15:47:47
     689 | 2026-09-06 15:46:48
     340 | 2026-09-06 15:45:49
     749 | 2026-09-06 15:41:08
     400 | 2026-09-06 15:40:09
      51 | 2026-09-06 15:39:10
     460 | 2026-09-06 15:34:29
     111 | 2026-09-06 15:33:30
     762 | 2026-09-06 15:32:31
     171 | 2026-09-06 15:27:50
     822 | 2026-09-06 15:26:51
     473 | 2026-09-06 15:25:52
     882 | 2026-09-06 15:21:11
     533 | 2026-09-06 15:20:12
     184 | 2026-09-06 15:19:13
     593 | 2026-09-06 15:14:32
     244 | 2026-09-06 15:13:33
     895 | 2026-09-06 15:12:34
     304 | 2026-09-06 15:07:53
     955 | 2026-09-06 15:06:54
     606 | 2026-09-06 15:05:55
      15 | 2026-09-06 15:01:14
     666 | 2026-09-06 15:00:15
     317 | 2026-09-06 14:59:16
     726 | 2026-09-06 14:54:35
     377 | 2026-09-06 14:53:36
      28 | 2026-09-06 14:52:37
     437 | 2026-09-06 14:47:56
      88 | 2026-09-06 14:46:57
     739 | 2026-09-06 14:45:58
     148 | 2026-09-06 14:41:17
     799 | 2026-09-06 14:40:18
     450 | 2026-09-06 14:39:19
     101 | 2026-09-06 14:38:20
     859 | 2026-09-06 14:34:38
     510 | 2026-09-06 14:33:39
     161 | 2026-09-06 14:32:40
     812 | 2026-09-06 14:31:41
     570 | 2026-09-06 14:27:59
     221 | 2026-09-06 14:27:00
     872 | 2026-09-06 14:26:01
     523 | 2026-09-06 14:25:02
     281 | 2026-09-06 14:21:20
     932 | 2026-09-06 14:20:21
     583 | 2026-09-06 14:19:22
     234 | 2026-09-06 14:18:23
     992 | 2026-09-06 14:14:41
     643 | 2026-09-06 14:13:42
     294 | 2026-09-06 14:12:43
     945 | 2026-09-06 14:11:44
     703 | 2026-09-06 14:08:02
     354 | 2026-09-06 14:07:03
       5 | 2026-09-06 14:06:04
     656 | 2026-09-06 14:05:05
     414 | 2026-09-06 14:01:23
      65 | 2026-09-06 14:00:24
     716 | 2026-09-06 13:59:25
     367 | 2026-09-06 13:58:26
     125 | 2026-09-06 13:54:44
     776 | 2026-09-06 13:53:45
     427 | 2026-09-06 13:52:46
      78 | 2026-09-06 13:51:47
     487 | 2026-09-06 13:47:06
     138 | 2026-09-06 13:46:07
     789 | 2026-09-06 13:45:08
     198 | 2026-09-06 13:40:27
     849 | 2026-09-06 13:39:28
     500 | 2026-09-06 13:38:29
     909 | 2026-09-06 13:33:48
     560 | 2026-09-06 13:32:49
     211 | 2026-09-06 13:31:50
     620 | 2026-09-06 13:27:09
     271 | 2026-09-06 13:26:10
     922 | 2026-09-06 13:25:11
     331 | 2026-09-06 13:20:30
     982 | 2026-09-06 13:19:31
     633 | 2026-09-06 13:18:32
      42 | 2026-09-06 13:13:51
     693 | 2026-09-06 13:12:52
     344 | 2026-09-06 13:11:53
     753 | 2026-09-06 13:07:12
     404 | 2026-09-06 13:06:13
      55 | 2026-09-06 13:05:14
     464 | 2026-09-06 13:00:33
     115 | 2026-09-06 12:59:34
     766 | 2026-09-06 12:58:35
     175 | 2026-09-06 12:53:54
     826 | 2026-09-06 12:52:55
     477 | 2026-09-06 12:51:56
     886 | 2026-09-06 12:47:15
     537 | 2026-09-06 12:46:16
     188 | 2026-09-06 12:45:17
     597 | 2026-09-06 12:40:36
     248 | 2026-09-06 12:39:37
     899 | 2026-09-06 12:38:38
     308 | 2026-09-06 12:33:57
     959 | 2026-09-06 12:32:58
     610 | 2026-09-06 12:31:59
      19 | 2026-09-06 12:27:18
     670 | 2026-09-06 12:26:19
     321 | 2026-09-06 12:25:20
     730 | 2026-09-06 12:20:39
     381 | 2026-09-06 12:19:40
      32 | 2026-09-06 12:18:41
     441 | 2026-09-06 12:14:00
      92 | 2026-09-06 12:13:01
     743 | 2026-09-06 12:12:02
     152 | 2026-09-06 12:07:21
     803 | 2026-09-06 12:06:22
     454 | 2026-09-06 12:05:23
     863 | 2026-09-06 12:00:42
     514 | 2026-09-06 11:59:43
     165 | 2026-09-06 11:58:44
     574 | 2026-09-06 11:54:03
     225 | 2026-09-06 11:53:04
     876 | 2026-09-06 11:52:05
     285 | 2026-09-06 11:47:24
     936 | 2026-09-06 11:46:25
     587 | 2026-09-06 11:45:26
     238 | 2026-09-06 11:44:27
     996 | 2026-09-06 11:40:45
     647 | 2026-09-06 11:39:46
     298 | 2026-09-06 11:38:47
     949 | 2026-09-06 11:37:48
     707 | 2026-09-06 11:34:06
     358 | 2026-09-06 11:33:07
       9 | 2026-09-06 11:32:08
     660 | 2026-09-06 11:31:09
     418 | 2026-09-06 11:27:27
      69 | 2026-09-06 11:26:28
     720 | 2026-09-06 11:25:29
     371 | 2026-09-06 11:24:30
     129 | 2026-09-06 11:20:48
     780 | 2026-09-06 11:19:49
     431 | 2026-09-06 11:18:50
      82 | 2026-09-06 11:17:51
     840 | 2026-09-06 11:14:09
     491 | 2026-09-06 11:13:10
     142 | 2026-09-06 11:12:11
     793 | 2026-09-06 11:11:12
     551 | 2026-09-06 11:07:30
     202 | 2026-09-06 11:06:31
     853 | 2026-09-06 11:05:32
     504 | 2026-09-06 11:04:33
     262 | 2026-09-06 11:00:51
     913 | 2026-09-06 10:59:52
     564 | 2026-09-06 10:58:53
     215 | 2026-09-06 10:57:54
     624 | 2026-09-06 10:53:13
     275 | 2026-09-06 10:52:14
     926 | 2026-09-06 10:51:15
     335 | 2026-09-06 10:46:34
     986 | 2026-09-06 10:45:35
     637 | 2026-09-06 10:44:36
      46 | 2026-09-06 10:39:55
     697 | 2026-09-06 10:38:56
     348 | 2026-09-06 10:37:57
     757 | 2026-09-06 10:33:16
     408 | 2026-09-06 10:32:17
      59 | 2026-09-06 10:31:18
     468 | 2026-09-06 10:26:37
     119 | 2026-09-06 10:25:38
     770 | 2026-09-06 10:24:39
     179 | 2026-09-06 10:19:58
     830 | 2026-09-06 10:18:59
     481 | 2026-09-06 10:18:00
     890 | 2026-09-06 10:13:19
     541 | 2026-09-06 10:12:20
     192 | 2026-09-06 10:11:21
     601 | 2026-09-06 10:06:40
     252 | 2026-09-06 10:05:41
     903 | 2026-09-06 10:04:42
     312 | 2026-09-06 10:00:01
     963 | 2026-09-06 09:59:02
     614 | 2026-09-06 09:58:03
      23 | 2026-09-06 09:53:22
     674 | 2026-09-06 09:52:23
     325 | 2026-09-06 09:51:24
     734 | 2026-09-06 09:46:43
     385 | 2026-09-06 09:45:44
      36 | 2026-09-06 09:44:45
     445 | 2026-09-06 09:40:04
      96 | 2026-09-06 09:39:05
     747 | 2026-09-06 09:38:06
     156 | 2026-09-06 09:33:25
     807 | 2026-09-06 09:32:26
     458 | 2026-09-06 09:31:27
     867 | 2026-09-06 09:26:46
     518 | 2026-09-06 09:25:47
     169 | 2026-09-06 09:24:48
     578 | 2026-09-06 09:20:07
     229 | 2026-09-06 09:19:08
     880 | 2026-09-06 09:18:09
     289 | 2026-09-06 09:13:28
     940 | 2026-09-06 09:12:29
     591 | 2026-09-06 09:11:30
    1000 | 2026-09-06 09:06:49
     651 | 2026-09-06 09:05:50
     302 | 2026-09-06 09:04:51
     711 | 2026-09-06 09:00:10
     362 | 2026-09-06 08:59:11
      13 | 2026-09-06 08:58:12
     422 | 2026-09-06 08:53:31
      73 | 2026-09-06 08:52:32
     724 | 2026-09-06 08:51:33
     375 | 2026-09-06 08:50:34
     133 | 2026-09-06 08:46:52
     784 | 2026-09-06 08:45:53
     435 | 2026-09-06 08:44:54
      86 | 2026-09-06 08:43:55
     844 | 2026-09-06 08:40:13
     495 | 2026-09-06 08:39:14
     146 | 2026-09-06 08:38:15
     797 | 2026-09-06 08:37:16
     555 | 2026-09-06 08:33:34
     206 | 2026-09-06 08:32:35
     857 | 2026-09-06 08:31:36
     508 | 2026-09-06 08:30:37
     266 | 2026-09-06 08:26:55
     917 | 2026-09-06 08:25:56
     568 | 2026-09-06 08:24:57
     219 | 2026-09-06 08:23:58
     977 | 2026-09-06 08:20:16
     628 | 2026-09-06 08:19:17
     279 | 2026-09-06 08:18:18
     930 | 2026-09-06 08:17:19
     688 | 2026-09-06 08:13:37
     339 | 2026-09-06 08:12:38
     990 | 2026-09-06 08:11:39
     641 | 2026-09-06 08:10:40
     399 | 2026-09-06 08:06:58
      50 | 2026-09-06 08:05:59
     701 | 2026-09-06 08:05:00
     352 | 2026-09-06 08:04:01
     110 | 2026-09-06 08:00:19
     761 | 2026-09-06 07:59:20
     412 | 2026-09-06 07:58:21
      63 | 2026-09-06 07:57:22
     472 | 2026-09-06 07:52:41
     123 | 2026-09-06 07:51:42
     774 | 2026-09-06 07:50:43
     183 | 2026-09-06 07:46:02
     834 | 2026-09-06 07:45:03
     485 | 2026-09-06 07:44:04
     894 | 2026-09-06 07:39:23
     545 | 2026-09-06 07:38:24
     196 | 2026-09-06 07:37:25
     605 | 2026-09-06 07:32:44
     256 | 2026-09-06 07:31:45
     907 | 2026-09-06 07:30:46
     316 | 2026-09-06 07:26:05
     967 | 2026-09-06 07:25:06
     618 | 2026-09-06 07:24:07
      27 | 2026-09-06 07:19:26
     678 | 2026-09-06 07:18:27
     329 | 2026-09-06 07:17:28
     738 | 2026-09-06 07:12:47
     389 | 2026-09-06 07:11:48
      40 | 2026-09-06 07:10:49
     449 | 2026-09-06 07:06:08
     100 | 2026-09-06 07:05:09
     751 | 2026-09-06 07:04:10
     160 | 2026-09-06 06:59:29
     811 | 2026-09-06 06:58:30
     462 | 2026-09-06 06:57:31
     871 | 2026-09-06 06:52:50
     522 | 2026-09-06 06:51:51
     173 | 2026-09-06 06:50:52
     582 | 2026-09-06 06:46:11
     233 | 2026-09-06 06:45:12
     884 | 2026-09-06 06:44:13
     293 | 2026-09-06 06:39:32
     944 | 2026-09-06 06:38:33
     595 | 2026-09-06 06:37:34
       4 | 2026-09-06 06:32:53
     655 | 2026-09-06 06:31:54
     306 | 2026-09-06 06:30:55
     715 | 2026-09-06 06:26:14
     366 | 2026-09-06 06:25:15
      17 | 2026-09-06 06:24:16
     426 | 2026-09-06 06:19:35
      77 | 2026-09-06 06:18:36
     728 | 2026-09-06 06:17:37
     137 | 2026-09-06 06:12:56
     788 | 2026-09-06 06:11:57
     439 | 2026-09-06 06:10:58
     848 | 2026-09-06 06:06:17
     499 | 2026-09-06 06:05:18
     150 | 2026-09-06 06:04:19
     559 | 2026-09-06 05:59:38
     210 | 2026-09-06 05:58:39
     861 | 2026-09-06 05:57:40
     512 | 2026-09-06 05:56:41
     270 | 2026-09-06 05:52:59
     921 | 2026-09-06 05:52:00
     572 | 2026-09-06 05:51:01
     223 | 2026-09-06 05:50:02
     981 | 2026-09-06 05:46:20
     632 | 2026-09-06 05:45:21
     283 | 2026-09-06 05:44:22
     934 | 2026-09-06 05:43:23
     692 | 2026-09-06 05:39:41
     343 | 2026-09-06 05:38:42
     994 | 2026-09-06 05:37:43
     645 | 2026-09-06 05:36:44
     403 | 2026-09-06 05:33:02
      54 | 2026-09-06 05:32:03
     705 | 2026-09-06 05:31:04
     356 | 2026-09-06 05:30:05
     114 | 2026-09-06 05:26:23
     765 | 2026-09-06 05:25:24
     416 | 2026-09-06 05:24:25
      67 | 2026-09-06 05:23:26
     825 | 2026-09-06 05:19:44
     476 | 2026-09-06 05:18:45
     127 | 2026-09-06 05:17:46
     778 | 2026-09-06 05:16:47
     536 | 2026-09-06 05:13:05
     187 | 2026-09-06 05:12:06
     838 | 2026-09-06 05:11:07
     489 | 2026-09-06 05:10:08
     247 | 2026-09-06 05:06:26
     898 | 2026-09-06 05:05:27
     549 | 2026-09-06 05:04:28
     200 | 2026-09-06 05:03:29
     609 | 2026-09-06 04:58:48
     260 | 2026-09-06 04:57:49
     911 | 2026-09-06 04:56:50
     320 | 2026-09-06 04:52:09
     971 | 2026-09-06 04:51:10
     622 | 2026-09-06 04:50:11
      31 | 2026-09-06 04:45:30
     682 | 2026-09-06 04:44:31
     333 | 2026-09-06 04:43:32
     742 | 2026-09-06 04:38:51
     393 | 2026-09-06 04:37:52
      44 | 2026-09-06 04:36:53
     453 | 2026-09-06 04:32:12
     104 | 2026-09-06 04:31:13
     755 | 2026-09-06 04:30:14
     164 | 2026-09-06 04:25:33
     815 | 2026-09-06 04:24:34
     466 | 2026-09-06 04:23:35
     875 | 2026-09-06 04:18:54
     526 | 2026-09-06 04:17:55
     177 | 2026-09-06 04:16:56
     586 | 2026-09-06 04:12:15
     237 | 2026-09-06 04:11:16
     888 | 2026-09-06 04:10:17
     297 | 2026-09-06 04:05:36
     948 | 2026-09-06 04:04:37
     599 | 2026-09-06 04:03:38
       8 | 2026-09-06 03:58:57
     659 | 2026-09-06 03:57:58
     310 | 2026-09-06 03:56:59
     719 | 2026-09-06 03:52:18
     370 | 2026-09-06 03:51:19
      21 | 2026-09-06 03:50:20
     430 | 2026-09-06 03:45:39
      81 | 2026-09-06 03:44:40
     732 | 2026-09-06 03:43:41
     141 | 2026-09-06 03:39:00
     792 | 2026-09-06 03:38:01
     443 | 2026-09-06 03:37:02
     852 | 2026-09-06 03:32:21
     503 | 2026-09-06 03:31:22
     154 | 2026-09-06 03:30:23
     563 | 2026-09-06 03:25:42
     214 | 2026-09-06 03:24:43
     865 | 2026-09-06 03:23:44
     274 | 2026-09-06 03:19:03
     925 | 2026-09-06 03:18:04
     576 | 2026-09-06 03:17:05
     985 | 2026-09-06 03:12:24
     636 | 2026-09-06 03:11:25
     287 | 2026-09-06 03:10:26
     696 | 2026-09-06 03:05:45
     347 | 2026-09-06 03:04:46
     998 | 2026-09-06 03:03:47
     649 | 2026-09-06 03:02:48
     407 | 2026-09-06 02:59:06
      58 | 2026-09-06 02:58:07
     709 | 2026-09-06 02:57:08
     360 | 2026-09-06 02:56:09
     118 | 2026-09-06 02:52:27
     769 | 2026-09-06 02:51:28
     420 | 2026-09-06 02:50:29
      71 | 2026-09-06 02:49:30
     829 | 2026-09-06 02:45:48
     480 | 2026-09-06 02:44:49
     131 | 2026-09-06 02:43:50
     782 | 2026-09-06 02:42:51
     540 | 2026-09-06 02:39:09
     191 | 2026-09-06 02:38:10
     842 | 2026-09-06 02:37:11
     493 | 2026-09-06 02:36:12
     251 | 2026-09-06 02:32:30
     902 | 2026-09-06 02:31:31
     553 | 2026-09-06 02:30:32
     204 | 2026-09-06 02:29:33
     962 | 2026-09-06 02:25:51
     613 | 2026-09-06 02:24:52
     264 | 2026-09-06 02:23:53
     915 | 2026-09-06 02:22:54
     673 | 2026-09-06 02:19:12
     324 | 2026-09-06 02:18:13
     975 | 2026-09-06 02:17:14
     626 | 2026-09-06 02:16:15
     384 | 2026-09-06 02:12:33
      35 | 2026-09-06 02:11:34
     686 | 2026-09-06 02:10:35
     337 | 2026-09-06 02:09:36
     746 | 2026-09-06 02:04:55
     397 | 2026-09-06 02:03:56
      48 | 2026-09-06 02:02:57
     457 | 2026-09-06 01:58:16
     108 | 2026-09-06 01:57:17
     759 | 2026-09-06 01:56:18
     168 | 2026-09-06 01:51:37
     819 | 2026-09-06 01:50:38
     470 | 2026-09-06 01:49:39
     879 | 2026-09-06 01:44:58
     530 | 2026-09-06 01:43:59
     181 | 2026-09-06 01:43:00
     590 | 2026-09-06 01:38:19
     241 | 2026-09-06 01:37:20
     892 | 2026-09-06 01:36:21
     301 | 2026-09-06 01:31:40
     952 | 2026-09-06 01:30:41
     603 | 2026-09-06 01:29:42
      12 | 2026-09-06 01:25:01
     663 | 2026-09-06 01:24:02
     314 | 2026-09-06 01:23:03
     723 | 2026-09-06 01:18:22
     374 | 2026-09-06 01:17:23
      25 | 2026-09-06 01:16:24
     434 | 2026-09-06 01:11:43
      85 | 2026-09-06 01:10:44
     736 | 2026-09-06 01:09:45
     145 | 2026-09-06 01:05:04
     796 | 2026-09-06 01:04:05
     447 | 2026-09-06 01:03:06
     856 | 2026-09-06 00:58:25
     507 | 2026-09-06 00:57:26
     158 | 2026-09-06 00:56:27
     567 | 2026-09-06 00:51:46
     218 | 2026-09-06 00:50:47
     869 | 2026-09-06 00:49:48
     278 | 2026-09-06 00:45:07
     929 | 2026-09-06 00:44:08
     580 | 2026-09-06 00:43:09
     989 | 2026-09-06 00:38:28
     640 | 2026-09-06 00:37:29
     291 | 2026-09-06 00:36:30
     700 | 2026-09-06 00:31:49
     351 | 2026-09-06 00:30:50
       2 | 2026-09-06 00:29:51
     411 | 2026-09-06 00:25:10
      62 | 2026-09-06 00:24:11
     713 | 2026-09-06 00:23:12
     122 | 2026-09-06 00:18:31
     773 | 2026-09-06 00:17:32
     424 | 2026-09-06 00:16:33
     833 | 2026-09-06 00:11:52
     484 | 2026-09-06 00:10:53
     135 | 2026-09-06 00:09:54
     544 | 2026-09-06 00:05:13
     195 | 2026-09-06 00:04:14
     846 | 2026-09-06 00:03:15
     497 | 2026-09-06 00:02:16
     255 | 2026-09-05 23:58:34
     906 | 2026-09-05 23:57:35
     557 | 2026-09-05 23:56:36
     208 | 2026-09-05 23:55:37
     966 | 2026-09-05 23:51:55
     617 | 2026-09-05 23:50:56
     268 | 2026-09-05 23:49:57
     919 | 2026-09-05 23:48:58
     677 | 2026-09-05 23:45:16
     328 | 2026-09-05 23:44:17
     979 | 2026-09-05 23:43:18
     630 | 2026-09-05 23:42:19
     388 | 2026-09-05 23:38:37
      39 | 2026-09-05 23:37:38
     690 | 2026-09-05 23:36:39
     341 | 2026-09-05 23:35:40
      99 | 2026-09-05 23:31:58
     750 | 2026-09-05 23:30:59
     401 | 2026-09-05 23:30:00
      52 | 2026-09-05 23:29:01
     810 | 2026-09-05 23:25:19
     461 | 2026-09-05 23:24:20
     112 | 2026-09-05 23:23:21
     763 | 2026-09-05 23:22:22
     521 | 2026-09-05 23:18:40
     172 | 2026-09-05 23:17:41
     823 | 2026-09-05 23:16:42
     474 | 2026-09-05 23:15:43
     883 | 2026-09-05 23:11:02
     534 | 2026-09-05 23:10:03
     185 | 2026-09-05 23:09:04
     594 | 2026-09-05 23:04:23
     245 | 2026-09-05 23:03:24
     896 | 2026-09-05 23:02:25
     305 | 2026-09-05 22:57:44
     956 | 2026-09-05 22:56:45
     607 | 2026-09-05 22:55:46
      16 | 2026-09-05 22:51:05
     667 | 2026-09-05 22:50:06
     318 | 2026-09-05 22:49:07
     727 | 2026-09-05 22:44:26
     378 | 2026-09-05 22:43:27
      29 | 2026-09-05 22:42:28
     438 | 2026-09-05 22:37:47
      89 | 2026-09-05 22:36:48
     740 | 2026-09-05 22:35:49
     149 | 2026-09-05 22:31:08
     800 | 2026-09-05 22:30:09
     451 | 2026-09-05 22:29:10
     860 | 2026-09-05 22:24:29
     511 | 2026-09-05 22:23:30
     162 | 2026-09-05 22:22:31
     571 | 2026-09-05 22:17:50
     222 | 2026-09-05 22:16:51
     873 | 2026-09-05 22:15:52
     282 | 2026-09-05 22:11:11
     933 | 2026-09-05 22:10:12
     584 | 2026-09-05 22:09:13
     993 | 2026-09-05 22:04:32
     644 | 2026-09-05 22:03:33
     295 | 2026-09-05 22:02:34
     704 | 2026-09-05 21:57:53
     355 | 2026-09-05 21:56:54
       6 | 2026-09-05 21:55:55
     415 | 2026-09-05 21:51:14
      66 | 2026-09-05 21:50:15
     717 | 2026-09-05 21:49:16
     126 | 2026-09-05 21:44:35
     777 | 2026-09-05 21:43:36
     428 | 2026-09-05 21:42:37
     837 | 2026-09-05 21:37:56
     488 | 2026-09-05 21:36:57
     139 | 2026-09-05 21:35:58
     548 | 2026-09-05 21:31:17
     199 | 2026-09-05 21:30:18
     850 | 2026-09-05 21:29:19
     259 | 2026-09-05 21:24:38
     910 | 2026-09-05 21:23:39
     561 | 2026-09-05 21:22:40
     970 | 2026-09-05 21:17:59
     621 | 2026-09-05 21:17:00
     272 | 2026-09-05 21:16:01
     681 | 2026-09-05 21:11:20
     332 | 2026-09-05 21:10:21
     983 | 2026-09-05 21:09:22
     634 | 2026-09-05 21:08:23
     392 | 2026-09-05 21:04:41
      43 | 2026-09-05 21:03:42
     694 | 2026-09-05 21:02:43
     345 | 2026-09-05 21:01:44
     103 | 2026-09-05 20:58:02
     754 | 2026-09-05 20:57:03
     405 | 2026-09-05 20:56:04
      56 | 2026-09-05 20:55:05
     814 | 2026-09-05 20:51:23
     465 | 2026-09-05 20:50:24
     116 | 2026-09-05 20:49:25
     767 | 2026-09-05 20:48:26
     525 | 2026-09-05 20:44:44
     176 | 2026-09-05 20:43:45
     827 | 2026-09-05 20:42:46
     478 | 2026-09-05 20:41:47
     236 | 2026-09-05 20:38:05
     887 | 2026-09-05 20:37:06
     538 | 2026-09-05 20:36:07
     189 | 2026-09-05 20:35:08
     947 | 2026-09-05 20:31:26
     598 | 2026-09-05 20:30:27
     249 | 2026-09-05 20:29:28
     900 | 2026-09-05 20:28:29
     658 | 2026-09-05 20:24:47
     309 | 2026-09-05 20:23:48
     960 | 2026-09-05 20:22:49
     611 | 2026-09-05 20:21:50
      20 | 2026-09-05 20:17:09
     671 | 2026-09-05 20:16:10
     322 | 2026-09-05 20:15:11
     731 | 2026-09-05 20:10:30
     382 | 2026-09-05 20:09:31
      33 | 2026-09-05 20:08:32
     442 | 2026-09-05 20:03:51
      93 | 2026-09-05 20:02:52
     744 | 2026-09-05 20:01:53
     153 | 2026-09-05 19:57:12
     804 | 2026-09-05 19:56:13
     455 | 2026-09-05 19:55:14
     864 | 2026-09-05 19:50:33
     515 | 2026-09-05 19:49:34
     166 | 2026-09-05 19:48:35
     575 | 2026-09-05 19:43:54
     226 | 2026-09-05 19:42:55
     877 | 2026-09-05 19:41:56
     286 | 2026-09-05 19:37:15
     937 | 2026-09-05 19:36:16
     588 | 2026-09-05 19:35:17
     997 | 2026-09-05 19:30:36
     648 | 2026-09-05 19:29:37
     299 | 2026-09-05 19:28:38
     708 | 2026-09-05 19:23:57
     359 | 2026-09-05 19:22:58
      10 | 2026-09-05 19:21:59
     419 | 2026-09-05 19:17:18
      70 | 2026-09-05 19:16:19
     721 | 2026-09-05 19:15:20
     130 | 2026-09-05 19:10:39
     781 | 2026-09-05 19:09:40
     432 | 2026-09-05 19:08:41
     841 | 2026-09-05 19:04:00
     492 | 2026-09-05 19:03:01
     143 | 2026-09-05 19:02:02
     552 | 2026-09-05 18:57:21
     203 | 2026-09-05 18:56:22
     854 | 2026-09-05 18:55:23
     263 | 2026-09-05 18:50:42
     914 | 2026-09-05 18:49:43
     565 | 2026-09-05 18:48:44
     974 | 2026-09-05 18:44:03
     625 | 2026-09-05 18:43:04
     276 | 2026-09-05 18:42:05
     685 | 2026-09-05 18:37:24
     336 | 2026-09-05 18:36:25
     987 | 2026-09-05 18:35:26
     396 | 2026-09-05 18:30:45
      47 | 2026-09-05 18:29:46
     698 | 2026-09-05 18:28:47
     107 | 2026-09-05 18:24:06
     758 | 2026-09-05 18:23:07
     409 | 2026-09-05 18:22:08
     818 | 2026-09-05 18:17:27
     469 | 2026-09-05 18:16:28
     120 | 2026-09-05 18:15:29
     771 | 2026-09-05 18:14:30
     529 | 2026-09-05 18:10:48
     180 | 2026-09-05 18:09:49
     831 | 2026-09-05 18:08:50
     482 | 2026-09-05 18:07:51
     240 | 2026-09-05 18:04:09
     891 | 2026-09-05 18:03:10
     542 | 2026-09-05 18:02:11
     193 | 2026-09-05 18:01:12
     951 | 2026-09-05 17:57:30
     602 | 2026-09-05 17:56:31
     253 | 2026-09-05 17:55:32
     904 | 2026-09-05 17:54:33
     662 | 2026-09-05 17:50:51
     313 | 2026-09-05 17:49:52
     964 | 2026-09-05 17:48:53
     615 | 2026-09-05 17:47:54
     373 | 2026-09-05 17:44:12
      24 | 2026-09-05 17:43:13
     675 | 2026-09-05 17:42:14
     326 | 2026-09-05 17:41:15
      84 | 2026-09-05 17:37:33
     735 | 2026-09-05 17:36:34
     386 | 2026-09-05 17:35:35
      37 | 2026-09-05 17:34:36
     795 | 2026-09-05 17:30:54
     446 | 2026-09-05 17:29:55
      97 | 2026-09-05 17:28:56
     748 | 2026-09-05 17:27:57
     157 | 2026-09-05 17:23:16
     808 | 2026-09-05 17:22:17
     459 | 2026-09-05 17:21:18
     868 | 2026-09-05 17:16:37
     519 | 2026-09-05 17:15:38
     170 | 2026-09-05 17:14:39
     579 | 2026-09-05 17:09:58
     230 | 2026-09-05 17:08:59
     881 | 2026-09-05 17:08:00
     290 | 2026-09-05 17:03:19
     941 | 2026-09-05 17:02:20
     592 | 2026-09-05 17:01:21
       1 | 2026-09-05 16:56:40
     652 | 2026-09-05 16:55:41
     303 | 2026-09-05 16:54:42
     712 | 2026-09-05 16:50:01
     363 | 2026-09-05 16:49:02
      14 | 2026-09-05 16:48:03
     423 | 2026-09-05 16:43:22
      74 | 2026-09-05 16:42:23
     725 | 2026-09-05 16:41:24
     134 | 2026-09-05 16:36:43
     785 | 2026-09-05 16:35:44
     436 | 2026-09-05 16:34:45
     845 | 2026-09-05 16:30:04
     496 | 2026-09-05 16:29:05
     147 | 2026-09-05 16:28:06
     556 | 2026-09-05 16:23:25
     207 | 2026-09-05 16:22:26
     858 | 2026-09-05 16:21:27
     267 | 2026-09-05 16:16:46
     918 | 2026-09-05 16:15:47
     569 | 2026-09-05 16:14:48
     978 | 2026-09-05 16:10:07
     629 | 2026-09-05 16:09:08
     280 | 2026-09-05 16:08:09
     689 | 2026-09-05 16:03:28
     340 | 2026-09-05 16:02:29
     991 | 2026-09-05 16:01:30
     400 | 2026-09-05 15:56:49
      51 | 2026-09-05 15:55:50
     702 | 2026-09-05 15:54:51
     111 | 2026-09-05 15:50:10
     762 | 2026-09-05 15:49:11
     413 | 2026-09-05 15:48:12
     822 | 2026-09-05 15:43:31
     473 | 2026-09-05 15:42:32
     124 | 2026-09-05 15:41:33
     533 | 2026-09-05 15:36:52
     184 | 2026-09-05 15:35:53
     835 | 2026-09-05 15:34:54
     244 | 2026-09-05 15:30:13
     895 | 2026-09-05 15:29:14
     546 | 2026-09-05 15:28:15
     955 | 2026-09-05 15:23:34
     606 | 2026-09-05 15:22:35
     257 | 2026-09-05 15:21:36
     908 | 2026-09-05 15:20:37
     666 | 2026-09-05 15:16:55
     317 | 2026-09-05 15:15:56
     968 | 2026-09-05 15:14:57
     619 | 2026-09-05 15:13:58
     377 | 2026-09-05 15:10:16
      28 | 2026-09-05 15:09:17
     679 | 2026-09-05 15:08:18
     330 | 2026-09-05 15:07:19
      88 | 2026-09-05 15:03:37
     739 | 2026-09-05 15:02:38
     390 | 2026-09-05 15:01:39
      41 | 2026-09-05 15:00:40
     799 | 2026-09-05 14:56:58
     450 | 2026-09-05 14:55:59
     101 | 2026-09-05 14:55:00
     752 | 2026-09-05 14:54:01
     510 | 2026-09-05 14:50:19
     161 | 2026-09-05 14:49:20
     812 | 2026-09-05 14:48:21
     463 | 2026-09-05 14:47:22
     221 | 2026-09-05 14:43:40
     872 | 2026-09-05 14:42:41
     523 | 2026-09-05 14:41:42
     174 | 2026-09-05 14:40:43
     932 | 2026-09-05 14:37:01
     583 | 2026-09-05 14:36:02
     234 | 2026-09-05 14:35:03
     885 | 2026-09-05 14:34:04
     294 | 2026-09-05 14:29:23
     945 | 2026-09-05 14:28:24
     596 | 2026-09-05 14:27:25
       5 | 2026-09-05 14:22:44
     656 | 2026-09-05 14:21:45
     307 | 2026-09-05 14:20:46
     716 | 2026-09-05 14:16:05
     367 | 2026-09-05 14:15:06
      18 | 2026-09-05 14:14:07
     427 | 2026-09-05 14:09:26
      78 | 2026-09-05 14:08:27
     729 | 2026-09-05 14:07:28
     138 | 2026-09-05 14:02:47
     789 | 2026-09-05 14:01:48
     440 | 2026-09-05 14:00:49
     849 | 2026-09-05 13:56:08
     500 | 2026-09-05 13:55:09
     151 | 2026-09-05 13:54:10
     560 | 2026-09-05 13:49:29
     211 | 2026-09-05 13:48:30
     862 | 2026-09-05 13:47:31
     271 | 2026-09-05 13:42:50
     922 | 2026-09-05 13:41:51
     573 | 2026-09-05 13:40:52
     982 | 2026-09-05 13:36:11
     633 | 2026-09-05 13:35:12
     284 | 2026-09-05 13:34:13
     693 | 2026-09-05 13:29:32
     344 | 2026-09-05 13:28:33
     995 | 2026-09-05 13:27:34
     404 | 2026-09-05 13:22:53
      55 | 2026-09-05 13:21:54
     706 | 2026-09-05 13:20:55
     115 | 2026-09-05 13:16:14
     766 | 2026-09-05 13:15:15
     417 | 2026-09-05 13:14:16
     826 | 2026-09-05 13:09:35
     477 | 2026-09-05 13:08:36
     128 | 2026-09-05 13:07:37
     537 | 2026-09-05 13:02:56
     188 | 2026-09-05 13:01:57
     839 | 2026-09-05 13:00:58
     248 | 2026-09-05 12:56:17
     899 | 2026-09-05 12:55:18
     550 | 2026-09-05 12:54:19
     959 | 2026-09-05 12:49:38
     610 | 2026-09-05 12:48:39
     261 | 2026-09-05 12:47:40
     670 | 2026-09-05 12:42:59
     321 | 2026-09-05 12:42:00
     972 | 2026-09-05 12:41:01
     381 | 2026-09-05 12:36:20
      32 | 2026-09-05 12:35:21
     683 | 2026-09-05 12:34:22
      92 | 2026-09-05 12:29:41
     743 | 2026-09-05 12:28:42
     394 | 2026-09-05 12:27:43
      45 | 2026-09-05 12:26:44
     803 | 2026-09-05 12:23:02
     454 | 2026-09-05 12:22:03
     105 | 2026-09-05 12:21:04
     756 | 2026-09-05 12:20:05
     514 | 2026-09-05 12:16:23
     165 | 2026-09-05 12:15:24
     816 | 2026-09-05 12:14:25
     467 | 2026-09-05 12:13:26
     225 | 2026-09-05 12:09:44
     876 | 2026-09-05 12:08:45
     527 | 2026-09-05 12:07:46
     178 | 2026-09-05 12:06:47
     936 | 2026-09-05 12:03:05
     587 | 2026-09-05 12:02:06
     238 | 2026-09-05 12:01:07
     889 | 2026-09-05 12:00:08
     647 | 2026-09-05 11:56:26
     298 | 2026-09-05 11:55:27
     949 | 2026-09-05 11:54:28
     600 | 2026-09-05 11:53:29
     358 | 2026-09-05 11:49:47
       9 | 2026-09-05 11:48:48
     660 | 2026-09-05 11:47:49
     311 | 2026-09-05 11:46:50
      69 | 2026-09-05 11:43:08
     720 | 2026-09-05 11:42:09
     371 | 2026-09-05 11:41:10
      22 | 2026-09-05 11:40:11
     431 | 2026-09-05 11:35:30
      82 | 2026-09-05 11:34:31
     733 | 2026-09-05 11:33:32
     142 | 2026-09-05 11:28:51
     793 | 2026-09-05 11:27:52
     444 | 2026-09-05 11:26:53
     853 | 2026-09-05 11:22:12
     504 | 2026-09-05 11:21:13
     155 | 2026-09-05 11:20:14
     564 | 2026-09-05 11:15:33
     215 | 2026-09-05 11:14:34
     866 | 2026-09-05 11:13:35
     275 | 2026-09-05 11:08:54
     926 | 2026-09-05 11:07:55
     577 | 2026-09-05 11:06:56
     986 | 2026-09-05 11:02:15
     637 | 2026-09-05 11:01:16
     288 | 2026-09-05 11:00:17
     697 | 2026-09-05 10:55:36
     348 | 2026-09-05 10:54:37
     999 | 2026-09-05 10:53:38
     408 | 2026-09-05 10:48:57
      59 | 2026-09-05 10:47:58
     710 | 2026-09-05 10:46:59
     119 | 2026-09-05 10:42:18
     770 | 2026-09-05 10:41:19
     421 | 2026-09-05 10:40:20
     830 | 2026-09-05 10:35:39
     481 | 2026-09-05 10:34:40
     132 | 2026-09-05 10:33:41
     541 | 2026-09-05 10:29:00
     192 | 2026-09-05 10:28:01
     843 | 2026-09-05 10:27:02
     252 | 2026-09-05 10:22:21
     903 | 2026-09-05 10:21:22
     554 | 2026-09-05 10:20:23
     963 | 2026-09-05 10:15:42
     614 | 2026-09-05 10:14:43
     265 | 2026-09-05 10:13:44
     674 | 2026-09-05 10:09:03
     325 | 2026-09-05 10:08:04
     976 | 2026-09-05 10:07:05
     385 | 2026-09-05 10:02:24
      36 | 2026-09-05 10:01:25
     687 | 2026-09-05 10:00:26
      96 | 2026-09-05 09:55:45
     747 | 2026-09-05 09:54:46
     398 | 2026-09-05 09:53:47
     807 | 2026-09-05 09:49:06
     458 | 2026-09-05 09:48:07
     109 | 2026-09-05 09:47:08
     518 | 2026-09-05 09:42:27
     169 | 2026-09-05 09:41:28
     820 | 2026-09-05 09:40:29
     229 | 2026-09-05 09:35:48
     880 | 2026-09-05 09:34:49
     531 | 2026-09-05 09:33:50
     182 | 2026-09-05 09:32:51
     940 | 2026-09-05 09:29:09
     591 | 2026-09-05 09:28:10
     242 | 2026-09-05 09:27:11
     893 | 2026-09-05 09:26:12
     651 | 2026-09-05 09:22:30
     302 | 2026-09-05 09:21:31
     953 | 2026-09-05 09:20:32
     604 | 2026-09-05 09:19:33
     362 | 2026-09-05 09:15:51
      13 | 2026-09-05 09:14:52
     664 | 2026-09-05 09:13:53
     315 | 2026-09-05 09:12:54
      73 | 2026-09-05 09:09:12
     724 | 2026-09-05 09:08:13
     375 | 2026-09-05 09:07:14
      26 | 2026-09-05 09:06:15
     784 | 2026-09-05 09:02:33
     435 | 2026-09-05 09:01:34
      86 | 2026-09-05 09:00:35
     737 | 2026-09-05 08:59:36
     495 | 2026-09-05 08:55:54
     146 | 2026-09-05 08:54:55
     797 | 2026-09-05 08:53:56
     448 | 2026-09-05 08:52:57
     206 | 2026-09-05 08:49:15
     857 | 2026-09-05 08:48:16
     508 | 2026-09-05 08:47:17
     159 | 2026-09-05 08:46:18
     568 | 2026-09-05 08:41:37
     219 | 2026-09-05 08:40:38
     870 | 2026-09-05 08:39:39
     279 | 2026-09-05 08:34:58
     930 | 2026-09-05 08:33:59
     581 | 2026-09-05 08:33:00
     990 | 2026-09-05 08:28:19
     641 | 2026-09-05 08:27:20
     292 | 2026-09-05 08:26:21
     701 | 2026-09-05 08:21:40
     352 | 2026-09-05 08:20:41
       3 | 2026-09-05 08:19:42
     412 | 2026-09-05 08:15:01
      63 | 2026-09-05 08:14:02
     714 | 2026-09-05 08:13:03
     123 | 2026-09-05 08:08:22
     774 | 2026-09-05 08:07:23
     425 | 2026-09-05 08:06:24
     834 | 2026-09-05 08:01:43
     485 | 2026-09-05 08:00:44
     136 | 2026-09-05 07:59:45
     545 | 2026-09-05 07:55:04
     196 | 2026-09-05 07:54:05
     847 | 2026-09-05 07:53:06
     256 | 2026-09-05 07:48:25
     907 | 2026-09-05 07:47:26
     558 | 2026-09-05 07:46:27
     967 | 2026-09-05 07:41:46
     618 | 2026-09-05 07:40:47
     269 | 2026-09-05 07:39:48
     678 | 2026-09-05 07:35:07
     329 | 2026-09-05 07:34:08
     980 | 2026-09-05 07:33:09
     389 | 2026-09-05 07:28:28
      40 | 2026-09-05 07:27:29
     691 | 2026-09-05 07:26:30
     100 | 2026-09-05 07:21:49
     751 | 2026-09-05 07:20:50
     402 | 2026-09-05 07:19:51
     811 | 2026-09-05 07:15:10
     462 | 2026-09-05 07:14:11
     113 | 2026-09-05 07:13:12
     522 | 2026-09-05 07:08:31
     173 | 2026-09-05 07:07:32
     824 | 2026-09-05 07:06:33
     233 | 2026-09-05 07:01:52
     884 | 2026-09-05 07:00:53
     535 | 2026-09-05 06:59:54
     944 | 2026-09-05 06:55:13
     595 | 2026-09-05 06:54:14
     246 | 2026-09-05 06:53:15
     655 | 2026-09-05 06:48:34
     306 | 2026-09-05 06:47:35
     957 | 2026-09-05 06:46:36
     366 | 2026-09-05 06:41:55
      17 | 2026-09-05 06:40:56
     668 | 2026-09-05 06:39:57
     319 | 2026-09-05 06:38:58
      77 | 2026-09-05 06:35:16
     728 | 2026-09-05 06:34:17
     379 | 2026-09-05 06:33:18
      30 | 2026-09-05 06:32:19
     788 | 2026-09-05 06:28:37
     439 | 2026-09-05 06:27:38
      90 | 2026-09-05 06:26:39
     741 | 2026-09-05 06:25:40
     499 | 2026-09-05 06:21:58
     150 | 2026-09-05 06:20:59
     801 | 2026-09-05 06:20:00
     452 | 2026-09-05 06:19:01
     210 | 2026-09-05 06:15:19
     861 | 2026-09-05 06:14:20
     512 | 2026-09-05 06:13:21
     163 | 2026-09-05 06:12:22
     921 | 2026-09-05 06:08:40
     572 | 2026-09-05 06:07:41
     223 | 2026-09-05 06:06:42
     874 | 2026-09-05 06:05:43
     632 | 2026-09-05 06:02:01
     283 | 2026-09-05 06:01:02
     934 | 2026-09-05 06:00:03
     585 | 2026-09-05 05:59:04
     343 | 2026-09-05 05:55:22
     994 | 2026-09-05 05:54:23
     645 | 2026-09-05 05:53:24
     296 | 2026-09-05 05:52:25
     705 | 2026-09-05 05:47:44
     356 | 2026-09-05 05:46:45
       7 | 2026-09-05 05:45:46
     416 | 2026-09-05 05:41:05
      67 | 2026-09-05 05:40:06
     718 | 2026-09-05 05:39:07
     127 | 2026-09-05 05:34:26
     778 | 2026-09-05 05:33:27
     429 | 2026-09-05 05:32:28
     838 | 2026-09-05 05:27:47
     489 | 2026-09-05 05:26:48
     140 | 2026-09-05 05:25:49
     549 | 2026-09-05 05:21:08
     200 | 2026-09-05 05:20:09
     851 | 2026-09-05 05:19:10
     260 | 2026-09-05 05:14:29
     911 | 2026-09-05 05:13:30
     562 | 2026-09-05 05:12:31
     971 | 2026-09-05 05:07:50
     622 | 2026-09-05 05:06:51
     273 | 2026-09-05 05:05:52
     682 | 2026-09-05 05:01:11
     333 | 2026-09-05 05:00:12
     984 | 2026-09-05 04:59:13
     393 | 2026-09-05 04:54:32
      44 | 2026-09-05 04:53:33
     695 | 2026-09-05 04:52:34
     104 | 2026-09-05 04:47:53
     755 | 2026-09-05 04:46:54
     406 | 2026-09-05 04:45:55
     815 | 2026-09-05 04:41:14
     466 | 2026-09-05 04:40:15
     117 | 2026-09-05 04:39:16
     526 | 2026-09-05 04:34:35
     177 | 2026-09-05 04:33:36
     828 | 2026-09-05 04:32:37
     237 | 2026-09-05 04:27:56
     888 | 2026-09-05 04:26:57
     539 | 2026-09-05 04:25:58
     948 | 2026-09-05 04:21:17
     599 | 2026-09-05 04:20:18
     250 | 2026-09-05 04:19:19
     659 | 2026-09-05 04:14:38
     310 | 2026-09-05 04:13:39
     961 | 2026-09-05 04:12:40
     370 | 2026-09-05 04:07:59
      21 | 2026-09-05 04:07:00
     672 | 2026-09-05 04:06:01
      81 | 2026-09-05 04:01:20
     732 | 2026-09-05 04:00:21
     383 | 2026-09-05 03:59:22
     792 | 2026-09-05 03:54:41
     443 | 2026-09-05 03:53:42
      94 | 2026-09-05 03:52:43
     503 | 2026-09-05 03:48:02
     154 | 2026-09-05 03:47:03
     805 | 2026-09-05 03:46:04
     456 | 2026-09-05 03:45:05
     214 | 2026-09-05 03:41:23
     865 | 2026-09-05 03:40:24
     516 | 2026-09-05 03:39:25
     167 | 2026-09-05 03:38:26
     925 | 2026-09-05 03:34:44
     576 | 2026-09-05 03:33:45
     227 | 2026-09-05 03:32:46
     878 | 2026-09-05 03:31:47
     636 | 2026-09-05 03:28:05
     287 | 2026-09-05 03:27:06
     938 | 2026-09-05 03:26:07
     589 | 2026-09-05 03:25:08
     347 | 2026-09-05 03:21:26
     998 | 2026-09-05 03:20:27
     649 | 2026-09-05 03:19:28
     300 | 2026-09-05 03:18:29
      58 | 2026-09-05 03:14:47
     709 | 2026-09-05 03:13:48
     360 | 2026-09-05 03:12:49
      11 | 2026-09-05 03:11:50
     769 | 2026-09-05 03:08:08
     420 | 2026-09-05 03:07:09
      71 | 2026-09-05 03:06:10
     722 | 2026-09-05 03:05:11
     480 | 2026-09-05 03:01:29
     131 | 2026-09-05 03:00:30
     782 | 2026-09-05 02:59:31
     433 | 2026-09-05 02:58:32
     191 | 2026-09-05 02:54:50
     842 | 2026-09-05 02:53:51
     493 | 2026-09-05 02:52:52
     144 | 2026-09-05 02:51:53
     553 | 2026-09-05 02:47:12
     204 | 2026-09-05 02:46:13
     855 | 2026-09-05 02:45:14
     264 | 2026-09-05 02:40:33
     915 | 2026-09-05 02:39:34
     566 | 2026-09-05 02:38:35
     975 | 2026-09-05 02:33:54
     626 | 2026-09-05 02:32:55
     277 | 2026-09-05 02:31:56
     686 | 2026-09-05 02:27:15
     337 | 2026-09-05 02:26:16
     988 | 2026-09-05 02:25:17
     397 | 2026-09-05 02:20:36
      48 | 2026-09-05 02:19:37
     699 | 2026-09-05 02:18:38
     108 | 2026-09-05 02:13:57
     759 | 2026-09-05 02:12:58
     410 | 2026-09-05 02:11:59
     819 | 2026-09-05 02:07:18
     470 | 2026-09-05 02:06:19
     121 | 2026-09-05 02:05:20
     530 | 2026-09-05 02:00:39
     181 | 2026-09-05 01:59:40
     832 | 2026-09-05 01:58:41
     241 | 2026-09-05 01:54:00
     892 | 2026-09-05 01:53:01
     543 | 2026-09-05 01:52:02
     952 | 2026-09-05 01:47:21
     603 | 2026-09-05 01:46:22
     254 | 2026-09-05 01:45:23
     663 | 2026-09-05 01:40:42
     314 | 2026-09-05 01:39:43
     965 | 2026-09-05 01:38:44
     374 | 2026-09-05 01:34:03
      25 | 2026-09-05 01:33:04
     676 | 2026-09-05 01:32:05
      85 | 2026-09-05 01:27:24
     736 | 2026-09-05 01:26:25
     387 | 2026-09-05 01:25:26
     796 | 2026-09-05 01:20:45
     447 | 2026-09-05 01:19:46
      98 | 2026-09-05 01:18:47
     507 | 2026-09-05 01:14:06
     158 | 2026-09-05 01:13:07
     809 | 2026-09-05 01:12:08
     218 | 2026-09-05 01:07:27
     869 | 2026-09-05 01:06:28
     520 | 2026-09-05 01:05:29
     929 | 2026-09-05 01:00:48
     580 | 2026-09-05 00:59:49
     231 | 2026-09-05 00:58:50
     640 | 2026-09-05 00:54:09
     291 | 2026-09-05 00:53:10
     942 | 2026-09-05 00:52:11
     593 | 2026-09-05 00:51:12
     351 | 2026-09-05 00:47:30
       2 | 2026-09-05 00:46:31
     653 | 2026-09-05 00:45:32
     304 | 2026-09-05 00:44:33
      62 | 2026-09-05 00:40:51
     713 | 2026-09-05 00:39:52
     364 | 2026-09-05 00:38:53
      15 | 2026-09-05 00:37:54
     773 | 2026-09-05 00:34:12
     424 | 2026-09-05 00:33:13
      75 | 2026-09-05 00:32:14
     726 | 2026-09-05 00:31:15
     484 | 2026-09-05 00:27:33
     135 | 2026-09-05 00:26:34
     786 | 2026-09-05 00:25:35
     437 | 2026-09-05 00:24:36
     195 | 2026-09-05 00:20:54
     846 | 2026-09-05 00:19:55
     497 | 2026-09-05 00:18:56
     148 | 2026-09-05 00:17:57
     906 | 2026-09-05 00:14:15
     557 | 2026-09-05 00:13:16
     208 | 2026-09-05 00:12:17
     859 | 2026-09-05 00:11:18
     617 | 2026-09-05 00:07:36
     268 | 2026-09-05 00:06:37
     919 | 2026-09-05 00:05:38
     570 | 2026-09-05 00:04:39
     328 | 2026-09-05 00:00:57
     979 | 2026-09-04 23:59:58
     630 | 2026-09-04 23:58:59
     281 | 2026-09-04 23:58:00
     690 | 2026-09-04 23:53:19
     341 | 2026-09-04 23:52:20
     992 | 2026-09-04 23:51:21
     401 | 2026-09-04 23:46:40
      52 | 2026-09-04 23:45:41
     703 | 2026-09-04 23:44:42
     112 | 2026-09-04 23:40:01
     763 | 2026-09-04 23:39:02
     414 | 2026-09-04 23:38:03
     823 | 2026-09-04 23:33:22
     474 | 2026-09-04 23:32:23
     125 | 2026-09-04 23:31:24
     534 | 2026-09-04 23:26:43
     185 | 2026-09-04 23:25:44
     836 | 2026-09-04 23:24:45
     245 | 2026-09-04 23:20:04
     896 | 2026-09-04 23:19:05
     547 | 2026-09-04 23:18:06
     956 | 2026-09-04 23:13:25
     607 | 2026-09-04 23:12:26
     258 | 2026-09-04 23:11:27
     667 | 2026-09-04 23:06:46
     318 | 2026-09-04 23:05:47
     969 | 2026-09-04 23:04:48
     378 | 2026-09-04 23:00:07
      29 | 2026-09-04 22:59:08
     680 | 2026-09-04 22:58:09
      89 | 2026-09-04 22:53:28
     740 | 2026-09-04 22:52:29
     391 | 2026-09-04 22:51:30
     800 | 2026-09-04 22:46:49
     451 | 2026-09-04 22:45:50
     102 | 2026-09-04 22:44:51
     511 | 2026-09-04 22:40:10
     162 | 2026-09-04 22:39:11
     813 | 2026-09-04 22:38:12
     222 | 2026-09-04 22:33:31
     873 | 2026-09-04 22:32:32
     524 | 2026-09-04 22:31:33
     933 | 2026-09-04 22:26:52
     584 | 2026-09-04 22:25:53
     235 | 2026-09-04 22:24:54
     644 | 2026-09-04 22:20:13
     295 | 2026-09-04 22:19:14
     946 | 2026-09-04 22:18:15
     355 | 2026-09-04 22:13:34
       6 | 2026-09-04 22:12:35
     657 | 2026-09-04 22:11:36
      66 | 2026-09-04 22:06:55
     717 | 2026-09-04 22:05:56
     368 | 2026-09-04 22:04:57
     777 | 2026-09-04 22:00:16
     428 | 2026-09-04 21:59:17
      79 | 2026-09-04 21:58:18
     730 | 2026-09-04 21:57:19
     488 | 2026-09-04 21:53:37
     139 | 2026-09-04 21:52:38
     790 | 2026-09-04 21:51:39
     441 | 2026-09-04 21:50:40
     199 | 2026-09-04 21:46:58
     850 | 2026-09-04 21:45:59
     501 | 2026-09-04 21:45:00
     152 | 2026-09-04 21:44:01
     910 | 2026-09-04 21:40:19
     561 | 2026-09-04 21:39:20
     212 | 2026-09-04 21:38:21
     863 | 2026-09-04 21:37:22
     621 | 2026-09-04 21:33:40
     272 | 2026-09-04 21:32:41
     923 | 2026-09-04 21:31:42
     574 | 2026-09-04 21:30:43
     332 | 2026-09-04 21:27:01
     983 | 2026-09-04 21:26:02
     634 | 2026-09-04 21:25:03
     285 | 2026-09-04 21:24:04
      43 | 2026-09-04 21:20:22
     694 | 2026-09-04 21:19:23
     345 | 2026-09-04 21:18:24
     996 | 2026-09-04 21:17:25
     754 | 2026-09-04 21:13:43
     405 | 2026-09-04 21:12:44
      56 | 2026-09-04 21:11:45
     707 | 2026-09-04 21:10:46
     465 | 2026-09-04 21:07:04
     116 | 2026-09-04 21:06:05
     767 | 2026-09-04 21:05:06
     418 | 2026-09-04 21:04:07
     827 | 2026-09-04 20:59:26
     478 | 2026-09-04 20:58:27
     129 | 2026-09-04 20:57:28
     538 | 2026-09-04 20:52:47
     189 | 2026-09-04 20:51:48
     840 | 2026-09-04 20:50:49
     249 | 2026-09-04 20:46:08
     900 | 2026-09-04 20:45:09
     551 | 2026-09-04 20:44:10
     960 | 2026-09-04 20:39:29
     611 | 2026-09-04 20:38:30
     262 | 2026-09-04 20:37:31
     671 | 2026-09-04 20:32:50
     322 | 2026-09-04 20:31:51
     973 | 2026-09-04 20:30:52
     382 | 2026-09-04 20:26:11
      33 | 2026-09-04 20:25:12
     684 | 2026-09-04 20:24:13
      93 | 2026-09-04 20:19:32
     744 | 2026-09-04 20:18:33
     395 | 2026-09-04 20:17:34
     804 | 2026-09-04 20:12:53
     455 | 2026-09-04 20:11:54
     106 | 2026-09-04 20:10:55
     515 | 2026-09-04 20:06:14
     166 | 2026-09-04 20:05:15
     817 | 2026-09-04 20:04:16
     226 | 2026-09-04 19:59:35
     877 | 2026-09-04 19:58:36
     528 | 2026-09-04 19:57:37
     937 | 2026-09-04 19:52:56
     588 | 2026-09-04 19:51:57
     239 | 2026-09-04 19:50:58
     648 | 2026-09-04 19:46:17
     299 | 2026-09-04 19:45:18
     950 | 2026-09-04 19:44:19
     359 | 2026-09-04 19:39:38
      10 | 2026-09-04 19:38:39
     661 | 2026-09-04 19:37:40
      70 | 2026-09-04 19:32:59
     721 | 2026-09-04 19:32:00
     372 | 2026-09-04 19:31:01
     781 | 2026-09-04 19:26:20
     432 | 2026-09-04 19:25:21
      83 | 2026-09-04 19:24:22
     492 | 2026-09-04 19:19:41
     143 | 2026-09-04 19:18:42
     794 | 2026-09-04 19:17:43
     203 | 2026-09-04 19:13:02
     854 | 2026-09-04 19:12:03
     505 | 2026-09-04 19:11:04
     914 | 2026-09-04 19:06:23
     565 | 2026-09-04 19:05:24
     216 | 2026-09-04 19:04:25
     625 | 2026-09-04 18:59:44
     276 | 2026-09-04 18:58:45
     927 | 2026-09-04 18:57:46
     578 | 2026-09-04 18:56:47
     336 | 2026-09-04 18:53:05
     987 | 2026-09-04 18:52:06
     638 | 2026-09-04 18:51:07
     289 | 2026-09-04 18:50:08
      47 | 2026-09-04 18:46:26
     698 | 2026-09-04 18:45:27
     349 | 2026-09-04 18:44:28
    1000 | 2026-09-04 18:43:29
     758 | 2026-09-04 18:39:47
     409 | 2026-09-04 18:38:48
      60 | 2026-09-04 18:37:49
     711 | 2026-09-04 18:36:50
     469 | 2026-09-04 18:33:08
     120 | 2026-09-04 18:32:09
     771 | 2026-09-04 18:31:10
     422 | 2026-09-04 18:30:11
     180 | 2026-09-04 18:26:29
     831 | 2026-09-04 18:25:30
     482 | 2026-09-04 18:24:31
     133 | 2026-09-04 18:23:32
     891 | 2026-09-04 18:19:50
     542 | 2026-09-04 18:18:51
     193 | 2026-09-04 18:17:52
     844 | 2026-09-04 18:16:53
     602 | 2026-09-04 18:13:11
     253 | 2026-09-04 18:12:12
     904 | 2026-09-04 18:11:13
     555 | 2026-09-04 18:10:14
     964 | 2026-09-04 18:05:33
     615 | 2026-09-04 18:04:34
     266 | 2026-09-04 18:03:35
     675 | 2026-09-04 17:58:54
     326 | 2026-09-04 17:57:55
     977 | 2026-09-04 17:56:56
     386 | 2026-09-04 17:52:15
      37 | 2026-09-04 17:51:16
     688 | 2026-09-04 17:50:17
      97 | 2026-09-04 17:45:36
     748 | 2026-09-04 17:44:37
     399 | 2026-09-04 17:43:38
     808 | 2026-09-04 17:38:57
     459 | 2026-09-04 17:37:58
     110 | 2026-09-04 17:36:59
     519 | 2026-09-04 17:32:18
     170 | 2026-09-04 17:31:19
     821 | 2026-09-04 17:30:20
     230 | 2026-09-04 17:25:39
     881 | 2026-09-04 17:24:40
     532 | 2026-09-04 17:23:41
     941 | 2026-09-04 17:19:00
     592 | 2026-09-04 17:18:01
     243 | 2026-09-04 17:17:02
     652 | 2026-09-04 17:12:21
     303 | 2026-09-04 17:11:22
     954 | 2026-09-04 17:10:23
     363 | 2026-09-04 17:05:42
      14 | 2026-09-04 17:04:43
     665 | 2026-09-04 17:03:44
      74 | 2026-09-04 16:59:03
     725 | 2026-09-04 16:58:04
     376 | 2026-09-04 16:57:05
     785 | 2026-09-04 16:52:24
     436 | 2026-09-04 16:51:25
      87 | 2026-09-04 16:50:26
     496 | 2026-09-04 16:45:45
     147 | 2026-09-04 16:44:46
     798 | 2026-09-04 16:43:47
     207 | 2026-09-04 16:39:06
     858 | 2026-09-04 16:38:07
     509 | 2026-09-04 16:37:08
     918 | 2026-09-04 16:32:27
     569 | 2026-09-04 16:31:28
     220 | 2026-09-04 16:30:29
     629 | 2026-09-04 16:25:48
     280 | 2026-09-04 16:24:49
     931 | 2026-09-04 16:23:50
     340 | 2026-09-04 16:19:09
     991 | 2026-09-04 16:18:10
     642 | 2026-09-04 16:17:11
      51 | 2026-09-04 16:12:30
     702 | 2026-09-04 16:11:31
     353 | 2026-09-04 16:10:32
     762 | 2026-09-04 16:05:51
     413 | 2026-09-04 16:04:52
      64 | 2026-09-04 16:03:53
     715 | 2026-09-04 16:02:54
     473 | 2026-09-04 15:59:12
     124 | 2026-09-04 15:58:13
     775 | 2026-09-04 15:57:14
     426 | 2026-09-04 15:56:15
     184 | 2026-09-04 15:52:33
     835 | 2026-09-04 15:51:34
     486 | 2026-09-04 15:50:35
     137 | 2026-09-04 15:49:36
     895 | 2026-09-04 15:45:54
     546 | 2026-09-04 15:44:55
     197 | 2026-09-04 15:43:56
     848 | 2026-09-04 15:42:57
     606 | 2026-09-04 15:39:15
     257 | 2026-09-04 15:38:16
     908 | 2026-09-04 15:37:17
     559 | 2026-09-04 15:36:18
     317 | 2026-09-04 15:32:36
     968 | 2026-09-04 15:31:37
     619 | 2026-09-04 15:30:38
     270 | 2026-09-04 15:29:39
      28 | 2026-09-04 15:25:57
     679 | 2026-09-04 15:24:58
     330 | 2026-09-04 15:23:59
     981 | 2026-09-04 15:23:00
     739 | 2026-09-04 15:19:18
     390 | 2026-09-04 15:18:19
      41 | 2026-09-04 15:17:20
     692 | 2026-09-04 15:16:21
     101 | 2026-09-04 15:11:40
     752 | 2026-09-04 15:10:41
     403 | 2026-09-04 15:09:42
     812 | 2026-09-04 15:05:01
     463 | 2026-09-04 15:04:02
     114 | 2026-09-04 15:03:03
     523 | 2026-09-04 14:58:22
     174 | 2026-09-04 14:57:23
     825 | 2026-09-04 14:56:24
     234 | 2026-09-04 14:51:43
     885 | 2026-09-04 14:50:44
     536 | 2026-09-04 14:49:45
     945 | 2026-09-04 14:45:04
     596 | 2026-09-04 14:44:05
     247 | 2026-09-04 14:43:06
     656 | 2026-09-04 14:38:25
     307 | 2026-09-04 14:37:26
     958 | 2026-09-04 14:36:27
     367 | 2026-09-04 14:31:46
      18 | 2026-09-04 14:30:47
     669 | 2026-09-04 14:29:48
      78 | 2026-09-04 14:25:07
     729 | 2026-09-04 14:24:08
     380 | 2026-09-04 14:23:09
     789 | 2026-09-04 14:18:28
     440 | 2026-09-04 14:17:29
      91 | 2026-09-04 14:16:30
     500 | 2026-09-04 14:11:49
     151 | 2026-09-04 14:10:50
     802 | 2026-09-04 14:09:51
     211 | 2026-09-04 14:05:10
     862 | 2026-09-04 14:04:11
     513 | 2026-09-04 14:03:12
     922 | 2026-09-04 13:58:31
     573 | 2026-09-04 13:57:32
     224 | 2026-09-04 13:56:33
     633 | 2026-09-04 13:51:52
     284 | 2026-09-04 13:50:53
     935 | 2026-09-04 13:49:54
     344 | 2026-09-04 13:45:13
     995 | 2026-09-04 13:44:14
     646 | 2026-09-04 13:43:15
      55 | 2026-09-04 13:38:34
     706 | 2026-09-04 13:37:35
     357 | 2026-09-04 13:36:36
     766 | 2026-09-04 13:31:55
     417 | 2026-09-04 13:30:56
      68 | 2026-09-04 13:29:57
     477 | 2026-09-04 13:25:16
     128 | 2026-09-04 13:24:17
     779 | 2026-09-04 13:23:18
     188 | 2026-09-04 13:18:37
     839 | 2026-09-04 13:17:38
     490 | 2026-09-04 13:16:39
     899 | 2026-09-04 13:11:58
     550 | 2026-09-04 13:10:59
     201 | 2026-09-04 13:10:00
     852 | 2026-09-04 13:09:01
     610 | 2026-09-04 13:05:19
     261 | 2026-09-04 13:04:20
     912 | 2026-09-04 13:03:21
     563 | 2026-09-04 13:02:22
     321 | 2026-09-04 12:58:40
     972 | 2026-09-04 12:57:41
     623 | 2026-09-04 12:56:42
     274 | 2026-09-04 12:55:43
      32 | 2026-09-04 12:52:01
     683 | 2026-09-04 12:51:02
     334 | 2026-09-04 12:50:03
     985 | 2026-09-04 12:49:04
     743 | 2026-09-04 12:45:22
     394 | 2026-09-04 12:44:23
      45 | 2026-09-04 12:43:24
     696 | 2026-09-04 12:42:25
     454 | 2026-09-04 12:38:43
     105 | 2026-09-04 12:37:44
     756 | 2026-09-04 12:36:45
     407 | 2026-09-04 12:35:46
     165 | 2026-09-04 12:32:04
     816 | 2026-09-04 12:31:05
     467 | 2026-09-04 12:30:06
     118 | 2026-09-04 12:29:07
     876 | 2026-09-04 12:25:25
     527 | 2026-09-04 12:24:26
     178 | 2026-09-04 12:23:27
     829 | 2026-09-04 12:22:28
     238 | 2026-09-04 12:17:47
     889 | 2026-09-04 12:16:48
     540 | 2026-09-04 12:15:49
     949 | 2026-09-04 12:11:08
     600 | 2026-09-04 12:10:09
     251 | 2026-09-04 12:09:10
     660 | 2026-09-04 12:04:29
     311 | 2026-09-04 12:03:30
     962 | 2026-09-04 12:02:31
     371 | 2026-09-04 11:57:50
      22 | 2026-09-04 11:56:51
     673 | 2026-09-04 11:55:52
      82 | 2026-09-04 11:51:11
     733 | 2026-09-04 11:50:12
     384 | 2026-09-04 11:49:13
     793 | 2026-09-04 11:44:32
     444 | 2026-09-04 11:43:33
      95 | 2026-09-04 11:42:34
     504 | 2026-09-04 11:37:53
     155 | 2026-09-04 11:36:54
     806 | 2026-09-04 11:35:55
     215 | 2026-09-04 11:31:14
     866 | 2026-09-04 11:30:15
     517 | 2026-09-04 11:29:16
     926 | 2026-09-04 11:24:35
     577 | 2026-09-04 11:23:36
     228 | 2026-09-04 11:22:37
     637 | 2026-09-04 11:17:56
     288 | 2026-09-04 11:16:57
     939 | 2026-09-04 11:15:58
     348 | 2026-09-04 11:11:17
     999 | 2026-09-04 11:10:18
     650 | 2026-09-04 11:09:19
      59 | 2026-09-04 11:04:38
     710 | 2026-09-04 11:03:39
     361 | 2026-09-04 11:02:40
     770 | 2026-09-04 10:57:59
     421 | 2026-09-04 10:57:00
      72 | 2026-09-04 10:56:01
     481 | 2026-09-04 10:51:20
     132 | 2026-09-04 10:50:21
     783 | 2026-09-04 10:49:22
     192 | 2026-09-04 10:44:41
     843 | 2026-09-04 10:43:42
     494 | 2026-09-04 10:42:43
     903 | 2026-09-04 10:38:02
     554 | 2026-09-04 10:37:03
     205 | 2026-09-04 10:36:04
     614 | 2026-09-04 10:31:23
     265 | 2026-09-04 10:30:24
     916 | 2026-09-04 10:29:25
     325 | 2026-09-04 10:24:44
     976 | 2026-09-04 10:23:45
     627 | 2026-09-04 10:22:46
      36 | 2026-09-04 10:18:05
     687 | 2026-09-04 10:17:06
     338 | 2026-09-04 10:16:07
     989 | 2026-09-04 10:15:08
     747 | 2026-09-04 10:11:26
     398 | 2026-09-04 10:10:27
      49 | 2026-09-04 10:09:28
     700 | 2026-09-04 10:08:29
     458 | 2026-09-04 10:04:47
     109 | 2026-09-04 10:03:48
     760 | 2026-09-04 10:02:49
     411 | 2026-09-04 10:01:50
     169 | 2026-09-04 09:58:08
     820 | 2026-09-04 09:57:09
     471 | 2026-09-04 09:56:10
     122 | 2026-09-04 09:55:11
     880 | 2026-09-04 09:51:29
     531 | 2026-09-04 09:50:30
     182 | 2026-09-04 09:49:31
     833 | 2026-09-04 09:48:32
     591 | 2026-09-04 09:44:50
     242 | 2026-09-04 09:43:51
     893 | 2026-09-04 09:42:52
     544 | 2026-09-04 09:41:53
     302 | 2026-09-04 09:38:11
     953 | 2026-09-04 09:37:12
     604 | 2026-09-04 09:36:13
     255 | 2026-09-04 09:35:14
      13 | 2026-09-04 09:31:32
     664 | 2026-09-04 09:30:33
     315 | 2026-09-04 09:29:34
     966 | 2026-09-04 09:28:35
     375 | 2026-09-04 09:23:54
      26 | 2026-09-04 09:22:55
     677 | 2026-09-04 09:21:56
      86 | 2026-09-04 09:17:15
     737 | 2026-09-04 09:16:16
     388 | 2026-09-04 09:15:17
     797 | 2026-09-04 09:10:36
     448 | 2026-09-04 09:09:37
      99 | 2026-09-04 09:08:38
     508 | 2026-09-04 09:03:57
     159 | 2026-09-04 09:02:58
     810 | 2026-09-04 09:01:59
     219 | 2026-09-04 08:57:18
     870 | 2026-09-04 08:56:19
     521 | 2026-09-04 08:55:20
     930 | 2026-09-04 08:50:39
     581 | 2026-09-04 08:49:40
     232 | 2026-09-04 08:48:41
     641 | 2026-09-04 08:44:00
     292 | 2026-09-04 08:43:01
     943 | 2026-09-04 08:42:02
     352 | 2026-09-04 08:37:21
       3 | 2026-09-04 08:36:22
     654 | 2026-09-04 08:35:23
      63 | 2026-09-04 08:30:42
     714 | 2026-09-04 08:29:43
     365 | 2026-09-04 08:28:44
     774 | 2026-09-04 08:24:03
     425 | 2026-09-04 08:23:04
      76 | 2026-09-04 08:22:05
     485 | 2026-09-04 08:17:24
     136 | 2026-09-04 08:16:25
     787 | 2026-09-04 08:15:26
     196 | 2026-09-04 08:10:45
     847 | 2026-09-04 08:09:46
     498 | 2026-09-04 08:08:47
     907 | 2026-09-04 08:04:06
     558 | 2026-09-04 08:03:07
     209 | 2026-09-04 08:02:08
     618 | 2026-09-04 07:57:27
     269 | 2026-09-04 07:56:28
     920 | 2026-09-04 07:55:29
     329 | 2026-09-04 07:50:48
     980 | 2026-09-04 07:49:49
     631 | 2026-09-04 07:48:50
      40 | 2026-09-04 07:44:09
     691 | 2026-09-04 07:43:10
     342 | 2026-09-04 07:42:11
     751 | 2026-09-04 07:37:30
     402 | 2026-09-04 07:36:31
      53 | 2026-09-04 07:35:32
     462 | 2026-09-04 07:30:51
     113 | 2026-09-04 07:29:52
     764 | 2026-09-04 07:28:53
     173 | 2026-09-04 07:24:12
     824 | 2026-09-04 07:23:13
     475 | 2026-09-04 07:22:14
     126 | 2026-09-04 07:21:15
     884 | 2026-09-04 07:17:33
     535 | 2026-09-04 07:16:34
     186 | 2026-09-04 07:15:35
     837 | 2026-09-04 07:14:36
     595 | 2026-09-04 07:10:54
     246 | 2026-09-04 07:09:55
     897 | 2026-09-04 07:08:56
     548 | 2026-09-04 07:07:57
     306 | 2026-09-04 07:04:15
     957 | 2026-09-04 07:03:16
     608 | 2026-09-04 07:02:17
     259 | 2026-09-04 07:01:18
      17 | 2026-09-04 06:57:36
     668 | 2026-09-04 06:56:37
     319 | 2026-09-04 06:55:38
     970 | 2026-09-04 06:54:39
     728 | 2026-09-04 06:50:57
     379 | 2026-09-04 06:49:58
      30 | 2026-09-04 06:48:59
     681 | 2026-09-04 06:48:00
     439 | 2026-09-04 06:44:18
      90 | 2026-09-04 06:43:19
     741 | 2026-09-04 06:42:20
     392 | 2026-09-04 06:41:21
     150 | 2026-09-04 06:37:39
     801 | 2026-09-04 06:36:40
     452 | 2026-09-04 06:35:41
     103 | 2026-09-04 06:34:42
     512 | 2026-09-04 06:30:01
     163 | 2026-09-04 06:29:02
     814 | 2026-09-04 06:28:03
     223 | 2026-09-04 06:23:22
     874 | 2026-09-04 06:22:23
     525 | 2026-09-04 06:21:24
     934 | 2026-09-04 06:16:43
     585 | 2026-09-04 06:15:44
     236 | 2026-09-04 06:14:45
     645 | 2026-09-04 06:10:04
     296 | 2026-09-04 06:09:05
     947 | 2026-09-04 06:08:06
     356 | 2026-09-04 06:03:25
       7 | 2026-09-04 06:02:26
     658 | 2026-09-04 06:01:27
      67 | 2026-09-04 05:56:46
     718 | 2026-09-04 05:55:47
     369 | 2026-09-04 05:54:48
     778 | 2026-09-04 05:50:07
     429 | 2026-09-04 05:49:08
      80 | 2026-09-04 05:48:09
     489 | 2026-09-04 05:43:28
     140 | 2026-09-04 05:42:29
     791 | 2026-09-04 05:41:30
     200 | 2026-09-04 05:36:49
     851 | 2026-09-04 05:35:50
     502 | 2026-09-04 05:34:51
     911 | 2026-09-04 05:30:10
     562 | 2026-09-04 05:29:11
     213 | 2026-09-04 05:28:12
     622 | 2026-09-04 05:23:31
     273 | 2026-09-04 05:22:32
     924 | 2026-09-04 05:21:33
     333 | 2026-09-04 05:16:52
     984 | 2026-09-04 05:15:53
     635 | 2026-09-04 05:14:54
      44 | 2026-09-04 05:10:13
     695 | 2026-09-04 05:09:14
     346 | 2026-09-04 05:08:15
     755 | 2026-09-04 05:03:34
     406 | 2026-09-04 05:02:35
      57 | 2026-09-04 05:01:36
     466 | 2026-09-04 04:56:55
     117 | 2026-09-04 04:55:56
     768 | 2026-09-04 04:54:57
     177 | 2026-09-04 04:50:16
     828 | 2026-09-04 04:49:17
     479 | 2026-09-04 04:48:18
     888 | 2026-09-04 04:43:37
     539 | 2026-09-04 04:42:38
     190 | 2026-09-04 04:41:39
     599 | 2026-09-04 04:36:58
     250 | 2026-09-04 04:35:59
     901 | 2026-09-04 04:35:00
     310 | 2026-09-04 04:30:19
     961 | 2026-09-04 04:29:20
     612 | 2026-09-04 04:28:21
     263 | 2026-09-04 04:27:22
      21 | 2026-09-04 04:23:40
     672 | 2026-09-04 04:22:41
     323 | 2026-09-04 04:21:42
     974 | 2026-09-04 04:20:43
     732 | 2026-09-04 04:17:01
     383 | 2026-09-04 04:16:02
      34 | 2026-09-04 04:15:03
     685 | 2026-09-04 04:14:04
     443 | 2026-09-04 04:10:22
      94 | 2026-09-04 04:09:23
     745 | 2026-09-04 04:08:24
     396 | 2026-09-04 04:07:25
     154 | 2026-09-04 04:03:43
     805 | 2026-09-04 04:02:44
     456 | 2026-09-04 04:01:45
     107 | 2026-09-04 04:00:46
     865 | 2026-09-04 03:57:04
     516 | 2026-09-04 03:56:05
     167 | 2026-09-04 03:55:06
     818 | 2026-09-04 03:54:07
     576 | 2026-09-04 03:50:25
     227 | 2026-09-04 03:49:26
     878 | 2026-09-04 03:48:27
     529 | 2026-09-04 03:47:28
     287 | 2026-09-04 03:43:46
     938 | 2026-09-04 03:42:47
     589 | 2026-09-04 03:41:48
     240 | 2026-09-04 03:40:49
     649 | 2026-09-04 03:36:08
     300 | 2026-09-04 03:35:09
     951 | 2026-09-04 03:34:10
     360 | 2026-09-04 03:29:29
      11 | 2026-09-04 03:28:30
     662 | 2026-09-04 03:27:31
      71 | 2026-09-04 03:22:50
     722 | 2026-09-04 03:21:51
     373 | 2026-09-04 03:20:52
     782 | 2026-09-04 03:16:11
     433 | 2026-09-04 03:15:12
      84 | 2026-09-04 03:14:13
     493 | 2026-09-04 03:09:32
     144 | 2026-09-04 03:08:33
     795 | 2026-09-04 03:07:34
     204 | 2026-09-04 03:02:53
     855 | 2026-09-04 03:01:54
     506 | 2026-09-04 03:00:55
     915 | 2026-09-04 02:56:14
     566 | 2026-09-04 02:55:15
     217 | 2026-09-04 02:54:16
     626 | 2026-09-04 02:49:35
     277 | 2026-09-04 02:48:36
     928 | 2026-09-04 02:47:37
     337 | 2026-09-04 02:42:56
     988 | 2026-09-04 02:41:57
     639 | 2026-09-04 02:40:58
      48 | 2026-09-04 02:36:17
     699 | 2026-09-04 02:35:18
     350 | 2026-09-04 02:34:19
     759 | 2026-09-04 02:29:38
     410 | 2026-09-04 02:28:39
      61 | 2026-09-04 02:27:40
     470 | 2026-09-04 02:22:59
     121 | 2026-09-04 02:22:00
     772 | 2026-09-04 02:21:01
     181 | 2026-09-04 02:16:20
     832 | 2026-09-04 02:15:21
     483 | 2026-09-04 02:14:22
     892 | 2026-09-04 02:09:41
     543 | 2026-09-04 02:08:42
     194 | 2026-09-04 02:07:43
     603 | 2026-09-04 02:03:02
     254 | 2026-09-04 02:02:03
     905 | 2026-09-04 02:01:04
     314 | 2026-09-04 01:56:23
     965 | 2026-09-04 01:55:24
     616 | 2026-09-04 01:54:25
      25 | 2026-09-04 01:49:44
     676 | 2026-09-04 01:48:45
     327 | 2026-09-04 01:47:46
     736 | 2026-09-04 01:43:05
     387 | 2026-09-04 01:42:06
      38 | 2026-09-04 01:41:07
     447 | 2026-09-04 01:36:26
      98 | 2026-09-04 01:35:27
     749 | 2026-09-04 01:34:28
     400 | 2026-09-04 01:33:29
     158 | 2026-09-04 01:29:47
     809 | 2026-09-04 01:28:48
     460 | 2026-09-04 01:27:49
     111 | 2026-09-04 01:26:50
     869 | 2026-09-04 01:23:08
     520 | 2026-09-04 01:22:09
     171 | 2026-09-04 01:21:10
     822 | 2026-09-04 01:20:11
     580 | 2026-09-04 01:16:29
     231 | 2026-09-04 01:15:30
     882 | 2026-09-04 01:14:31
     533 | 2026-09-04 01:13:32
     291 | 2026-09-04 01:09:50
     942 | 2026-09-04 01:08:51
     593 | 2026-09-04 01:07:52
     244 | 2026-09-04 01:06:53
       2 | 2026-09-04 01:03:11
     653 | 2026-09-04 01:02:12
     304 | 2026-09-04 01:01:13
     955 | 2026-09-04 01:00:14
     713 | 2026-09-04 00:56:32
     364 | 2026-09-04 00:55:33
      15 | 2026-09-04 00:54:34
     666 | 2026-09-04 00:53:35
     424 | 2026-09-04 00:49:53
      75 | 2026-09-04 00:48:54
     726 | 2026-09-04 00:47:55
     377 | 2026-09-04 00:46:56
     786 | 2026-09-04 00:42:15
     437 | 2026-09-04 00:41:16
      88 | 2026-09-04 00:40:17
     497 | 2026-09-04 00:35:36
     148 | 2026-09-04 00:34:37
     799 | 2026-09-04 00:33:38
     208 | 2026-09-04 00:28:57
     859 | 2026-09-04 00:27:58
     510 | 2026-09-04 00:26:59
     919 | 2026-09-04 00:22:18
     570 | 2026-09-04 00:21:19
     221 | 2026-09-04 00:20:20
     630 | 2026-09-04 00:15:39
     281 | 2026-09-04 00:14:40
     932 | 2026-09-04 00:13:41
     341 | 2026-09-04 00:09:00
     992 | 2026-09-04 00:08:01
     643 | 2026-09-04 00:07:02
      52 | 2026-09-04 00:02:21
     703 | 2026-09-04 00:01:22
     354 | 2026-09-04 00:00:23
     763 | 2026-09-03 23:55:42
     414 | 2026-09-03 23:54:43
      65 | 2026-09-03 23:53:44
     474 | 2026-09-03 23:49:03
     125 | 2026-09-03 23:48:04
     776 | 2026-09-03 23:47:05
     185 | 2026-09-03 23:42:24
     836 | 2026-09-03 23:41:25
     487 | 2026-09-03 23:40:26
     896 | 2026-09-03 23:35:45
     547 | 2026-09-03 23:34:46
     198 | 2026-09-03 23:33:47
     607 | 2026-09-03 23:29:06
     258 | 2026-09-03 23:28:07
     909 | 2026-09-03 23:27:08
     318 | 2026-09-03 23:22:27
     969 | 2026-09-03 23:21:28
     620 | 2026-09-03 23:20:29
      29 | 2026-09-03 23:15:48
     680 | 2026-09-03 23:14:49
     331 | 2026-09-03 23:13:50
     740 | 2026-09-03 23:09:09
     391 | 2026-09-03 23:08:10
      42 | 2026-09-03 23:07:11
     451 | 2026-09-03 23:02:30
     102 | 2026-09-03 23:01:31
     753 | 2026-09-03 23:00:32
     162 | 2026-09-03 22:55:51
     813 | 2026-09-03 22:54:52
     464 | 2026-09-03 22:53:53
     873 | 2026-09-03 22:49:12
     524 | 2026-09-03 22:48:13
     175 | 2026-09-03 22:47:14
     584 | 2026-09-03 22:42:33
     235 | 2026-09-03 22:41:34
     886 | 2026-09-03 22:40:35
     537 | 2026-09-03 22:39:36
     295 | 2026-09-03 22:35:54
     946 | 2026-09-03 22:34:55
     597 | 2026-09-03 22:33:56
     248 | 2026-09-03 22:32:57
       6 | 2026-09-03 22:29:15
     657 | 2026-09-03 22:28:16
     308 | 2026-09-03 22:27:17
     959 | 2026-09-03 22:26:18
     717 | 2026-09-03 22:22:36
     368 | 2026-09-03 22:21:37
      19 | 2026-09-03 22:20:38
     670 | 2026-09-03 22:19:39
     428 | 2026-09-03 22:15:57
      79 | 2026-09-03 22:14:58
     730 | 2026-09-03 22:13:59
     381 | 2026-09-03 22:13:00
     139 | 2026-09-03 22:09:18
     790 | 2026-09-03 22:08:19
     441 | 2026-09-03 22:07:20
      92 | 2026-09-03 22:06:21
     850 | 2026-09-03 22:02:39
     501 | 2026-09-03 22:01:40
     152 | 2026-09-03 22:00:41
     803 | 2026-09-03 21:59:42
     561 | 2026-09-03 21:56:00
     212 | 2026-09-03 21:55:01
     863 | 2026-09-03 21:54:02
     514 | 2026-09-03 21:53:03
     272 | 2026-09-03 21:49:21
     923 | 2026-09-03 21:48:22
     574 | 2026-09-03 21:47:23
     225 | 2026-09-03 21:46:24
     634 | 2026-09-03 21:41:43
     285 | 2026-09-03 21:40:44
     936 | 2026-09-03 21:39:45
     345 | 2026-09-03 21:35:04
     996 | 2026-09-03 21:34:05
     647 | 2026-09-03 21:33:06
      56 | 2026-09-03 21:28:25
     707 | 2026-09-03 21:27:26
     358 | 2026-09-03 21:26:27
     767 | 2026-09-03 21:21:46
     418 | 2026-09-03 21:20:47
      69 | 2026-09-03 21:19:48
     478 | 2026-09-03 21:15:07
     129 | 2026-09-03 21:14:08
     780 | 2026-09-03 21:13:09
     189 | 2026-09-03 21:08:28
     840 | 2026-09-03 21:07:29
     491 | 2026-09-03 21:06:30
     900 | 2026-09-03 21:01:49
     551 | 2026-09-03 21:00:50
     202 | 2026-09-03 20:59:51
     611 | 2026-09-03 20:55:10
     262 | 2026-09-03 20:54:11
     913 | 2026-09-03 20:53:12
     322 | 2026-09-03 20:48:31
     973 | 2026-09-03 20:47:32
     624 | 2026-09-03 20:46:33
      33 | 2026-09-03 20:41:52
     684 | 2026-09-03 20:40:53
     335 | 2026-09-03 20:39:54
     744 | 2026-09-03 20:35:13
     395 | 2026-09-03 20:34:14
      46 | 2026-09-03 20:33:15
     455 | 2026-09-03 20:28:34
     106 | 2026-09-03 20:27:35
     757 | 2026-09-03 20:26:36
     166 | 2026-09-03 20:21:55
     817 | 2026-09-03 20:20:56
     468 | 2026-09-03 20:19:57
     877 | 2026-09-03 20:15:16
     528 | 2026-09-03 20:14:17
     179 | 2026-09-03 20:13:18
     588 | 2026-09-03 20:08:37
     239 | 2026-09-03 20:07:38
     890 | 2026-09-03 20:06:39
     299 | 2026-09-03 20:01:58
     950 | 2026-09-03 20:00:59
     601 | 2026-09-03 20:00:00
      10 | 2026-09-03 19:55:19
     661 | 2026-09-03 19:54:20
     312 | 2026-09-03 19:53:21
     721 | 2026-09-03 19:48:40
     372 | 2026-09-03 19:47:41
      23 | 2026-09-03 19:46:42
     674 | 2026-09-03 19:45:43
     432 | 2026-09-03 19:42:01
      83 | 2026-09-03 19:41:02
     734 | 2026-09-03 19:40:03
     385 | 2026-09-03 19:39:04
     143 | 2026-09-03 19:35:22
     794 | 2026-09-03 19:34:23
     445 | 2026-09-03 19:33:24
      96 | 2026-09-03 19:32:25
     854 | 2026-09-03 19:28:43
     505 | 2026-09-03 19:27:44
     156 | 2026-09-03 19:26:45
     807 | 2026-09-03 19:25:46
     565 | 2026-09-03 19:22:04
     216 | 2026-09-03 19:21:05
     867 | 2026-09-03 19:20:06
     518 | 2026-09-03 19:19:07
     276 | 2026-09-03 19:15:25
     927 | 2026-09-03 19:14:26
     578 | 2026-09-03 19:13:27
     229 | 2026-09-03 19:12:28
     987 | 2026-09-03 19:08:46
     638 | 2026-09-03 19:07:47
     289 | 2026-09-03 19:06:48
     940 | 2026-09-03 19:05:49
     698 | 2026-09-03 19:02:07
     349 | 2026-09-03 19:01:08
    1000 | 2026-09-03 19:00:09
     651 | 2026-09-03 18:59:10
     409 | 2026-09-03 18:55:28
      60 | 2026-09-03 18:54:29
     711 | 2026-09-03 18:53:30
     362 | 2026-09-03 18:52:31
     771 | 2026-09-03 18:47:50
     422 | 2026-09-03 18:46:51
      73 | 2026-09-03 18:45:52
     482 | 2026-09-03 18:41:11
     133 | 2026-09-03 18:40:12
     784 | 2026-09-03 18:39:13
     193 | 2026-09-03 18:34:32
     844 | 2026-09-03 18:33:33
     495 | 2026-09-03 18:32:34
     904 | 2026-09-03 18:27:53
     555 | 2026-09-03 18:26:54
     206 | 2026-09-03 18:25:55
     615 | 2026-09-03 18:21:14
     266 | 2026-09-03 18:20:15
     917 | 2026-09-03 18:19:16
     326 | 2026-09-03 18:14:35
     977 | 2026-09-03 18:13:36
     628 | 2026-09-03 18:12:37
      37 | 2026-09-03 18:07:56
     688 | 2026-09-03 18:06:57
     339 | 2026-09-03 18:05:58
     748 | 2026-09-03 18:01:17
     399 | 2026-09-03 18:00:18
      50 | 2026-09-03 17:59:19
     459 | 2026-09-03 17:54:38
     110 | 2026-09-03 17:53:39
     761 | 2026-09-03 17:52:40
     170 | 2026-09-03 17:47:59
     821 | 2026-09-03 17:47:00
     472 | 2026-09-03 17:46:01
     881 | 2026-09-03 17:41:20
     532 | 2026-09-03 17:40:21
     183 | 2026-09-03 17:39:22
     592 | 2026-09-03 17:34:41
     243 | 2026-09-03 17:33:42
     894 | 2026-09-03 17:32:43
     303 | 2026-09-03 17:28:02
     954 | 2026-09-03 17:27:03
     605 | 2026-09-03 17:26:04
      14 | 2026-09-03 17:21:23
     665 | 2026-09-03 17:20:24
     316 | 2026-09-03 17:19:25
     725 | 2026-09-03 17:14:44
     376 | 2026-09-03 17:13:45
      27 | 2026-09-03 17:12:46
     436 | 2026-09-03 17:08:05
      87 | 2026-09-03 17:07:06
     738 | 2026-09-03 17:06:07
     147 | 2026-09-03 17:01:26
     798 | 2026-09-03 17:00:27
     449 | 2026-09-03 16:59:28
     858 | 2026-09-03 16:54:47
     509 | 2026-09-03 16:53:48
     160 | 2026-09-03 16:52:49
     811 | 2026-09-03 16:51:50
     569 | 2026-09-03 16:48:08
     220 | 2026-09-03 16:47:09
     871 | 2026-09-03 16:46:10
     522 | 2026-09-03 16:45:11
     280 | 2026-09-03 16:41:29
     931 | 2026-09-03 16:40:30
     582 | 2026-09-03 16:39:31
     233 | 2026-09-03 16:38:32
     991 | 2026-09-03 16:34:50
     642 | 2026-09-03 16:33:51
     293 | 2026-09-03 16:32:52
     944 | 2026-09-03 16:31:53
     702 | 2026-09-03 16:28:11
     353 | 2026-09-03 16:27:12
       4 | 2026-09-03 16:26:13
     655 | 2026-09-03 16:25:14
     413 | 2026-09-03 16:21:32
      64 | 2026-09-03 16:20:33
     715 | 2026-09-03 16:19:34
     366 | 2026-09-03 16:18:35
     124 | 2026-09-03 16:14:53
     775 | 2026-09-03 16:13:54
     426 | 2026-09-03 16:12:55
      77 | 2026-09-03 16:11:56
     835 | 2026-09-03 16:08:14
     486 | 2026-09-03 16:07:15
     137 | 2026-09-03 16:06:16
     788 | 2026-09-03 16:05:17
     546 | 2026-09-03 16:01:35
     197 | 2026-09-03 16:00:36
     848 | 2026-09-03 15:59:37
     499 | 2026-09-03 15:58:38
     908 | 2026-09-03 15:53:57
     559 | 2026-09-03 15:52:58
     210 | 2026-09-03 15:51:59
     619 | 2026-09-03 15:47:18
     270 | 2026-09-03 15:46:19
     921 | 2026-09-03 15:45:20
     330 | 2026-09-03 15:40:39
     981 | 2026-09-03 15:39:40
     632 | 2026-09-03 15:38:41
      41 | 2026-09-03 15:34:00
     692 | 2026-09-03 15:33:01
     343 | 2026-09-03 15:32:02
     752 | 2026-09-03 15:27:21
     403 | 2026-09-03 15:26:22
      54 | 2026-09-03 15:25:23
     463 | 2026-09-03 15:20:42
     114 | 2026-09-03 15:19:43
     765 | 2026-09-03 15:18:44
     174 | 2026-09-03 15:14:03
     825 | 2026-09-03 15:13:04
     476 | 2026-09-03 15:12:05
     885 | 2026-09-03 15:07:24
     536 | 2026-09-03 15:06:25
     187 | 2026-09-03 15:05:26
     596 | 2026-09-03 15:00:45
     247 | 2026-09-03 14:59:46
     898 | 2026-09-03 14:58:47
     307 | 2026-09-03 14:54:06
     958 | 2026-09-03 14:53:07
     609 | 2026-09-03 14:52:08
      18 | 2026-09-03 14:47:27
     669 | 2026-09-03 14:46:28
     320 | 2026-09-03 14:45:29
     729 | 2026-09-03 14:40:48
     380 | 2026-09-03 14:39:49
      31 | 2026-09-03 14:38:50
     440 | 2026-09-03 14:34:09
      91 | 2026-09-03 14:33:10
     742 | 2026-09-03 14:32:11
     151 | 2026-09-03 14:27:30
     802 | 2026-09-03 14:26:31
     453 | 2026-09-03 14:25:32
     862 | 2026-09-03 14:20:51
     513 | 2026-09-03 14:19:52
     164 | 2026-09-03 14:18:53
     573 | 2026-09-03 14:14:12
     224 | 2026-09-03 14:13:13
     875 | 2026-09-03 14:12:14
     284 | 2026-09-03 14:07:33
     935 | 2026-09-03 14:06:34
     586 | 2026-09-03 14:05:35
     995 | 2026-09-03 14:00:54
     646 | 2026-09-03 13:59:55
     297 | 2026-09-03 13:58:56
     706 | 2026-09-03 13:54:15
     357 | 2026-09-03 13:53:16
       8 | 2026-09-03 13:52:17
     659 | 2026-09-03 13:51:18
     417 | 2026-09-03 13:47:36
      68 | 2026-09-03 13:46:37
     719 | 2026-09-03 13:45:38
     370 | 2026-09-03 13:44:39
     128 | 2026-09-03 13:40:57
     779 | 2026-09-03 13:39:58
     430 | 2026-09-03 13:38:59
      81 | 2026-09-03 13:38:00
     839 | 2026-09-03 13:34:18
     490 | 2026-09-03 13:33:19
     141 | 2026-09-03 13:32:20
     792 | 2026-09-03 13:31:21
     550 | 2026-09-03 13:27:39
     201 | 2026-09-03 13:26:40
     852 | 2026-09-03 13:25:41
     503 | 2026-09-03 13:24:42
     261 | 2026-09-03 13:21:00
     912 | 2026-09-03 13:20:01
     563 | 2026-09-03 13:19:02
     214 | 2026-09-03 13:18:03
     972 | 2026-09-03 13:14:21
     623 | 2026-09-03 13:13:22
     274 | 2026-09-03 13:12:23
     925 | 2026-09-03 13:11:24
     683 | 2026-09-03 13:07:42
     334 | 2026-09-03 13:06:43
     985 | 2026-09-03 13:05:44
     636 | 2026-09-03 13:04:45
      45 | 2026-09-03 13:00:04
     696 | 2026-09-03 12:59:05
     347 | 2026-09-03 12:58:06
     756 | 2026-09-03 12:53:25
     407 | 2026-09-03 12:52:26
      58 | 2026-09-03 12:51:27
     467 | 2026-09-03 12:46:46
     118 | 2026-09-03 12:45:47
     769 | 2026-09-03 12:44:48
     178 | 2026-09-03 12:40:07
     829 | 2026-09-03 12:39:08
     480 | 2026-09-03 12:38:09
     889 | 2026-09-03 12:33:28
     540 | 2026-09-03 12:32:29
     191 | 2026-09-03 12:31:30
     600 | 2026-09-03 12:26:49
     251 | 2026-09-03 12:25:50
     902 | 2026-09-03 12:24:51
     311 | 2026-09-03 12:20:10
     962 | 2026-09-03 12:19:11
     613 | 2026-09-03 12:18:12
      22 | 2026-09-03 12:13:31
     673 | 2026-09-03 12:12:32
     324 | 2026-09-03 12:11:33
     733 | 2026-09-03 12:06:52
     384 | 2026-09-03 12:05:53
      35 | 2026-09-03 12:04:54
     444 | 2026-09-03 12:00:13
      95 | 2026-09-03 11:59:14
     746 | 2026-09-03 11:58:15
     155 | 2026-09-03 11:53:34
     806 | 2026-09-03 11:52:35
     457 | 2026-09-03 11:51:36
     866 | 2026-09-03 11:46:55
     517 | 2026-09-03 11:45:56
     168 | 2026-09-03 11:44:57
     577 | 2026-09-03 11:40:16
     228 | 2026-09-03 11:39:17
     879 | 2026-09-03 11:38:18
     288 | 2026-09-03 11:33:37
     939 | 2026-09-03 11:32:38
     590 | 2026-09-03 11:31:39
     999 | 2026-09-03 11:26:58
     650 | 2026-09-03 11:25:59
     301 | 2026-09-03 11:25:00
     710 | 2026-09-03 11:20:19
     361 | 2026-09-03 11:19:20
      12 | 2026-09-03 11:18:21
     421 | 2026-09-03 11:13:40
      72 | 2026-09-03 11:12:41
     723 | 2026-09-03 11:11:42
     132 | 2026-09-03 11:07:01
     783 | 2026-09-03 11:06:02
     434 | 2026-09-03 11:05:03
     843 | 2026-09-03 11:00:22
     494 | 2026-09-03 10:59:23
     145 | 2026-09-03 10:58:24
     796 | 2026-09-03 10:57:25
     554 | 2026-09-03 10:53:43
     205 | 2026-09-03 10:52:44
     856 | 2026-09-03 10:51:45
     507 | 2026-09-03 10:50:46
     265 | 2026-09-03 10:47:04
     916 | 2026-09-03 10:46:05
     567 | 2026-09-03 10:45:06
     218 | 2026-09-03 10:44:07
     976 | 2026-09-03 10:40:25
     627 | 2026-09-03 10:39:26
     278 | 2026-09-03 10:38:27
     929 | 2026-09-03 10:37:28
     687 | 2026-09-03 10:33:46
     338 | 2026-09-03 10:32:47
     989 | 2026-09-03 10:31:48
     640 | 2026-09-03 10:30:49
     398 | 2026-09-03 10:27:07
      49 | 2026-09-03 10:26:08
     700 | 2026-09-03 10:25:09
     351 | 2026-09-03 10:24:10
     109 | 2026-09-03 10:20:28
     760 | 2026-09-03 10:19:29
     411 | 2026-09-03 10:18:30
      62 | 2026-09-03 10:17:31
     820 | 2026-09-03 10:13:49
     471 | 2026-09-03 10:12:50
     122 | 2026-09-03 10:11:51
     773 | 2026-09-03 10:10:52
     182 | 2026-09-03 10:06:11
     833 | 2026-09-03 10:05:12
     484 | 2026-09-03 10:04:13
     893 | 2026-09-03 09:59:32
     544 | 2026-09-03 09:58:33
     195 | 2026-09-03 09:57:34
     604 | 2026-09-03 09:52:53
     255 | 2026-09-03 09:51:54
     906 | 2026-09-03 09:50:55
     315 | 2026-09-03 09:46:14
     966 | 2026-09-03 09:45:15
     617 | 2026-09-03 09:44:16
      26 | 2026-09-03 09:39:35
     677 | 2026-09-03 09:38:36
     328 | 2026-09-03 09:37:37
     737 | 2026-09-03 09:32:56
     388 | 2026-09-03 09:31:57
      39 | 2026-09-03 09:30:58
     448 | 2026-09-03 09:26:17
      99 | 2026-09-03 09:25:18
     750 | 2026-09-03 09:24:19
     159 | 2026-09-03 09:19:38
     810 | 2026-09-03 09:18:39
     461 | 2026-09-03 09:17:40
     870 | 2026-09-03 09:12:59
     521 | 2026-09-03 09:12:00
     172 | 2026-09-03 09:11:01
     581 | 2026-09-03 09:06:20
     232 | 2026-09-03 09:05:21
     883 | 2026-09-03 09:04:22
     292 | 2026-09-03 08:59:41
     943 | 2026-09-03 08:58:42
     594 | 2026-09-03 08:57:43
       3 | 2026-09-03 08:53:02
     654 | 2026-09-03 08:52:03
     305 | 2026-09-03 08:51:04
     714 | 2026-09-03 08:46:23
     365 | 2026-09-03 08:45:24
      16 | 2026-09-03 08:44:25
     425 | 2026-09-03 08:39:44
      76 | 2026-09-03 08:38:45
     727 | 2026-09-03 08:37:46
     136 | 2026-09-03 08:33:05
     787 | 2026-09-03 08:32:06
     438 | 2026-09-03 08:31:07
     847 | 2026-09-03 08:26:26
     498 | 2026-09-03 08:25:27
     149 | 2026-09-03 08:24:28
     558 | 2026-09-03 08:19:47
     209 | 2026-09-03 08:18:48
     860 | 2026-09-03 08:17:49
     269 | 2026-09-03 08:13:08
     920 | 2026-09-03 08:12:09
     571 | 2026-09-03 08:11:10
     980 | 2026-09-03 08:06:29
     631 | 2026-09-03 08:05:30
     282 | 2026-09-03 08:04:31
     933 | 2026-09-03 08:03:32
     691 | 2026-09-03 07:59:50
     342 | 2026-09-03 07:58:51
     993 | 2026-09-03 07:57:52
     644 | 2026-09-03 07:56:53
     402 | 2026-09-03 07:53:11
      53 | 2026-09-03 07:52:12
     704 | 2026-09-03 07:51:13
     355 | 2026-09-03 07:50:14
     113 | 2026-09-03 07:46:32
     764 | 2026-09-03 07:45:33
     415 | 2026-09-03 07:44:34
      66 | 2026-09-03 07:43:35
     824 | 2026-09-03 07:39:53
     475 | 2026-09-03 07:38:54
     126 | 2026-09-03 07:37:55
     777 | 2026-09-03 07:36:56
     535 | 2026-09-03 07:33:14
     186 | 2026-09-03 07:32:15
     837 | 2026-09-03 07:31:16
     488 | 2026-09-03 07:30:17
     246 | 2026-09-03 07:26:35
     897 | 2026-09-03 07:25:36
     548 | 2026-09-03 07:24:37
     199 | 2026-09-03 07:23:38
     957 | 2026-09-03 07:19:56
     608 | 2026-09-03 07:18:57
     259 | 2026-09-03 07:17:58
     910 | 2026-09-03 07:16:59
     319 | 2026-09-03 07:12:18
     970 | 2026-09-03 07:11:19
     621 | 2026-09-03 07:10:20
      30 | 2026-09-03 07:05:39
     681 | 2026-09-03 07:04:40
     332 | 2026-09-03 07:03:41
     741 | 2026-09-03 06:59:00
     392 | 2026-09-03 06:58:01
      43 | 2026-09-03 06:57:02
     452 | 2026-09-03 06:52:21
     103 | 2026-09-03 06:51:22
     754 | 2026-09-03 06:50:23
     163 | 2026-09-03 06:45:42
     814 | 2026-09-03 06:44:43
     465 | 2026-09-03 06:43:44
     874 | 2026-09-03 06:39:03
     525 | 2026-09-03 06:38:04
     176 | 2026-09-03 06:37:05
     585 | 2026-09-03 06:32:24
     236 | 2026-09-03 06:31:25
     887 | 2026-09-03 06:30:26
     296 | 2026-09-03 06:25:45
     947 | 2026-09-03 06:24:46
     598 | 2026-09-03 06:23:47
       7 | 2026-09-03 06:19:06
     658 | 2026-09-03 06:18:07
     309 | 2026-09-03 06:17:08
     718 | 2026-09-03 06:12:27
     369 | 2026-09-03 06:11:28
      20 | 2026-09-03 06:10:29
     429 | 2026-09-03 06:05:48
      80 | 2026-09-03 06:04:49
     731 | 2026-09-03 06:03:50
     140 | 2026-09-03 05:59:09
     791 | 2026-09-03 05:58:10
     442 | 2026-09-03 05:57:11
     851 | 2026-09-03 05:52:30
     502 | 2026-09-03 05:51:31
     153 | 2026-09-03 05:50:32
     562 | 2026-09-03 05:45:51
     213 | 2026-09-03 05:44:52
     864 | 2026-09-03 05:43:53
     273 | 2026-09-03 05:39:12
     924 | 2026-09-03 05:38:13
     575 | 2026-09-03 05:37:14
     984 | 2026-09-03 05:32:33
     635 | 2026-09-03 05:31:34
     286 | 2026-09-03 05:30:35
     695 | 2026-09-03 05:25:54
     346 | 2026-09-03 05:24:55
     997 | 2026-09-03 05:23:56
     406 | 2026-09-03 05:19:15
      57 | 2026-09-03 05:18:16
     708 | 2026-09-03 05:17:17
     117 | 2026-09-03 05:12:36
     768 | 2026-09-03 05:11:37
     419 | 2026-09-03 05:10:38
      70 | 2026-09-03 05:09:39
     828 | 2026-09-03 05:05:57
     479 | 2026-09-03 05:04:58
     130 | 2026-09-03 05:03:59
     781 | 2026-09-03 05:03:00
     539 | 2026-09-03 04:59:18
     190 | 2026-09-03 04:58:19
     841 | 2026-09-03 04:57:20
     492 | 2026-09-03 04:56:21
     250 | 2026-09-03 04:52:39
     901 | 2026-09-03 04:51:40
     552 | 2026-09-03 04:50:41
     203 | 2026-09-03 04:49:42
     961 | 2026-09-03 04:46:00
     612 | 2026-09-03 04:45:01
     263 | 2026-09-03 04:44:02
     914 | 2026-09-03 04:43:03
     672 | 2026-09-03 04:39:21
     323 | 2026-09-03 04:38:22
     974 | 2026-09-03 04:37:23
     625 | 2026-09-03 04:36:24
     383 | 2026-09-03 04:32:42
      34 | 2026-09-03 04:31:43
     685 | 2026-09-03 04:30:44
     336 | 2026-09-03 04:29:45
      94 | 2026-09-03 04:26:03
     745 | 2026-09-03 04:25:04
     396 | 2026-09-03 04:24:05
      47 | 2026-09-03 04:23:06
     456 | 2026-09-03 04:18:25
     107 | 2026-09-03 04:17:26
     758 | 2026-09-03 04:16:27
     167 | 2026-09-03 04:11:46
     818 | 2026-09-03 04:10:47
     469 | 2026-09-03 04:09:48
     878 | 2026-09-03 04:05:07
     529 | 2026-09-03 04:04:08
     180 | 2026-09-03 04:03:09
     589 | 2026-09-03 03:58:28
     240 | 2026-09-03 03:57:29
     891 | 2026-09-03 03:56:30
     300 | 2026-09-03 03:51:49
     951 | 2026-09-03 03:50:50
     602 | 2026-09-03 03:49:51
      11 | 2026-09-03 03:45:10
     662 | 2026-09-03 03:44:11
     313 | 2026-09-03 03:43:12
     722 | 2026-09-03 03:38:31
     373 | 2026-09-03 03:37:32
      24 | 2026-09-03 03:36:33
     433 | 2026-09-03 03:31:52
      84 | 2026-09-03 03:30:53
     735 | 2026-09-03 03:29:54
     144 | 2026-09-03 03:25:13
     795 | 2026-09-03 03:24:14
     446 | 2026-09-03 03:23:15
     855 | 2026-09-03 03:18:34
     506 | 2026-09-03 03:17:35
     157 | 2026-09-03 03:16:36
     566 | 2026-09-03 03:11:55
     217 | 2026-09-03 03:10:56
     868 | 2026-09-03 03:09:57
     277 | 2026-09-03 03:05:16
     928 | 2026-09-03 03:04:17
     579 | 2026-09-03 03:03:18
     988 | 2026-09-03 02:58:37
     639 | 2026-09-03 02:57:38
     290 | 2026-09-03 02:56:39
     699 | 2026-09-03 02:51:58
     350 | 2026-09-03 02:50:59
       1 | 2026-09-03 02:50:00
     410 | 2026-09-03 02:45:19
      61 | 2026-09-03 02:44:20
     712 | 2026-09-03 02:43:21
     121 | 2026-09-03 02:38:40
     772 | 2026-09-03 02:37:41
     423 | 2026-09-03 02:36:42
     832 | 2026-09-03 02:32:01
     483 | 2026-09-03 02:31:02
     134 | 2026-09-03 02:30:03
     543 | 2026-09-03 02:25:22
     194 | 2026-09-03 02:24:23
     845 | 2026-09-03 02:23:24
     254 | 2026-09-03 02:18:43
     905 | 2026-09-03 02:17:44
     556 | 2026-09-03 02:16:45
     207 | 2026-09-03 02:15:46
     965 | 2026-09-03 02:12:04
     616 | 2026-09-03 02:11:05
     267 | 2026-09-03 02:10:06
     918 | 2026-09-03 02:09:07
     676 | 2026-09-03 02:05:25
     327 | 2026-09-03 02:04:26
     978 | 2026-09-03 02:03:27
     629 | 2026-09-03 02:02:28
     387 | 2026-09-03 01:58:46
      38 | 2026-09-03 01:57:47
     689 | 2026-09-03 01:56:48
     340 | 2026-09-03 01:55:49
      98 | 2026-09-03 01:52:07
     749 | 2026-09-03 01:51:08
     400 | 2026-09-03 01:50:09
      51 | 2026-09-03 01:49:10
     809 | 2026-09-03 01:45:28
     460 | 2026-09-03 01:44:29
     111 | 2026-09-03 01:43:30
     762 | 2026-09-03 01:42:31
     520 | 2026-09-03 01:38:49
     171 | 2026-09-03 01:37:50
     822 | 2026-09-03 01:36:51
     473 | 2026-09-03 01:35:52
     231 | 2026-09-03 01:32:10
     882 | 2026-09-03 01:31:11
     533 | 2026-09-03 01:30:12
     184 | 2026-09-03 01:29:13
     593 | 2026-09-03 01:24:32
     244 | 2026-09-03 01:23:33
     895 | 2026-09-03 01:22:34
     304 | 2026-09-03 01:17:53
     955 | 2026-09-03 01:16:54
     606 | 2026-09-03 01:15:55
      15 | 2026-09-03 01:11:14
     666 | 2026-09-03 01:10:15
     317 | 2026-09-03 01:09:16
     726 | 2026-09-03 01:04:35
     377 | 2026-09-03 01:03:36
      28 | 2026-09-03 01:02:37
     437 | 2026-09-03 00:57:56
      88 | 2026-09-03 00:56:57
     739 | 2026-09-03 00:55:58
     148 | 2026-09-03 00:51:17
     799 | 2026-09-03 00:50:18
     450 | 2026-09-03 00:49:19
     859 | 2026-09-03 00:44:38
     510 | 2026-09-03 00:43:39
     161 | 2026-09-03 00:42:40
     570 | 2026-09-03 00:37:59
     221 | 2026-09-03 00:37:00
     872 | 2026-09-03 00:36:01
     281 | 2026-09-03 00:31:20
     932 | 2026-09-03 00:30:21
     583 | 2026-09-03 00:29:22
     992 | 2026-09-03 00:24:41
     643 | 2026-09-03 00:23:42
     294 | 2026-09-03 00:22:43
     703 | 2026-09-03 00:18:02
     354 | 2026-09-03 00:17:03
       5 | 2026-09-03 00:16:04
     414 | 2026-09-03 00:11:23
      65 | 2026-09-03 00:10:24
     716 | 2026-09-03 00:09:25
     125 | 2026-09-03 00:04:44
     776 | 2026-09-03 00:03:45
     427 | 2026-09-03 00:02:46
     836 | 2026-09-02 23:58:05
     487 | 2026-09-02 23:57:06
     138 | 2026-09-02 23:56:07
     547 | 2026-09-02 23:51:26
     198 | 2026-09-02 23:50:27
     849 | 2026-09-02 23:49:28
     258 | 2026-09-02 23:44:47
     909 | 2026-09-02 23:43:48
     560 | 2026-09-02 23:42:49
     969 | 2026-09-02 23:38:08
     620 | 2026-09-02 23:37:09
     271 | 2026-09-02 23:36:10
     680 | 2026-09-02 23:31:29
     331 | 2026-09-02 23:30:30
     982 | 2026-09-02 23:29:31
     391 | 2026-09-02 23:24:50
      42 | 2026-09-02 23:23:51
     693 | 2026-09-02 23:22:52
     344 | 2026-09-02 23:21:53
     102 | 2026-09-02 23:18:11
     753 | 2026-09-02 23:17:12
     404 | 2026-09-02 23:16:13
      55 | 2026-09-02 23:15:14
     813 | 2026-09-02 23:11:32
     464 | 2026-09-02 23:10:33
     115 | 2026-09-02 23:09:34
     766 | 2026-09-02 23:08:35
     524 | 2026-09-02 23:04:53
     175 | 2026-09-02 23:03:54
     826 | 2026-09-02 23:02:55
     477 | 2026-09-02 23:01:56
     235 | 2026-09-02 22:58:14
     886 | 2026-09-02 22:57:15
     537 | 2026-09-02 22:56:16
     188 | 2026-09-02 22:55:17
     946 | 2026-09-02 22:51:35
     597 | 2026-09-02 22:50:36
     248 | 2026-09-02 22:49:37
     899 | 2026-09-02 22:48:38
     657 | 2026-09-02 22:44:56
     308 | 2026-09-02 22:43:57
     959 | 2026-09-02 22:42:58
     610 | 2026-09-02 22:41:59
     368 | 2026-09-02 22:38:17
      19 | 2026-09-02 22:37:18
     670 | 2026-09-02 22:36:19
     321 | 2026-09-02 22:35:20
     730 | 2026-09-02 22:30:39
     381 | 2026-09-02 22:29:40
      32 | 2026-09-02 22:28:41
     441 | 2026-09-02 22:24:00
      92 | 2026-09-02 22:23:01
     743 | 2026-09-02 22:22:02
     152 | 2026-09-02 22:17:21
     803 | 2026-09-02 22:16:22
     454 | 2026-09-02 22:15:23
     863 | 2026-09-02 22:10:42
     514 | 2026-09-02 22:09:43
     165 | 2026-09-02 22:08:44
     574 | 2026-09-02 22:04:03
     225 | 2026-09-02 22:03:04
     876 | 2026-09-02 22:02:05
     285 | 2026-09-02 21:57:24
     936 | 2026-09-02 21:56:25
     587 | 2026-09-02 21:55:26
     996 | 2026-09-02 21:50:45
     647 | 2026-09-02 21:49:46
     298 | 2026-09-02 21:48:47
     707 | 2026-09-02 21:44:06
     358 | 2026-09-02 21:43:07
       9 | 2026-09-02 21:42:08
     418 | 2026-09-02 21:37:27
      69 | 2026-09-02 21:36:28
     720 | 2026-09-02 21:35:29
     129 | 2026-09-02 21:30:48
     780 | 2026-09-02 21:29:49
     431 | 2026-09-02 21:28:50
     840 | 2026-09-02 21:24:09
     491 | 2026-09-02 21:23:10
     142 | 2026-09-02 21:22:11
     551 | 2026-09-02 21:17:30
     202 | 2026-09-02 21:16:31
     853 | 2026-09-02 21:15:32
     262 | 2026-09-02 21:10:51
     913 | 2026-09-02 21:09:52
     564 | 2026-09-02 21:08:53
     973 | 2026-09-02 21:04:12
     624 | 2026-09-02 21:03:13
     275 | 2026-09-02 21:02:14
     684 | 2026-09-02 20:57:33
     335 | 2026-09-02 20:56:34
     986 | 2026-09-02 20:55:35
     395 | 2026-09-02 20:50:54
      46 | 2026-09-02 20:49:55
     697 | 2026-09-02 20:48:56
     106 | 2026-09-02 20:44:15
     757 | 2026-09-02 20:43:16
     408 | 2026-09-02 20:42:17
     817 | 2026-09-02 20:37:36
     468 | 2026-09-02 20:36:37
     119 | 2026-09-02 20:35:38
     528 | 2026-09-02 20:30:57
     179 | 2026-09-02 20:29:58
     830 | 2026-09-02 20:28:59
     481 | 2026-09-02 20:28:00
     239 | 2026-09-02 20:24:18
     890 | 2026-09-02 20:23:19
     541 | 2026-09-02 20:22:20
     192 | 2026-09-02 20:21:21
     950 | 2026-09-02 20:17:39
     601 | 2026-09-02 20:16:40
     252 | 2026-09-02 20:15:41
     903 | 2026-09-02 20:14:42
     661 | 2026-09-02 20:11:00
     312 | 2026-09-02 20:10:01
     963 | 2026-09-02 20:09:02
     614 | 2026-09-02 20:08:03
     372 | 2026-09-02 20:04:21
      23 | 2026-09-02 20:03:22
     674 | 2026-09-02 20:02:23
     325 | 2026-09-02 20:01:24
      83 | 2026-09-02 19:57:42
     734 | 2026-09-02 19:56:43
     385 | 2026-09-02 19:55:44
      36 | 2026-09-02 19:54:45
     794 | 2026-09-02 19:51:03
     445 | 2026-09-02 19:50:04
      96 | 2026-09-02 19:49:05
     747 | 2026-09-02 19:48:06
     505 | 2026-09-02 19:44:24
     156 | 2026-09-02 19:43:25
     807 | 2026-09-02 19:42:26
     458 | 2026-09-02 19:41:27
     867 | 2026-09-02 19:36:46
     518 | 2026-09-02 19:35:47
     169 | 2026-09-02 19:34:48
     578 | 2026-09-02 19:30:07
     229 | 2026-09-02 19:29:08
     880 | 2026-09-02 19:28:09
     289 | 2026-09-02 19:23:28
     940 | 2026-09-02 19:22:29
     591 | 2026-09-02 19:21:30
    1000 | 2026-09-02 19:16:49
     651 | 2026-09-02 19:15:50
     302 | 2026-09-02 19:14:51
     711 | 2026-09-02 19:10:10
     362 | 2026-09-02 19:09:11
      13 | 2026-09-02 19:08:12
     422 | 2026-09-02 19:03:31
      73 | 2026-09-02 19:02:32
     724 | 2026-09-02 19:01:33
     133 | 2026-09-02 18:56:52
     784 | 2026-09-02 18:55:53
     435 | 2026-09-02 18:54:54
     844 | 2026-09-02 18:50:13
     495 | 2026-09-02 18:49:14
     146 | 2026-09-02 18:48:15
     555 | 2026-09-02 18:43:34
     206 | 2026-09-02 18:42:35
     857 | 2026-09-02 18:41:36
     266 | 2026-09-02 18:36:55
     917 | 2026-09-02 18:35:56
     568 | 2026-09-02 18:34:57
     977 | 2026-09-02 18:30:16
     628 | 2026-09-02 18:29:17
     279 | 2026-09-02 18:28:18
     688 | 2026-09-02 18:23:37
     339 | 2026-09-02 18:22:38
     990 | 2026-09-02 18:21:39
     399 | 2026-09-02 18:16:58
      50 | 2026-09-02 18:15:59
     701 | 2026-09-02 18:15:00
     110 | 2026-09-02 18:10:19
     761 | 2026-09-02 18:09:20
     412 | 2026-09-02 18:08:21
     821 | 2026-09-02 18:03:40
     472 | 2026-09-02 18:02:41
     123 | 2026-09-02 18:01:42
     532 | 2026-09-02 17:57:01
     183 | 2026-09-02 17:56:02
     834 | 2026-09-02 17:55:03
     243 | 2026-09-02 17:50:22
     894 | 2026-09-02 17:49:23
     545 | 2026-09-02 17:48:24
     954 | 2026-09-02 17:43:43
     605 | 2026-09-02 17:42:44
     256 | 2026-09-02 17:41:45
     665 | 2026-09-02 17:37:04
     316 | 2026-09-02 17:36:05
     967 | 2026-09-02 17:35:06
     618 | 2026-09-02 17:34:07
     376 | 2026-09-02 17:30:25
      27 | 2026-09-02 17:29:26
     678 | 2026-09-02 17:28:27
     329 | 2026-09-02 17:27:28
      87 | 2026-09-02 17:23:46
     738 | 2026-09-02 17:22:47
     389 | 2026-09-02 17:21:48
      40 | 2026-09-02 17:20:49
     798 | 2026-09-02 17:17:07
     449 | 2026-09-02 17:16:08
     100 | 2026-09-02 17:15:09
     751 | 2026-09-02 17:14:10
     509 | 2026-09-02 17:10:28
     160 | 2026-09-02 17:09:29
     811 | 2026-09-02 17:08:30
     462 | 2026-09-02 17:07:31
     220 | 2026-09-02 17:03:49
     871 | 2026-09-02 17:02:50
     522 | 2026-09-02 17:01:51
     173 | 2026-09-02 17:00:52
     931 | 2026-09-02 16:57:10
     582 | 2026-09-02 16:56:11
     233 | 2026-09-02 16:55:12
     884 | 2026-09-02 16:54:13
     642 | 2026-09-02 16:50:31
     293 | 2026-09-02 16:49:32
     944 | 2026-09-02 16:48:33
     595 | 2026-09-02 16:47:34
     353 | 2026-09-02 16:43:52
       4 | 2026-09-02 16:42:53
     655 | 2026-09-02 16:41:54
     306 | 2026-09-02 16:40:55
     715 | 2026-09-02 16:36:14
     366 | 2026-09-02 16:35:15
      17 | 2026-09-02 16:34:16
     426 | 2026-09-02 16:29:35
      77 | 2026-09-02 16:28:36
     728 | 2026-09-02 16:27:37
     137 | 2026-09-02 16:22:56
     788 | 2026-09-02 16:21:57
     439 | 2026-09-02 16:20:58
     848 | 2026-09-02 16:16:17
     499 | 2026-09-02 16:15:18
     150 | 2026-09-02 16:14:19
     559 | 2026-09-02 16:09:38
     210 | 2026-09-02 16:08:39
     861 | 2026-09-02 16:07:40
     270 | 2026-09-02 16:02:59
     921 | 2026-09-02 16:02:00
     572 | 2026-09-02 16:01:01
     981 | 2026-09-02 15:56:20
     632 | 2026-09-02 15:55:21
     283 | 2026-09-02 15:54:22
     692 | 2026-09-02 15:49:41
     343 | 2026-09-02 15:48:42
     994 | 2026-09-02 15:47:43
     403 | 2026-09-02 15:43:02
      54 | 2026-09-02 15:42:03
     705 | 2026-09-02 15:41:04
     114 | 2026-09-02 15:36:23
     765 | 2026-09-02 15:35:24
     416 | 2026-09-02 15:34:25
     825 | 2026-09-02 15:29:44
     476 | 2026-09-02 15:28:45
     127 | 2026-09-02 15:27:46
     536 | 2026-09-02 15:23:05
     187 | 2026-09-02 15:22:06
     838 | 2026-09-02 15:21:07
     247 | 2026-09-02 15:16:26
     898 | 2026-09-02 15:15:27
     549 | 2026-09-02 15:14:28
     958 | 2026-09-02 15:09:47
     609 | 2026-09-02 15:08:48
     260 | 2026-09-02 15:07:49
     669 | 2026-09-02 15:03:08
     320 | 2026-09-02 15:02:09
     971 | 2026-09-02 15:01:10
     380 | 2026-09-02 14:56:29
      31 | 2026-09-02 14:55:30
     682 | 2026-09-02 14:54:31
      91 | 2026-09-02 14:49:50
     742 | 2026-09-02 14:48:51
     393 | 2026-09-02 14:47:52
     802 | 2026-09-02 14:43:11
     453 | 2026-09-02 14:42:12
     104 | 2026-09-02 14:41:13
     755 | 2026-09-02 14:40:14
     513 | 2026-09-02 14:36:32
     164 | 2026-09-02 14:35:33
     815 | 2026-09-02 14:34:34
     466 | 2026-09-02 14:33:35
     224 | 2026-09-02 14:29:53
     875 | 2026-09-02 14:28:54
     526 | 2026-09-02 14:27:55
     177 | 2026-09-02 14:26:56
     935 | 2026-09-02 14:23:14
     586 | 2026-09-02 14:22:15
     237 | 2026-09-02 14:21:16
     888 | 2026-09-02 14:20:17
     646 | 2026-09-02 14:16:35
     297 | 2026-09-02 14:15:36
     948 | 2026-09-02 14:14:37
     599 | 2026-09-02 14:13:38
     357 | 2026-09-02 14:09:56
       8 | 2026-09-02 14:08:57
     659 | 2026-09-02 14:07:58
     310 | 2026-09-02 14:06:59
      68 | 2026-09-02 14:03:17
     719 | 2026-09-02 14:02:18
     370 | 2026-09-02 14:01:19
      21 | 2026-09-02 14:00:20
     779 | 2026-09-02 13:56:38
     430 | 2026-09-02 13:55:39
      81 | 2026-09-02 13:54:40
     732 | 2026-09-02 13:53:41
     490 | 2026-09-02 13:49:59
     141 | 2026-09-02 13:49:00
     792 | 2026-09-02 13:48:01
     443 | 2026-09-02 13:47:02
     852 | 2026-09-02 13:42:21
     503 | 2026-09-02 13:41:22
     154 | 2026-09-02 13:40:23
     563 | 2026-09-02 13:35:42
     214 | 2026-09-02 13:34:43
     865 | 2026-09-02 13:33:44
     274 | 2026-09-02 13:29:03
     925 | 2026-09-02 13:28:04
     576 | 2026-09-02 13:27:05
     985 | 2026-09-02 13:22:24
     636 | 2026-09-02 13:21:25
     287 | 2026-09-02 13:20:26
     696 | 2026-09-02 13:15:45
     347 | 2026-09-02 13:14:46
     998 | 2026-09-02 13:13:47
     407 | 2026-09-02 13:09:06
      58 | 2026-09-02 13:08:07
     709 | 2026-09-02 13:07:08
     118 | 2026-09-02 13:02:27
     769 | 2026-09-02 13:01:28
     420 | 2026-09-02 13:00:29
     829 | 2026-09-02 12:55:48
     480 | 2026-09-02 12:54:49
     131 | 2026-09-02 12:53:50
     540 | 2026-09-02 12:49:09
     191 | 2026-09-02 12:48:10
     842 | 2026-09-02 12:47:11
     251 | 2026-09-02 12:42:30
     902 | 2026-09-02 12:41:31
     553 | 2026-09-02 12:40:32
     962 | 2026-09-02 12:35:51
     613 | 2026-09-02 12:34:52
     264 | 2026-09-02 12:33:53
     673 | 2026-09-02 12:29:12
     324 | 2026-09-02 12:28:13
     975 | 2026-09-02 12:27:14
     384 | 2026-09-02 12:22:33
      35 | 2026-09-02 12:21:34
     686 | 2026-09-02 12:20:35
      95 | 2026-09-02 12:15:54
     746 | 2026-09-02 12:14:55
     397 | 2026-09-02 12:13:56
     806 | 2026-09-02 12:09:15
     457 | 2026-09-02 12:08:16
     108 | 2026-09-02 12:07:17
     517 | 2026-09-02 12:02:36
     168 | 2026-09-02 12:01:37
     819 | 2026-09-02 12:00:38
     228 | 2026-09-02 11:55:57
     879 | 2026-09-02 11:54:58
     530 | 2026-09-02 11:53:59
     939 | 2026-09-02 11:49:18
     590 | 2026-09-02 11:48:19
     241 | 2026-09-02 11:47:20
     892 | 2026-09-02 11:46:21
     650 | 2026-09-02 11:42:39
     301 | 2026-09-02 11:41:40
     952 | 2026-09-02 11:40:41
     603 | 2026-09-02 11:39:42
     361 | 2026-09-02 11:36:00
      12 | 2026-09-02 11:35:01
     663 | 2026-09-02 11:34:02
     314 | 2026-09-02 11:33:03
      72 | 2026-09-02 11:29:21
     723 | 2026-09-02 11:28:22
     374 | 2026-09-02 11:27:23
      25 | 2026-09-02 11:26:24
     783 | 2026-09-02 11:22:42
     434 | 2026-09-02 11:21:43
      85 | 2026-09-02 11:20:44
     736 | 2026-09-02 11:19:45
     494 | 2026-09-02 11:16:03
     145 | 2026-09-02 11:15:04
     796 | 2026-09-02 11:14:05
     447 | 2026-09-02 11:13:06
     205 | 2026-09-02 11:09:24
     856 | 2026-09-02 11:08:25
     507 | 2026-09-02 11:07:26
     158 | 2026-09-02 11:06:27
     916 | 2026-09-02 11:02:45
     567 | 2026-09-02 11:01:46
     218 | 2026-09-02 11:00:47
     869 | 2026-09-02 10:59:48
     627 | 2026-09-02 10:56:06
     278 | 2026-09-02 10:55:07
     929 | 2026-09-02 10:54:08
     580 | 2026-09-02 10:53:09
     989 | 2026-09-02 10:48:28
     640 | 2026-09-02 10:47:29
     291 | 2026-09-02 10:46:30
     700 | 2026-09-02 10:41:49
     351 | 2026-09-02 10:40:50
       2 | 2026-09-02 10:39:51
     411 | 2026-09-02 10:35:10
      62 | 2026-09-02 10:34:11
     713 | 2026-09-02 10:33:12
     122 | 2026-09-02 10:28:31
     773 | 2026-09-02 10:27:32
     424 | 2026-09-02 10:26:33
     833 | 2026-09-02 10:21:52
     484 | 2026-09-02 10:20:53
     135 | 2026-09-02 10:19:54
     544 | 2026-09-02 10:15:13
     195 | 2026-09-02 10:14:14
     846 | 2026-09-02 10:13:15
     255 | 2026-09-02 10:08:34
     906 | 2026-09-02 10:07:35
     557 | 2026-09-02 10:06:36
     966 | 2026-09-02 10:01:55
     617 | 2026-09-02 10:00:56
     268 | 2026-09-02 09:59:57
     677 | 2026-09-02 09:55:16
     328 | 2026-09-02 09:54:17
     979 | 2026-09-02 09:53:18
     388 | 2026-09-02 09:48:37
      39 | 2026-09-02 09:47:38
     690 | 2026-09-02 09:46:39
      99 | 2026-09-02 09:41:58
     750 | 2026-09-02 09:40:59
     401 | 2026-09-02 09:40:00
     810 | 2026-09-02 09:35:19
     461 | 2026-09-02 09:34:20
     112 | 2026-09-02 09:33:21
     521 | 2026-09-02 09:28:40
     172 | 2026-09-02 09:27:41
     823 | 2026-09-02 09:26:42
     232 | 2026-09-02 09:22:01
     883 | 2026-09-02 09:21:02
     534 | 2026-09-02 09:20:03
     943 | 2026-09-02 09:15:22
     594 | 2026-09-02 09:14:23
     245 | 2026-09-02 09:13:24
     654 | 2026-09-02 09:08:43
     305 | 2026-09-02 09:07:44
     956 | 2026-09-02 09:06:45
     365 | 2026-09-02 09:02:04
      16 | 2026-09-02 09:01:05
     667 | 2026-09-02 09:00:06
      76 | 2026-09-02 08:55:25
     727 | 2026-09-02 08:54:26
     378 | 2026-09-02 08:53:27
     787 | 2026-09-02 08:48:46
     438 | 2026-09-02 08:47:47
      89 | 2026-09-02 08:46:48
     740 | 2026-09-02 08:45:49
     498 | 2026-09-02 08:42:07
     149 | 2026-09-02 08:41:08
     800 | 2026-09-02 08:40:09
     451 | 2026-09-02 08:39:10
     209 | 2026-09-02 08:35:28
     860 | 2026-09-02 08:34:29
     511 | 2026-09-02 08:33:30
     162 | 2026-09-02 08:32:31
     920 | 2026-09-02 08:28:49
     571 | 2026-09-02 08:27:50
     222 | 2026-09-02 08:26:51
     873 | 2026-09-02 08:25:52
     631 | 2026-09-02 08:22:10
     282 | 2026-09-02 08:21:11
     933 | 2026-09-02 08:20:12
     584 | 2026-09-02 08:19:13
     342 | 2026-09-02 08:15:31
     993 | 2026-09-02 08:14:32
     644 | 2026-09-02 08:13:33
     295 | 2026-09-02 08:12:34
      53 | 2026-09-02 08:08:52
     704 | 2026-09-02 08:07:53
     355 | 2026-09-02 08:06:54
       6 | 2026-09-02 08:05:55
     764 | 2026-09-02 08:02:13
     415 | 2026-09-02 08:01:14
      66 | 2026-09-02 08:00:15
     717 | 2026-09-02 07:59:16
     126 | 2026-09-02 07:54:35
     777 | 2026-09-02 07:53:36
     428 | 2026-09-02 07:52:37
     837 | 2026-09-02 07:47:56
     488 | 2026-09-02 07:46:57
     139 | 2026-09-02 07:45:58
     548 | 2026-09-02 07:41:17
     199 | 2026-09-02 07:40:18
     850 | 2026-09-02 07:39:19
     259 | 2026-09-02 07:34:38
     910 | 2026-09-02 07:33:39
     561 | 2026-09-02 07:32:40
     970 | 2026-09-02 07:27:59
     621 | 2026-09-02 07:27:00
     272 | 2026-09-02 07:26:01
     681 | 2026-09-02 07:21:20
     332 | 2026-09-02 07:20:21
     983 | 2026-09-02 07:19:22
     392 | 2026-09-02 07:14:41
      43 | 2026-09-02 07:13:42
     694 | 2026-09-02 07:12:43
     103 | 2026-09-02 07:08:02
     754 | 2026-09-02 07:07:03
     405 | 2026-09-02 07:06:04
     814 | 2026-09-02 07:01:23
     465 | 2026-09-02 07:00:24
     116 | 2026-09-02 06:59:25
     525 | 2026-09-02 06:54:44
     176 | 2026-09-02 06:53:45
     827 | 2026-09-02 06:52:46
     236 | 2026-09-02 06:48:05
     887 | 2026-09-02 06:47:06
     538 | 2026-09-02 06:46:07
     947 | 2026-09-02 06:41:26
     598 | 2026-09-02 06:40:27
     249 | 2026-09-02 06:39:28
     658 | 2026-09-02 06:34:47
     309 | 2026-09-02 06:33:48
     960 | 2026-09-02 06:32:49
     369 | 2026-09-02 06:28:08
      20 | 2026-09-02 06:27:09
     671 | 2026-09-02 06:26:10
      80 | 2026-09-02 06:21:29
     731 | 2026-09-02 06:20:30
     382 | 2026-09-02 06:19:31
     791 | 2026-09-02 06:14:50
     442 | 2026-09-02 06:13:51
      93 | 2026-09-02 06:12:52
     502 | 2026-09-02 06:08:11
     153 | 2026-09-02 06:07:12
     804 | 2026-09-02 06:06:13
     213 | 2026-09-02 06:01:32
     864 | 2026-09-02 06:00:33
     515 | 2026-09-02 05:59:34
     924 | 2026-09-02 05:54:53
     575 | 2026-09-02 05:53:54
     226 | 2026-09-02 05:52:55
     877 | 2026-09-02 05:51:56
     635 | 2026-09-02 05:48:14
     286 | 2026-09-02 05:47:15
     937 | 2026-09-02 05:46:16
     588 | 2026-09-02 05:45:17
     346 | 2026-09-02 05:41:35
     997 | 2026-09-02 05:40:36
     648 | 2026-09-02 05:39:37
     299 | 2026-09-02 05:38:38
      57 | 2026-09-02 05:34:56
     708 | 2026-09-02 05:33:57
     359 | 2026-09-02 05:32:58
      10 | 2026-09-02 05:31:59
     768 | 2026-09-02 05:28:17
     419 | 2026-09-02 05:27:18
      70 | 2026-09-02 05:26:19
     721 | 2026-09-02 05:25:20
     479 | 2026-09-02 05:21:38
     130 | 2026-09-02 05:20:39
     781 | 2026-09-02 05:19:40
     432 | 2026-09-02 05:18:41
     190 | 2026-09-02 05:14:59
     841 | 2026-09-02 05:14:00
     492 | 2026-09-02 05:13:01
     143 | 2026-09-02 05:12:02
     901 | 2026-09-02 05:08:20
     552 | 2026-09-02 05:07:21
     203 | 2026-09-02 05:06:22
     854 | 2026-09-02 05:05:23
     263 | 2026-09-02 05:00:42
     914 | 2026-09-02 04:59:43
     565 | 2026-09-02 04:58:44
     974 | 2026-09-02 04:54:03
     625 | 2026-09-02 04:53:04
     276 | 2026-09-02 04:52:05
     685 | 2026-09-02 04:47:24
     336 | 2026-09-02 04:46:25
     987 | 2026-09-02 04:45:26
     396 | 2026-09-02 04:40:45
      47 | 2026-09-02 04:39:46
     698 | 2026-09-02 04:38:47
     107 | 2026-09-02 04:34:06
     758 | 2026-09-02 04:33:07
     409 | 2026-09-02 04:32:08
     818 | 2026-09-02 04:27:27
     469 | 2026-09-02 04:26:28
     120 | 2026-09-02 04:25:29
     529 | 2026-09-02 04:20:48
     180 | 2026-09-02 04:19:49
     831 | 2026-09-02 04:18:50
     240 | 2026-09-02 04:14:09
     891 | 2026-09-02 04:13:10
     542 | 2026-09-02 04:12:11
     951 | 2026-09-02 04:07:30
     602 | 2026-09-02 04:06:31
     253 | 2026-09-02 04:05:32
     662 | 2026-09-02 04:00:51
     313 | 2026-09-02 03:59:52
     964 | 2026-09-02 03:58:53
     373 | 2026-09-02 03:54:12
      24 | 2026-09-02 03:53:13
     675 | 2026-09-02 03:52:14
      84 | 2026-09-02 03:47:33
     735 | 2026-09-02 03:46:34
     386 | 2026-09-02 03:45:35
     795 | 2026-09-02 03:40:54
     446 | 2026-09-02 03:39:55
      97 | 2026-09-02 03:38:56
     506 | 2026-09-02 03:34:15
     157 | 2026-09-02 03:33:16
     808 | 2026-09-02 03:32:17
     217 | 2026-09-02 03:27:36
     868 | 2026-09-02 03:26:37
     519 | 2026-09-02 03:25:38
     928 | 2026-09-02 03:20:57
     579 | 2026-09-02 03:19:58
     230 | 2026-09-02 03:18:59
     639 | 2026-09-02 03:14:18
     290 | 2026-09-02 03:13:19
     941 | 2026-09-02 03:12:20
     350 | 2026-09-02 03:07:39
       1 | 2026-09-02 03:06:40
     652 | 2026-09-02 03:05:41
      61 | 2026-09-02 03:01:00
     712 | 2026-09-02 03:00:01
     363 | 2026-09-02 02:59:02
      14 | 2026-09-02 02:58:03
     772 | 2026-09-02 02:54:21
     423 | 2026-09-02 02:53:22
      74 | 2026-09-02 02:52:23
     725 | 2026-09-02 02:51:24
     483 | 2026-09-02 02:47:42
     134 | 2026-09-02 02:46:43
     785 | 2026-09-02 02:45:44
     436 | 2026-09-02 02:44:45
     194 | 2026-09-02 02:41:03
     845 | 2026-09-02 02:40:04
     496 | 2026-09-02 02:39:05
     147 | 2026-09-02 02:38:06
     905 | 2026-09-02 02:34:24
     556 | 2026-09-02 02:33:25
     207 | 2026-09-02 02:32:26
     858 | 2026-09-02 02:31:27
     616 | 2026-09-02 02:27:45
     267 | 2026-09-02 02:26:46
     918 | 2026-09-02 02:25:47
     569 | 2026-09-02 02:24:48
     327 | 2026-09-02 02:21:06
     978 | 2026-09-02 02:20:07
     629 | 2026-09-02 02:19:08
     280 | 2026-09-02 02:18:09
      38 | 2026-09-02 02:14:27
     689 | 2026-09-02 02:13:28
     340 | 2026-09-02 02:12:29
     991 | 2026-09-02 02:11:30
     400 | 2026-09-02 02:06:49
      51 | 2026-09-02 02:05:50
     702 | 2026-09-02 02:04:51
     111 | 2026-09-02 02:00:10
     762 | 2026-09-02 01:59:11
     413 | 2026-09-02 01:58:12
     822 | 2026-09-02 01:53:31
     473 | 2026-09-02 01:52:32
     124 | 2026-09-02 01:51:33
     533 | 2026-09-02 01:46:52
     184 | 2026-09-02 01:45:53
     835 | 2026-09-02 01:44:54
     244 | 2026-09-02 01:40:13
     895 | 2026-09-02 01:39:14
     546 | 2026-09-02 01:38:15
     955 | 2026-09-02 01:33:34
     606 | 2026-09-02 01:32:35
     257 | 2026-09-02 01:31:36
     666 | 2026-09-02 01:26:55
     317 | 2026-09-02 01:25:56
     968 | 2026-09-02 01:24:57
     377 | 2026-09-02 01:20:16
      28 | 2026-09-02 01:19:17
     679 | 2026-09-02 01:18:18
      88 | 2026-09-02 01:13:37
     739 | 2026-09-02 01:12:38
     390 | 2026-09-02 01:11:39
     799 | 2026-09-02 01:06:58
     450 | 2026-09-02 01:05:59
     101 | 2026-09-02 01:05:00
     510 | 2026-09-02 01:00:19
     161 | 2026-09-02 00:59:20
     812 | 2026-09-02 00:58:21
     221 | 2026-09-02 00:53:40
     872 | 2026-09-02 00:52:41
     523 | 2026-09-02 00:51:42
     932 | 2026-09-02 00:47:01
     583 | 2026-09-02 00:46:02
     234 | 2026-09-02 00:45:03
     643 | 2026-09-02 00:40:22
     294 | 2026-09-02 00:39:23
     945 | 2026-09-02 00:38:24
     354 | 2026-09-02 00:33:43
       5 | 2026-09-02 00:32:44
     656 | 2026-09-02 00:31:45
      65 | 2026-09-02 00:27:04
     716 | 2026-09-02 00:26:05
     367 | 2026-09-02 00:25:06
     776 | 2026-09-02 00:20:25
     427 | 2026-09-02 00:19:26
      78 | 2026-09-02 00:18:27
     487 | 2026-09-02 00:13:46
     138 | 2026-09-02 00:12:47
     789 | 2026-09-02 00:11:48
     198 | 2026-09-02 00:07:07
     849 | 2026-09-02 00:06:08
     500 | 2026-09-02 00:05:09
     151 | 2026-09-02 00:04:10
     909 | 2026-09-02 00:00:28
     560 | 2026-09-01 23:59:29
     211 | 2026-09-01 23:58:30
     862 | 2026-09-01 23:57:31
     620 | 2026-09-01 23:53:49
     271 | 2026-09-01 23:52:50
     922 | 2026-09-01 23:51:51
     573 | 2026-09-01 23:50:52
     331 | 2026-09-01 23:47:10
     982 | 2026-09-01 23:46:11
     633 | 2026-09-01 23:45:12
     284 | 2026-09-01 23:44:13
      42 | 2026-09-01 23:40:31
     693 | 2026-09-01 23:39:32
     344 | 2026-09-01 23:38:33
     995 | 2026-09-01 23:37:34
     753 | 2026-09-01 23:33:52
     404 | 2026-09-01 23:32:53
      55 | 2026-09-01 23:31:54
     706 | 2026-09-01 23:30:55
     464 | 2026-09-01 23:27:13
     115 | 2026-09-01 23:26:14
     766 | 2026-09-01 23:25:15
     417 | 2026-09-01 23:24:16
     175 | 2026-09-01 23:20:34
     826 | 2026-09-01 23:19:35
     477 | 2026-09-01 23:18:36
     128 | 2026-09-01 23:17:37
     537 | 2026-09-01 23:12:56
     188 | 2026-09-01 23:11:57
     839 | 2026-09-01 23:10:58
     248 | 2026-09-01 23:06:17
     899 | 2026-09-01 23:05:18
     550 | 2026-09-01 23:04:19
     959 | 2026-09-01 22:59:38
     610 | 2026-09-01 22:58:39
     261 | 2026-09-01 22:57:40
     670 | 2026-09-01 22:52:59
     321 | 2026-09-01 22:52:00
     972 | 2026-09-01 22:51:01
     381 | 2026-09-01 22:46:20
      32 | 2026-09-01 22:45:21
     683 | 2026-09-01 22:44:22
      92 | 2026-09-01 22:39:41
     743 | 2026-09-01 22:38:42
     394 | 2026-09-01 22:37:43
     803 | 2026-09-01 22:33:02
     454 | 2026-09-01 22:32:03
     105 | 2026-09-01 22:31:04
     514 | 2026-09-01 22:26:23
     165 | 2026-09-01 22:25:24
     816 | 2026-09-01 22:24:25
     225 | 2026-09-01 22:19:44
     876 | 2026-09-01 22:18:45
     527 | 2026-09-01 22:17:46
     936 | 2026-09-01 22:13:05
     587 | 2026-09-01 22:12:06
     238 | 2026-09-01 22:11:07
     647 | 2026-09-01 22:06:26
     298 | 2026-09-01 22:05:27
     949 | 2026-09-01 22:04:28
     358 | 2026-09-01 21:59:47
       9 | 2026-09-01 21:58:48
     660 | 2026-09-01 21:57:49
      69 | 2026-09-01 21:53:08
     720 | 2026-09-01 21:52:09
     371 | 2026-09-01 21:51:10
     780 | 2026-09-01 21:46:29
     431 | 2026-09-01 21:45:30
      82 | 2026-09-01 21:44:31
     491 | 2026-09-01 21:39:50
     142 | 2026-09-01 21:38:51
     793 | 2026-09-01 21:37:52
     202 | 2026-09-01 21:33:11
     853 | 2026-09-01 21:32:12
     504 | 2026-09-01 21:31:13
     913 | 2026-09-01 21:26:32
     564 | 2026-09-01 21:25:33
     215 | 2026-09-01 21:24:34
     624 | 2026-09-01 21:19:53
     275 | 2026-09-01 21:18:54
     926 | 2026-09-01 21:17:55
     335 | 2026-09-01 21:13:14
     986 | 2026-09-01 21:12:15
     637 | 2026-09-01 21:11:16
     288 | 2026-09-01 21:10:17
      46 | 2026-09-01 21:06:35
     697 | 2026-09-01 21:05:36
     348 | 2026-09-01 21:04:37
     999 | 2026-09-01 21:03:38
     757 | 2026-09-01 20:59:56
     408 | 2026-09-01 20:58:57
      59 | 2026-09-01 20:57:58
     710 | 2026-09-01 20:56:59
     468 | 2026-09-01 20:53:17
     119 | 2026-09-01 20:52:18
     770 | 2026-09-01 20:51:19
     421 | 2026-09-01 20:50:20
     179 | 2026-09-01 20:46:38
     830 | 2026-09-01 20:45:39
     481 | 2026-09-01 20:44:40
     132 | 2026-09-01 20:43:41
     890 | 2026-09-01 20:39:59
     541 | 2026-09-01 20:39:00
     192 | 2026-09-01 20:38:01
     843 | 2026-09-01 20:37:02
     601 | 2026-09-01 20:33:20
     252 | 2026-09-01 20:32:21
     903 | 2026-09-01 20:31:22
     554 | 2026-09-01 20:30:23
     312 | 2026-09-01 20:26:41
     963 | 2026-09-01 20:25:42
     614 | 2026-09-01 20:24:43
     265 | 2026-09-01 20:23:44
     674 | 2026-09-01 20:19:03
     325 | 2026-09-01 20:18:04
     976 | 2026-09-01 20:17:05
     385 | 2026-09-01 20:12:24
      36 | 2026-09-01 20:11:25
     687 | 2026-09-01 20:10:26
      96 | 2026-09-01 20:05:45
     747 | 2026-09-01 20:04:46
     398 | 2026-09-01 20:03:47
     807 | 2026-09-01 19:59:06
     458 | 2026-09-01 19:58:07
     109 | 2026-09-01 19:57:08
     518 | 2026-09-01 19:52:27
     169 | 2026-09-01 19:51:28
     820 | 2026-09-01 19:50:29
     229 | 2026-09-01 19:45:48
     880 | 2026-09-01 19:44:49
     531 | 2026-09-01 19:43:50
     940 | 2026-09-01 19:39:09
     591 | 2026-09-01 19:38:10
     242 | 2026-09-01 19:37:11
     651 | 2026-09-01 19:32:30
     302 | 2026-09-01 19:31:31
     953 | 2026-09-01 19:30:32
     362 | 2026-09-01 19:25:51
      13 | 2026-09-01 19:24:52
     664 | 2026-09-01 19:23:53
      73 | 2026-09-01 19:19:12
     724 | 2026-09-01 19:18:13
     375 | 2026-09-01 19:17:14
     784 | 2026-09-01 19:12:33
     435 | 2026-09-01 19:11:34
      86 | 2026-09-01 19:10:35
     495 | 2026-09-01 19:05:54
     146 | 2026-09-01 19:04:55
     797 | 2026-09-01 19:03:56
     206 | 2026-09-01 18:59:15
     857 | 2026-09-01 18:58:16
     508 | 2026-09-01 18:57:17
     917 | 2026-09-01 18:52:36
     568 | 2026-09-01 18:51:37
     219 | 2026-09-01 18:50:38
     628 | 2026-09-01 18:45:57
     279 | 2026-09-01 18:44:58
     930 | 2026-09-01 18:43:59
     339 | 2026-09-01 18:39:18
     990 | 2026-09-01 18:38:19
     641 | 2026-09-01 18:37:20
      50 | 2026-09-01 18:32:39
     701 | 2026-09-01 18:31:40
     352 | 2026-09-01 18:30:41
     761 | 2026-09-01 18:26:00
     412 | 2026-09-01 18:25:01
      63 | 2026-09-01 18:24:02
     472 | 2026-09-01 18:19:21
     123 | 2026-09-01 18:18:22
     774 | 2026-09-01 18:17:23
     425 | 2026-09-01 18:16:24
     183 | 2026-09-01 18:12:42
     834 | 2026-09-01 18:11:43
     485 | 2026-09-01 18:10:44
     136 | 2026-09-01 18:09:45
     894 | 2026-09-01 18:06:03
     545 | 2026-09-01 18:05:04
     196 | 2026-09-01 18:04:05
     847 | 2026-09-01 18:03:06
     605 | 2026-09-01 17:59:24
     256 | 2026-09-01 17:58:25
     907 | 2026-09-01 17:57:26
     558 | 2026-09-01 17:56:27
     316 | 2026-09-01 17:52:45
     967 | 2026-09-01 17:51:46
     618 | 2026-09-01 17:50:47
     269 | 2026-09-01 17:49:48
      27 | 2026-09-01 17:46:06
     678 | 2026-09-01 17:45:07
     329 | 2026-09-01 17:44:08
     980 | 2026-09-01 17:43:09
     738 | 2026-09-01 17:39:27
     389 | 2026-09-01 17:38:28
      40 | 2026-09-01 17:37:29
     691 | 2026-09-01 17:36:30
     449 | 2026-09-01 17:32:48
     100 | 2026-09-01 17:31:49
     751 | 2026-09-01 17:30:50
     402 | 2026-09-01 17:29:51
     811 | 2026-09-01 17:25:10
     462 | 2026-09-01 17:24:11
     113 | 2026-09-01 17:23:12
     522 | 2026-09-01 17:18:31
     173 | 2026-09-01 17:17:32
     824 | 2026-09-01 17:16:33
     233 | 2026-09-01 17:11:52
     884 | 2026-09-01 17:10:53
     535 | 2026-09-01 17:09:54
     944 | 2026-09-01 17:05:13
     595 | 2026-09-01 17:04:14
     246 | 2026-09-01 17:03:15
     655 | 2026-09-01 16:58:34
     306 | 2026-09-01 16:57:35
     957 | 2026-09-01 16:56:36
     366 | 2026-09-01 16:51:55
      17 | 2026-09-01 16:50:56
     668 | 2026-09-01 16:49:57
      77 | 2026-09-01 16:45:16
     728 | 2026-09-01 16:44:17
     379 | 2026-09-01 16:43:18
     788 | 2026-09-01 16:38:37
     439 | 2026-09-01 16:37:38
      90 | 2026-09-01 16:36:39
     499 | 2026-09-01 16:31:58
     150 | 2026-09-01 16:30:59
     801 | 2026-09-01 16:30:00
     210 | 2026-09-01 16:25:19
     861 | 2026-09-01 16:24:20
     512 | 2026-09-01 16:23:21
     921 | 2026-09-01 16:18:40
     572 | 2026-09-01 16:17:41
     223 | 2026-09-01 16:16:42
     632 | 2026-09-01 16:12:01
     283 | 2026-09-01 16:11:02
     934 | 2026-09-01 16:10:03
     343 | 2026-09-01 16:05:22
     994 | 2026-09-01 16:04:23
     645 | 2026-09-01 16:03:24
      54 | 2026-09-01 15:58:43
     705 | 2026-09-01 15:57:44
     356 | 2026-09-01 15:56:45
     765 | 2026-09-01 15:52:04
     416 | 2026-09-01 15:51:05
      67 | 2026-09-01 15:50:06
     476 | 2026-09-01 15:45:25
     127 | 2026-09-01 15:44:26
     778 | 2026-09-01 15:43:27
     187 | 2026-09-01 15:38:46
     838 | 2026-09-01 15:37:47
     489 | 2026-09-01 15:36:48
     898 | 2026-09-01 15:32:07
     549 | 2026-09-01 15:31:08
     200 | 2026-09-01 15:30:09
     609 | 2026-09-01 15:25:28
     260 | 2026-09-01 15:24:29
     911 | 2026-09-01 15:23:30
     562 | 2026-09-01 15:22:31
     320 | 2026-09-01 15:18:49
     971 | 2026-09-01 15:17:50
     622 | 2026-09-01 15:16:51
     273 | 2026-09-01 15:15:52
      31 | 2026-09-01 15:12:10
     682 | 2026-09-01 15:11:11
     333 | 2026-09-01 15:10:12
     984 | 2026-09-01 15:09:13
     742 | 2026-09-01 15:05:31
     393 | 2026-09-01 15:04:32
      44 | 2026-09-01 15:03:33
     695 | 2026-09-01 15:02:34
     453 | 2026-09-01 14:58:52
     104 | 2026-09-01 14:57:53
     755 | 2026-09-01 14:56:54
     406 | 2026-09-01 14:55:55
     164 | 2026-09-01 14:52:13
     815 | 2026-09-01 14:51:14
     466 | 2026-09-01 14:50:15
     117 | 2026-09-01 14:49:16
     875 | 2026-09-01 14:45:34
     526 | 2026-09-01 14:44:35
     177 | 2026-09-01 14:43:36
     828 | 2026-09-01 14:42:37
     586 | 2026-09-01 14:38:55
     237 | 2026-09-01 14:37:56
     888 | 2026-09-01 14:36:57
     539 | 2026-09-01 14:35:58
     948 | 2026-09-01 14:31:17
     599 | 2026-09-01 14:30:18
     250 | 2026-09-01 14:29:19
     659 | 2026-09-01 14:24:38
     310 | 2026-09-01 14:23:39
     961 | 2026-09-01 14:22:40
     370 | 2026-09-01 14:17:59
      21 | 2026-09-01 14:17:00
     672 | 2026-09-01 14:16:01
      81 | 2026-09-01 14:11:20
     732 | 2026-09-01 14:10:21
     383 | 2026-09-01 14:09:22
     792 | 2026-09-01 14:04:41
     443 | 2026-09-01 14:03:42
      94 | 2026-09-01 14:02:43
     503 | 2026-09-01 13:58:02
     154 | 2026-09-01 13:57:03
     805 | 2026-09-01 13:56:04
     214 | 2026-09-01 13:51:23
     865 | 2026-09-01 13:50:24
     516 | 2026-09-01 13:49:25
     925 | 2026-09-01 13:44:44
     576 | 2026-09-01 13:43:45
     227 | 2026-09-01 13:42:46
     636 | 2026-09-01 13:38:05
     287 | 2026-09-01 13:37:06
     938 | 2026-09-01 13:36:07
     347 | 2026-09-01 13:31:26
     998 | 2026-09-01 13:30:27
     649 | 2026-09-01 13:29:28
      58 | 2026-09-01 13:24:47
     709 | 2026-09-01 13:23:48
     360 | 2026-09-01 13:22:49
     769 | 2026-09-01 13:18:08
     420 | 2026-09-01 13:17:09
      71 | 2026-09-01 13:16:10
     480 | 2026-09-01 13:11:29
     131 | 2026-09-01 13:10:30
     782 | 2026-09-01 13:09:31
     191 | 2026-09-01 13:04:50
     842 | 2026-09-01 13:03:51
     493 | 2026-09-01 13:02:52
     902 | 2026-09-01 12:58:11
     553 | 2026-09-01 12:57:12
     204 | 2026-09-01 12:56:13
     613 | 2026-09-01 12:51:32
     264 | 2026-09-01 12:50:33
     915 | 2026-09-01 12:49:34
     324 | 2026-09-01 12:44:53
     975 | 2026-09-01 12:43:54
     626 | 2026-09-01 12:42:55
      35 | 2026-09-01 12:38:14
     686 | 2026-09-01 12:37:15
     337 | 2026-09-01 12:36:16
     746 | 2026-09-01 12:31:35
     397 | 2026-09-01 12:30:36
      48 | 2026-09-01 12:29:37
     699 | 2026-09-01 12:28:38
     457 | 2026-09-01 12:24:56
     108 | 2026-09-01 12:23:57
     759 | 2026-09-01 12:22:58
     410 | 2026-09-01 12:21:59
     168 | 2026-09-01 12:18:17
     819 | 2026-09-01 12:17:18
     470 | 2026-09-01 12:16:19
     121 | 2026-09-01 12:15:20
     879 | 2026-09-01 12:11:38
     530 | 2026-09-01 12:10:39
     181 | 2026-09-01 12:09:40
     832 | 2026-09-01 12:08:41
     590 | 2026-09-01 12:04:59
     241 | 2026-09-01 12:04:00
     892 | 2026-09-01 12:03:01
     543 | 2026-09-01 12:02:02
     301 | 2026-09-01 11:58:20
     952 | 2026-09-01 11:57:21
     603 | 2026-09-01 11:56:22
     254 | 2026-09-01 11:55:23
      12 | 2026-09-01 11:51:41
     663 | 2026-09-01 11:50:42
     314 | 2026-09-01 11:49:43
     965 | 2026-09-01 11:48:44
     723 | 2026-09-01 11:45:02
     374 | 2026-09-01 11:44:03
      25 | 2026-09-01 11:43:04
     676 | 2026-09-01 11:42:05
     434 | 2026-09-01 11:38:23
      85 | 2026-09-01 11:37:24
     736 | 2026-09-01 11:36:25
     387 | 2026-09-01 11:35:26
     796 | 2026-09-01 11:30:45
     447 | 2026-09-01 11:29:46
      98 | 2026-09-01 11:28:47
     507 | 2026-09-01 11:24:06
     158 | 2026-09-01 11:23:07
     809 | 2026-09-01 11:22:08
     218 | 2026-09-01 11:17:27
     869 | 2026-09-01 11:16:28
     520 | 2026-09-01 11:15:29
     929 | 2026-09-01 11:10:48
     580 | 2026-09-01 11:09:49
     231 | 2026-09-01 11:08:50
     640 | 2026-09-01 11:04:09
     291 | 2026-09-01 11:03:10
     942 | 2026-09-01 11:02:11
     351 | 2026-09-01 10:57:30
       2 | 2026-09-01 10:56:31
     653 | 2026-09-01 10:55:32
      62 | 2026-09-01 10:50:51
     713 | 2026-09-01 10:49:52
     364 | 2026-09-01 10:48:53
     773 | 2026-09-01 10:44:12
     424 | 2026-09-01 10:43:13
      75 | 2026-09-01 10:42:14
     484 | 2026-09-01 10:37:33
     135 | 2026-09-01 10:36:34
     786 | 2026-09-01 10:35:35
     195 | 2026-09-01 10:30:54
     846 | 2026-09-01 10:29:55
     497 | 2026-09-01 10:28:56
     906 | 2026-09-01 10:24:15
     557 | 2026-09-01 10:23:16
     208 | 2026-09-01 10:22:17
     617 | 2026-09-01 10:17:36
     268 | 2026-09-01 10:16:37
     919 | 2026-09-01 10:15:38
     328 | 2026-09-01 10:10:57
     979 | 2026-09-01 10:09:58
     630 | 2026-09-01 10:08:59
      39 | 2026-09-01 10:04:18
     690 | 2026-09-01 10:03:19
     341 | 2026-09-01 10:02:20
     750 | 2026-09-01 09:57:39
     401 | 2026-09-01 09:56:40
      52 | 2026-09-01 09:55:41
     461 | 2026-09-01 09:51:00
     112 | 2026-09-01 09:50:01
     763 | 2026-09-01 09:49:02
     172 | 2026-09-01 09:44:21
     823 | 2026-09-01 09:43:22
     474 | 2026-09-01 09:42:23
     883 | 2026-09-01 09:37:42
     534 | 2026-09-01 09:36:43
     185 | 2026-09-01 09:35:44
     836 | 2026-09-01 09:34:45
     594 | 2026-09-01 09:31:03
     245 | 2026-09-01 09:30:04
     896 | 2026-09-01 09:29:05
     547 | 2026-09-01 09:28:06
     305 | 2026-09-01 09:24:24
     956 | 2026-09-01 09:23:25
     607 | 2026-09-01 09:22:26
     258 | 2026-09-01 09:21:27
      16 | 2026-09-01 09:17:45
     667 | 2026-09-01 09:16:46
     318 | 2026-09-01 09:15:47
     969 | 2026-09-01 09:14:48
     727 | 2026-09-01 09:11:06
     378 | 2026-09-01 09:10:07
      29 | 2026-09-01 09:09:08
     680 | 2026-09-01 09:08:09
     438 | 2026-09-01 09:04:27
      89 | 2026-09-01 09:03:28
     740 | 2026-09-01 09:02:29
     391 | 2026-09-01 09:01:30
     149 | 2026-09-01 08:57:48
     800 | 2026-09-01 08:56:49
     451 | 2026-09-01 08:55:50
     102 | 2026-09-01 08:54:51
     860 | 2026-09-01 08:51:09
     511 | 2026-09-01 08:50:10
     162 | 2026-09-01 08:49:11
     813 | 2026-09-01 08:48:12
     571 | 2026-09-01 08:44:30
     222 | 2026-09-01 08:43:31
     873 | 2026-09-01 08:42:32
     524 | 2026-09-01 08:41:33
     933 | 2026-09-01 08:36:52
     584 | 2026-09-01 08:35:53
     235 | 2026-09-01 08:34:54
     644 | 2026-09-01 08:30:13
     295 | 2026-09-01 08:29:14
     946 | 2026-09-01 08:28:15
     355 | 2026-09-01 08:23:34
       6 | 2026-09-01 08:22:35
     657 | 2026-09-01 08:21:36
      66 | 2026-09-01 08:16:55
     717 | 2026-09-01 08:15:56
     368 | 2026-09-01 08:14:57
     777 | 2026-09-01 08:10:16
     428 | 2026-09-01 08:09:17
      79 | 2026-09-01 08:08:18
     488 | 2026-09-01 08:03:37
     139 | 2026-09-01 08:02:38
     790 | 2026-09-01 08:01:39
     199 | 2026-09-01 07:56:58
     850 | 2026-09-01 07:55:59
     501 | 2026-09-01 07:55:00
     910 | 2026-09-01 07:50:19
     561 | 2026-09-01 07:49:20
     212 | 2026-09-01 07:48:21
     621 | 2026-09-01 07:43:40
     272 | 2026-09-01 07:42:41
     923 | 2026-09-01 07:41:42
     332 | 2026-09-01 07:37:01
     983 | 2026-09-01 07:36:02
     634 | 2026-09-01 07:35:03
      43 | 2026-09-01 07:30:22
     694 | 2026-09-01 07:29:23
     345 | 2026-09-01 07:28:24
     754 | 2026-09-01 07:23:43
     405 | 2026-09-01 07:22:44
      56 | 2026-09-01 07:21:45
     465 | 2026-09-01 07:17:04
     116 | 2026-09-01 07:16:05
     767 | 2026-09-01 07:15:06
     176 | 2026-09-01 07:10:25
     827 | 2026-09-01 07:09:26
     478 | 2026-09-01 07:08:27
     887 | 2026-09-01 07:03:46
     538 | 2026-09-01 07:02:47
     189 | 2026-09-01 07:01:48
     598 | 2026-09-01 06:57:07
     249 | 2026-09-01 06:56:08
     900 | 2026-09-01 06:55:09
     309 | 2026-09-01 06:50:28
     960 | 2026-09-01 06:49:29
     611 | 2026-09-01 06:48:30
      20 | 2026-09-01 06:43:49
     671 | 2026-09-01 06:42:50
     322 | 2026-09-01 06:41:51
     973 | 2026-09-01 06:40:52
     731 | 2026-09-01 06:37:10
     382 | 2026-09-01 06:36:11
      33 | 2026-09-01 06:35:12
     684 | 2026-09-01 06:34:13
     442 | 2026-09-01 06:30:31
      93 | 2026-09-01 06:29:32
     744 | 2026-09-01 06:28:33
     395 | 2026-09-01 06:27:34
     153 | 2026-09-01 06:23:52
     804 | 2026-09-01 06:22:53
     455 | 2026-09-01 06:21:54
     106 | 2026-09-01 06:20:55
     864 | 2026-09-01 06:17:13
     515 | 2026-09-01 06:16:14
     166 | 2026-09-01 06:15:15
     817 | 2026-09-01 06:14:16
     575 | 2026-09-01 06:10:34
     226 | 2026-09-01 06:09:35
     877 | 2026-09-01 06:08:36
     528 | 2026-09-01 06:07:37
     286 | 2026-09-01 06:03:55
     937 | 2026-09-01 06:02:56
     588 | 2026-09-01 06:01:57
     239 | 2026-09-01 06:00:58
     997 | 2026-09-01 05:57:16
     648 | 2026-09-01 05:56:17
     299 | 2026-09-01 05:55:18
     950 | 2026-09-01 05:54:19
     708 | 2026-09-01 05:50:37
     359 | 2026-09-01 05:49:38
      10 | 2026-09-01 05:48:39
     661 | 2026-09-01 05:47:40
      70 | 2026-09-01 05:42:59
     721 | 2026-09-01 05:42:00
     372 | 2026-09-01 05:41:01
     781 | 2026-09-01 05:36:20
     432 | 2026-09-01 05:35:21
      83 | 2026-09-01 05:34:22
     492 | 2026-09-01 05:29:41
     143 | 2026-09-01 05:28:42
     794 | 2026-09-01 05:27:43
     203 | 2026-09-01 05:23:02
     854 | 2026-09-01 05:22:03
     505 | 2026-09-01 05:21:04
     914 | 2026-09-01 05:16:23
     565 | 2026-09-01 05:15:24
     216 | 2026-09-01 05:14:25
     625 | 2026-09-01 05:09:44
     276 | 2026-09-01 05:08:45
     927 | 2026-09-01 05:07:46
     336 | 2026-09-01 05:03:05
     987 | 2026-09-01 05:02:06
     638 | 2026-09-01 05:01:07
      47 | 2026-09-01 04:56:26
     698 | 2026-09-01 04:55:27
     349 | 2026-09-01 04:54:28
     758 | 2026-09-01 04:49:47
     409 | 2026-09-01 04:48:48
      60 | 2026-09-01 04:47:49
     469 | 2026-09-01 04:43:08
     120 | 2026-09-01 04:42:09
     771 | 2026-09-01 04:41:10
     180 | 2026-09-01 04:36:29
     831 | 2026-09-01 04:35:30
     482 | 2026-09-01 04:34:31
     891 | 2026-09-01 04:29:50
     542 | 2026-09-01 04:28:51
     193 | 2026-09-01 04:27:52
     602 | 2026-09-01 04:23:11
     253 | 2026-09-01 04:22:12
     904 | 2026-09-01 04:21:13
     313 | 2026-09-01 04:16:32
     964 | 2026-09-01 04:15:33
     615 | 2026-09-01 04:14:34
      24 | 2026-09-01 04:09:53
     675 | 2026-09-01 04:08:54
     326 | 2026-09-01 04:07:55
     735 | 2026-09-01 04:03:14
     386 | 2026-09-01 04:02:15
      37 | 2026-09-01 04:01:16
     446 | 2026-09-01 03:56:35
      97 | 2026-09-01 03:55:36
     748 | 2026-09-01 03:54:37
     157 | 2026-09-01 03:49:56
     808 | 2026-09-01 03:48:57
     459 | 2026-09-01 03:47:58
     868 | 2026-09-01 03:43:17
     519 | 2026-09-01 03:42:18
     170 | 2026-09-01 03:41:19
     821 | 2026-09-01 03:40:20
     579 | 2026-09-01 03:36:38
     230 | 2026-09-01 03:35:39
     881 | 2026-09-01 03:34:40
     532 | 2026-09-01 03:33:41
     290 | 2026-09-01 03:29:59
     941 | 2026-09-01 03:29:00
     592 | 2026-09-01 03:28:01
     243 | 2026-09-01 03:27:02
       1 | 2026-09-01 03:23:20
     652 | 2026-09-01 03:22:21
     303 | 2026-09-01 03:21:22
     954 | 2026-09-01 03:20:23
     712 | 2026-09-01 03:16:41
     363 | 2026-09-01 03:15:42
      14 | 2026-09-01 03:14:43
     665 | 2026-09-01 03:13:44
     423 | 2026-09-01 03:10:02
      74 | 2026-09-01 03:09:03
     725 | 2026-09-01 03:08:04
     376 | 2026-09-01 03:07:05
     134 | 2026-09-01 03:03:23
     785 | 2026-09-01 03:02:24
     436 | 2026-09-01 03:01:25
      87 | 2026-09-01 03:00:26
     845 | 2026-09-01 02:56:44
     496 | 2026-09-01 02:55:45
     147 | 2026-09-01 02:54:46
     798 | 2026-09-01 02:53:47
     207 | 2026-09-01 02:49:06
     858 | 2026-09-01 02:48:07
     509 | 2026-09-01 02:47:08
     918 | 2026-09-01 02:42:27
     569 | 2026-09-01 02:41:28
     220 | 2026-09-01 02:40:29
     629 | 2026-09-01 02:35:48
     280 | 2026-09-01 02:34:49
     931 | 2026-09-01 02:33:50
     340 | 2026-09-01 02:29:09
     991 | 2026-09-01 02:28:10
     642 | 2026-09-01 02:27:11
      51 | 2026-09-01 02:22:30
     702 | 2026-09-01 02:21:31
     353 | 2026-09-01 02:20:32
     762 | 2026-09-01 02:15:51
     413 | 2026-09-01 02:14:52
      64 | 2026-09-01 02:13:53
     473 | 2026-09-01 02:09:12
     124 | 2026-09-01 02:08:13
     775 | 2026-09-01 02:07:14
     184 | 2026-09-01 02:02:33
     835 | 2026-09-01 02:01:34
     486 | 2026-09-01 02:00:35
     895 | 2026-09-01 01:55:54
     546 | 2026-09-01 01:54:55
     197 | 2026-09-01 01:53:56
     606 | 2026-09-01 01:49:15
     257 | 2026-09-01 01:48:16
     908 | 2026-09-01 01:47:17
     317 | 2026-09-01 01:42:36
     968 | 2026-09-01 01:41:37
     619 | 2026-09-01 01:40:38
      28 | 2026-09-01 01:35:57
     679 | 2026-09-01 01:34:58
     330 | 2026-09-01 01:33:59
     739 | 2026-09-01 01:29:18
     390 | 2026-09-01 01:28:19
      41 | 2026-09-01 01:27:20
     450 | 2026-09-01 01:22:39
     101 | 2026-09-01 01:21:40
     752 | 2026-09-01 01:20:41
     161 | 2026-09-01 01:16:00
     812 | 2026-09-01 01:15:01
     463 | 2026-09-01 01:14:02
     872 | 2026-09-01 01:09:21
     523 | 2026-09-01 01:08:22
     174 | 2026-09-01 01:07:23
     583 | 2026-09-01 01:02:42
     234 | 2026-09-01 01:01:43
     885 | 2026-09-01 01:00:44
     294 | 2026-09-01 00:56:03
     945 | 2026-09-01 00:55:04
     596 | 2026-09-01 00:54:05
       5 | 2026-09-01 00:49:24
     656 | 2026-09-01 00:48:25
     307 | 2026-09-01 00:47:26
     958 | 2026-09-01 00:46:27
     716 | 2026-09-01 00:42:45
     367 | 2026-09-01 00:41:46
      18 | 2026-09-01 00:40:47
     669 | 2026-09-01 00:39:48
     427 | 2026-09-01 00:36:06
      78 | 2026-09-01 00:35:07
     729 | 2026-09-01 00:34:08
     380 | 2026-09-01 00:33:09
     138 | 2026-09-01 00:29:27
     789 | 2026-09-01 00:28:28
     440 | 2026-09-01 00:27:29
      91 | 2026-09-01 00:26:30
     849 | 2026-09-01 00:22:48
     500 | 2026-09-01 00:21:49
     151 | 2026-09-01 00:20:50
     802 | 2026-09-01 00:19:51
     560 | 2026-09-01 00:16:09
     211 | 2026-09-01 00:15:10
     862 | 2026-09-01 00:14:11
     513 | 2026-09-01 00:13:12
     271 | 2026-09-01 00:09:30
     922 | 2026-09-01 00:08:31
     573 | 2026-09-01 00:07:32
     224 | 2026-09-01 00:06:33
     982 | 2026-09-01 00:02:51
     633 | 2026-09-01 00:01:52
     284 | 2026-09-01 00:00:53
     935 | 2026-08-31 23:59:54
     344 | 2026-08-31 23:55:13
     995 | 2026-08-31 23:54:14
     646 | 2026-08-31 23:53:15
      55 | 2026-08-31 23:48:34
     706 | 2026-08-31 23:47:35
     357 | 2026-08-31 23:46:36
     766 | 2026-08-31 23:41:55
     417 | 2026-08-31 23:40:56
      68 | 2026-08-31 23:39:57
     477 | 2026-08-31 23:35:16
     128 | 2026-08-31 23:34:17
     779 | 2026-08-31 23:33:18
     188 | 2026-08-31 23:28:37
     839 | 2026-08-31 23:27:38
     490 | 2026-08-31 23:26:39
     899 | 2026-08-31 23:21:58
     550 | 2026-08-31 23:20:59
     201 | 2026-08-31 23:20:00
     610 | 2026-08-31 23:15:19
     261 | 2026-08-31 23:14:20
     912 | 2026-08-31 23:13:21
     321 | 2026-08-31 23:08:40
     972 | 2026-08-31 23:07:41
     623 | 2026-08-31 23:06:42
      32 | 2026-08-31 23:02:01
     683 | 2026-08-31 23:01:02
     334 | 2026-08-31 23:00:03
     743 | 2026-08-31 22:55:22
     394 | 2026-08-31 22:54:23
      45 | 2026-08-31 22:53:24
     454 | 2026-08-31 22:48:43
     105 | 2026-08-31 22:47:44
     756 | 2026-08-31 22:46:45
     165 | 2026-08-31 22:42:04
     816 | 2026-08-31 22:41:05
     467 | 2026-08-31 22:40:06
     876 | 2026-08-31 22:35:25
     527 | 2026-08-31 22:34:26
     178 | 2026-08-31 22:33:27
     587 | 2026-08-31 22:28:46
     238 | 2026-08-31 22:27:47
     889 | 2026-08-31 22:26:48
     298 | 2026-08-31 22:22:07
     949 | 2026-08-31 22:21:08
     600 | 2026-08-31 22:20:09
       9 | 2026-08-31 22:15:28
     660 | 2026-08-31 22:14:29
     311 | 2026-08-31 22:13:30
     720 | 2026-08-31 22:08:49
     371 | 2026-08-31 22:07:50
      22 | 2026-08-31 22:06:51
     431 | 2026-08-31 22:02:10
      82 | 2026-08-31 22:01:11
     733 | 2026-08-31 22:00:12
     142 | 2026-08-31 21:55:31
     793 | 2026-08-31 21:54:32
     444 | 2026-08-31 21:53:33
      95 | 2026-08-31 21:52:34
     853 | 2026-08-31 21:48:52
     504 | 2026-08-31 21:47:53
     155 | 2026-08-31 21:46:54
     806 | 2026-08-31 21:45:55
     564 | 2026-08-31 21:42:13
     215 | 2026-08-31 21:41:14
     866 | 2026-08-31 21:40:15
     517 | 2026-08-31 21:39:16
     275 | 2026-08-31 21:35:34
     926 | 2026-08-31 21:34:35
     577 | 2026-08-31 21:33:36
     228 | 2026-08-31 21:32:37
     986 | 2026-08-31 21:28:55
     637 | 2026-08-31 21:27:56
     288 | 2026-08-31 21:26:57
     939 | 2026-08-31 21:25:58
     697 | 2026-08-31 21:22:16
     348 | 2026-08-31 21:21:17
     999 | 2026-08-31 21:20:18
     650 | 2026-08-31 21:19:19
     408 | 2026-08-31 21:15:37
      59 | 2026-08-31 21:14:38
     710 | 2026-08-31 21:13:39
     361 | 2026-08-31 21:12:40
     119 | 2026-08-31 21:08:58
     770 | 2026-08-31 21:07:59
     421 | 2026-08-31 21:07:00
      72 | 2026-08-31 21:06:01
     481 | 2026-08-31 21:01:20
     132 | 2026-08-31 21:00:21
     783 | 2026-08-31 20:59:22
     192 | 2026-08-31 20:54:41
     843 | 2026-08-31 20:53:42
     494 | 2026-08-31 20:52:43
     903 | 2026-08-31 20:48:02
     554 | 2026-08-31 20:47:03
     205 | 2026-08-31 20:46:04
     614 | 2026-08-31 20:41:23
     265 | 2026-08-31 20:40:24
     916 | 2026-08-31 20:39:25
     325 | 2026-08-31 20:34:44
     976 | 2026-08-31 20:33:45
     627 | 2026-08-31 20:32:46
      36 | 2026-08-31 20:28:05
     687 | 2026-08-31 20:27:06
     338 | 2026-08-31 20:26:07
     747 | 2026-08-31 20:21:26
     398 | 2026-08-31 20:20:27
      49 | 2026-08-31 20:19:28
     458 | 2026-08-31 20:14:47
     109 | 2026-08-31 20:13:48
     760 | 2026-08-31 20:12:49
     169 | 2026-08-31 20:08:08
     820 | 2026-08-31 20:07:09
     471 | 2026-08-31 20:06:10
     880 | 2026-08-31 20:01:29
     531 | 2026-08-31 20:00:30
     182 | 2026-08-31 19:59:31
     591 | 2026-08-31 19:54:50
     242 | 2026-08-31 19:53:51
     893 | 2026-08-31 19:52:52
     302 | 2026-08-31 19:48:11
     953 | 2026-08-31 19:47:12
     604 | 2026-08-31 19:46:13
      13 | 2026-08-31 19:41:32
     664 | 2026-08-31 19:40:33
     315 | 2026-08-31 19:39:34
     724 | 2026-08-31 19:34:53
     375 | 2026-08-31 19:33:54
      26 | 2026-08-31 19:32:55
     435 | 2026-08-31 19:28:14
      86 | 2026-08-31 19:27:15
     737 | 2026-08-31 19:26:16
     146 | 2026-08-31 19:21:35
     797 | 2026-08-31 19:20:36
     448 | 2026-08-31 19:19:37
     857 | 2026-08-31 19:14:56
     508 | 2026-08-31 19:13:57
     159 | 2026-08-31 19:12:58
     568 | 2026-08-31 19:08:17
     219 | 2026-08-31 19:07:18
     870 | 2026-08-31 19:06:19
     279 | 2026-08-31 19:01:38
     930 | 2026-08-31 19:00:39
     581 | 2026-08-31 18:59:40
     232 | 2026-08-31 18:58:41
     990 | 2026-08-31 18:54:59
     641 | 2026-08-31 18:54:00
     292 | 2026-08-31 18:53:01
     943 | 2026-08-31 18:52:02
     701 | 2026-08-31 18:48:20
     352 | 2026-08-31 18:47:21
       3 | 2026-08-31 18:46:22
     654 | 2026-08-31 18:45:23
     412 | 2026-08-31 18:41:41
      63 | 2026-08-31 18:40:42
     714 | 2026-08-31 18:39:43
     365 | 2026-08-31 18:38:44
     123 | 2026-08-31 18:35:02
     774 | 2026-08-31 18:34:03
     425 | 2026-08-31 18:33:04
      76 | 2026-08-31 18:32:05
     834 | 2026-08-31 18:28:23
     485 | 2026-08-31 18:27:24
     136 | 2026-08-31 18:26:25
     787 | 2026-08-31 18:25:26
     545 | 2026-08-31 18:21:44
     196 | 2026-08-31 18:20:45
     847 | 2026-08-31 18:19:46
     498 | 2026-08-31 18:18:47
     256 | 2026-08-31 18:15:05
     907 | 2026-08-31 18:14:06
     558 | 2026-08-31 18:13:07
     209 | 2026-08-31 18:12:08
     618 | 2026-08-31 18:07:27
     269 | 2026-08-31 18:06:28
     920 | 2026-08-31 18:05:29
     329 | 2026-08-31 18:00:48
     980 | 2026-08-31 17:59:49
     631 | 2026-08-31 17:58:50
      40 | 2026-08-31 17:54:09
     691 | 2026-08-31 17:53:10
     342 | 2026-08-31 17:52:11
     751 | 2026-08-31 17:47:30
     402 | 2026-08-31 17:46:31
      53 | 2026-08-31 17:45:32
     462 | 2026-08-31 17:40:51
     113 | 2026-08-31 17:39:52
     764 | 2026-08-31 17:38:53
     173 | 2026-08-31 17:34:12
     824 | 2026-08-31 17:33:13
     475 | 2026-08-31 17:32:14
     884 | 2026-08-31 17:27:33
     535 | 2026-08-31 17:26:34
     186 | 2026-08-31 17:25:35
     595 | 2026-08-31 17:20:54
     246 | 2026-08-31 17:19:55
     897 | 2026-08-31 17:18:56
     306 | 2026-08-31 17:14:15
     957 | 2026-08-31 17:13:16
     608 | 2026-08-31 17:12:17
      17 | 2026-08-31 17:07:36
     668 | 2026-08-31 17:06:37
     319 | 2026-08-31 17:05:38
     728 | 2026-08-31 17:00:57
     379 | 2026-08-31 16:59:58
      30 | 2026-08-31 16:58:59
     439 | 2026-08-31 16:54:18
      90 | 2026-08-31 16:53:19
     741 | 2026-08-31 16:52:20
     150 | 2026-08-31 16:47:39
     801 | 2026-08-31 16:46:40
     452 | 2026-08-31 16:45:41
     861 | 2026-08-31 16:41:00
     512 | 2026-08-31 16:40:01
     163 | 2026-08-31 16:39:02
     572 | 2026-08-31 16:34:21
     223 | 2026-08-31 16:33:22
     874 | 2026-08-31 16:32:23
     283 | 2026-08-31 16:27:42
     934 | 2026-08-31 16:26:43
     585 | 2026-08-31 16:25:44
     994 | 2026-08-31 16:21:03
     645 | 2026-08-31 16:20:04
     296 | 2026-08-31 16:19:05
     705 | 2026-08-31 16:14:24
     356 | 2026-08-31 16:13:25
       7 | 2026-08-31 16:12:26
     416 | 2026-08-31 16:07:45
      67 | 2026-08-31 16:06:46
     718 | 2026-08-31 16:05:47
     369 | 2026-08-31 16:04:48
     127 | 2026-08-31 16:01:06
     778 | 2026-08-31 16:00:07
     429 | 2026-08-31 15:59:08
      80 | 2026-08-31 15:58:09
     838 | 2026-08-31 15:54:27
     489 | 2026-08-31 15:53:28
     140 | 2026-08-31 15:52:29
     791 | 2026-08-31 15:51:30
     549 | 2026-08-31 15:47:48
     200 | 2026-08-31 15:46:49
     851 | 2026-08-31 15:45:50
     502 | 2026-08-31 15:44:51
     260 | 2026-08-31 15:41:09
     911 | 2026-08-31 15:40:10
     562 | 2026-08-31 15:39:11
     213 | 2026-08-31 15:38:12
     971 | 2026-08-31 15:34:30
     622 | 2026-08-31 15:33:31
     273 | 2026-08-31 15:32:32
     924 | 2026-08-31 15:31:33
     682 | 2026-08-31 15:27:51
     333 | 2026-08-31 15:26:52
     984 | 2026-08-31 15:25:53
     635 | 2026-08-31 15:24:54
     393 | 2026-08-31 15:21:12
      44 | 2026-08-31 15:20:13
     695 | 2026-08-31 15:19:14
     346 | 2026-08-31 15:18:15
     755 | 2026-08-31 15:13:34
     406 | 2026-08-31 15:12:35
      57 | 2026-08-31 15:11:36
     466 | 2026-08-31 15:06:55
     117 | 2026-08-31 15:05:56
     768 | 2026-08-31 15:04:57
     177 | 2026-08-31 15:00:16
     828 | 2026-08-31 14:59:17
     479 | 2026-08-31 14:58:18
     888 | 2026-08-31 14:53:37
     539 | 2026-08-31 14:52:38
     190 | 2026-08-31 14:51:39
     599 | 2026-08-31 14:46:58
     250 | 2026-08-31 14:45:59
     901 | 2026-08-31 14:45:00
     310 | 2026-08-31 14:40:19
     961 | 2026-08-31 14:39:20
     612 | 2026-08-31 14:38:21
      21 | 2026-08-31 14:33:40
     672 | 2026-08-31 14:32:41
     323 | 2026-08-31 14:31:42
     732 | 2026-08-31 14:27:01
     383 | 2026-08-31 14:26:02
      34 | 2026-08-31 14:25:03
     443 | 2026-08-31 14:20:22
      94 | 2026-08-31 14:19:23
     745 | 2026-08-31 14:18:24
     154 | 2026-08-31 14:13:43
     805 | 2026-08-31 14:12:44
     456 | 2026-08-31 14:11:45
     865 | 2026-08-31 14:07:04
     516 | 2026-08-31 14:06:05
     167 | 2026-08-31 14:05:06
     576 | 2026-08-31 14:00:25
     227 | 2026-08-31 13:59:26
     878 | 2026-08-31 13:58:27
     287 | 2026-08-31 13:53:46
     938 | 2026-08-31 13:52:47
     589 | 2026-08-31 13:51:48
     998 | 2026-08-31 13:47:07
     649 | 2026-08-31 13:46:08
     300 | 2026-08-31 13:45:09
     709 | 2026-08-31 13:40:28
     360 | 2026-08-31 13:39:29
      11 | 2026-08-31 13:38:30
     420 | 2026-08-31 13:33:49
      71 | 2026-08-31 13:32:50
     722 | 2026-08-31 13:31:51
     131 | 2026-08-31 13:27:10
     782 | 2026-08-31 13:26:11
     433 | 2026-08-31 13:25:12
     842 | 2026-08-31 13:20:31
     493 | 2026-08-31 13:19:32
     144 | 2026-08-31 13:18:33
     553 | 2026-08-31 13:13:52
     204 | 2026-08-31 13:12:53
     855 | 2026-08-31 13:11:54
     506 | 2026-08-31 13:10:55
     264 | 2026-08-31 13:07:13
     915 | 2026-08-31 13:06:14
     566 | 2026-08-31 13:05:15
     217 | 2026-08-31 13:04:16
     975 | 2026-08-31 13:00:34
     626 | 2026-08-31 12:59:35
     277 | 2026-08-31 12:58:36
     928 | 2026-08-31 12:57:37
     686 | 2026-08-31 12:53:55
     337 | 2026-08-31 12:52:56
     988 | 2026-08-31 12:51:57
     639 | 2026-08-31 12:50:58
     397 | 2026-08-31 12:47:16
      48 | 2026-08-31 12:46:17
     699 | 2026-08-31 12:45:18
     350 | 2026-08-31 12:44:19
     108 | 2026-08-31 12:40:37
     759 | 2026-08-31 12:39:38
     410 | 2026-08-31 12:38:39
      61 | 2026-08-31 12:37:40
     819 | 2026-08-31 12:33:58
     470 | 2026-08-31 12:32:59
     121 | 2026-08-31 12:32:00
     772 | 2026-08-31 12:31:01
     530 | 2026-08-31 12:27:19
     181 | 2026-08-31 12:26:20
     832 | 2026-08-31 12:25:21
     483 | 2026-08-31 12:24:22
     892 | 2026-08-31 12:19:41
     543 | 2026-08-31 12:18:42
     194 | 2026-08-31 12:17:43
     603 | 2026-08-31 12:13:02
     254 | 2026-08-31 12:12:03
     905 | 2026-08-31 12:11:04
     314 | 2026-08-31 12:06:23
     965 | 2026-08-31 12:05:24
     616 | 2026-08-31 12:04:25
      25 | 2026-08-31 11:59:44
     676 | 2026-08-31 11:58:45
     327 | 2026-08-31 11:57:46
     736 | 2026-08-31 11:53:05
     387 | 2026-08-31 11:52:06
      38 | 2026-08-31 11:51:07
     447 | 2026-08-31 11:46:26
      98 | 2026-08-31 11:45:27
     749 | 2026-08-31 11:44:28
     158 | 2026-08-31 11:39:47
     809 | 2026-08-31 11:38:48
     460 | 2026-08-31 11:37:49
     869 | 2026-08-31 11:33:08
     520 | 2026-08-31 11:32:09
     171 | 2026-08-31 11:31:10
     580 | 2026-08-31 11:26:29
     231 | 2026-08-31 11:25:30
     882 | 2026-08-31 11:24:31
     291 | 2026-08-31 11:19:50
     942 | 2026-08-31 11:18:51
     593 | 2026-08-31 11:17:52
       2 | 2026-08-31 11:13:11
     653 | 2026-08-31 11:12:12
     304 | 2026-08-31 11:11:13
     713 | 2026-08-31 11:06:32
     364 | 2026-08-31 11:05:33
      15 | 2026-08-31 11:04:34
     424 | 2026-08-31 10:59:53
      75 | 2026-08-31 10:58:54
     726 | 2026-08-31 10:57:55
     135 | 2026-08-31 10:53:14
     786 | 2026-08-31 10:52:15
     437 | 2026-08-31 10:51:16
     846 | 2026-08-31 10:46:35
     497 | 2026-08-31 10:45:36
     148 | 2026-08-31 10:44:37
     557 | 2026-08-31 10:39:56
     208 | 2026-08-31 10:38:57
     859 | 2026-08-31 10:37:58
     268 | 2026-08-31 10:33:17
     919 | 2026-08-31 10:32:18
     570 | 2026-08-31 10:31:19
     979 | 2026-08-31 10:26:38
     630 | 2026-08-31 10:25:39
     281 | 2026-08-31 10:24:40
     690 | 2026-08-31 10:19:59
     341 | 2026-08-31 10:19:00
     992 | 2026-08-31 10:18:01
     643 | 2026-08-31 10:17:02
     401 | 2026-08-31 10:13:20
      52 | 2026-08-31 10:12:21
     703 | 2026-08-31 10:11:22
     354 | 2026-08-31 10:10:23
     112 | 2026-08-31 10:06:41
     763 | 2026-08-31 10:05:42
     414 | 2026-08-31 10:04:43
      65 | 2026-08-31 10:03:44
     823 | 2026-08-31 10:00:02
     474 | 2026-08-31 09:59:03
     125 | 2026-08-31 09:58:04
     776 | 2026-08-31 09:57:05
     534 | 2026-08-31 09:53:23
     185 | 2026-08-31 09:52:24
     836 | 2026-08-31 09:51:25
     487 | 2026-08-31 09:50:26
     245 | 2026-08-31 09:46:44
     896 | 2026-08-31 09:45:45
     547 | 2026-08-31 09:44:46
     198 | 2026-08-31 09:43:47
     956 | 2026-08-31 09:40:05
     607 | 2026-08-31 09:39:06
     258 | 2026-08-31 09:38:07
     909 | 2026-08-31 09:37:08
     667 | 2026-08-31 09:33:26
     318 | 2026-08-31 09:32:27
     969 | 2026-08-31 09:31:28
     620 | 2026-08-31 09:30:29
      29 | 2026-08-31 09:25:48
     680 | 2026-08-31 09:24:49
     331 | 2026-08-31 09:23:50
     740 | 2026-08-31 09:19:09
     391 | 2026-08-31 09:18:10
      42 | 2026-08-31 09:17:11
     451 | 2026-08-31 09:12:30
     102 | 2026-08-31 09:11:31
     753 | 2026-08-31 09:10:32
     162 | 2026-08-31 09:05:51
     813 | 2026-08-31 09:04:52
     464 | 2026-08-31 09:03:53
     873 | 2026-08-31 08:59:12
     524 | 2026-08-31 08:58:13
     175 | 2026-08-31 08:57:14
     584 | 2026-08-31 08:52:33
     235 | 2026-08-31 08:51:34
     886 | 2026-08-31 08:50:35
     295 | 2026-08-31 08:45:54
     946 | 2026-08-31 08:44:55
     597 | 2026-08-31 08:43:56
       6 | 2026-08-31 08:39:15
     657 | 2026-08-31 08:38:16
     308 | 2026-08-31 08:37:17
     717 | 2026-08-31 08:32:36
     368 | 2026-08-31 08:31:37
      19 | 2026-08-31 08:30:38
     428 | 2026-08-31 08:25:57
      79 | 2026-08-31 08:24:58
     730 | 2026-08-31 08:23:59
     139 | 2026-08-31 08:19:18
     790 | 2026-08-31 08:18:19
     441 | 2026-08-31 08:17:20
     850 | 2026-08-31 08:12:39
     501 | 2026-08-31 08:11:40
     152 | 2026-08-31 08:10:41
     561 | 2026-08-31 08:06:00
     212 | 2026-08-31 08:05:01
     863 | 2026-08-31 08:04:02
     272 | 2026-08-31 07:59:21
     923 | 2026-08-31 07:58:22
     574 | 2026-08-31 07:57:23
     983 | 2026-08-31 07:52:42
     634 | 2026-08-31 07:51:43
     285 | 2026-08-31 07:50:44
     694 | 2026-08-31 07:46:03
     345 | 2026-08-31 07:45:04
     996 | 2026-08-31 07:44:05
     405 | 2026-08-31 07:39:24
      56 | 2026-08-31 07:38:25
     707 | 2026-08-31 07:37:26
     116 | 2026-08-31 07:32:45
     767 | 2026-08-31 07:31:46
     418 | 2026-08-31 07:30:47
     827 | 2026-08-31 07:26:06
     478 | 2026-08-31 07:25:07
     129 | 2026-08-31 07:24:08
     780 | 2026-08-31 07:23:09
     538 | 2026-08-31 07:19:27
     189 | 2026-08-31 07:18:28
     840 | 2026-08-31 07:17:29
     491 | 2026-08-31 07:16:30
     249 | 2026-08-31 07:12:48
     900 | 2026-08-31 07:11:49
     551 | 2026-08-31 07:10:50
     202 | 2026-08-31 07:09:51
     960 | 2026-08-31 07:06:09
     611 | 2026-08-31 07:05:10
     262 | 2026-08-31 07:04:11
     913 | 2026-08-31 07:03:12
     671 | 2026-08-31 06:59:30
     322 | 2026-08-31 06:58:31
     973 | 2026-08-31 06:57:32
     624 | 2026-08-31 06:56:33
     382 | 2026-08-31 06:52:51
      33 | 2026-08-31 06:51:52
     684 | 2026-08-31 06:50:53
     335 | 2026-08-31 06:49:54
      93 | 2026-08-31 06:46:12
     744 | 2026-08-31 06:45:13
     395 | 2026-08-31 06:44:14
      46 | 2026-08-31 06:43:15
     804 | 2026-08-31 06:39:33
     455 | 2026-08-31 06:38:34
     106 | 2026-08-31 06:37:35
     757 | 2026-08-31 06:36:36
     515 | 2026-08-31 06:32:54
     166 | 2026-08-31 06:31:55
     817 | 2026-08-31 06:30:56
     468 | 2026-08-31 06:29:57
     877 | 2026-08-31 06:25:16
     528 | 2026-08-31 06:24:17
     179 | 2026-08-31 06:23:18
     588 | 2026-08-31 06:18:37
     239 | 2026-08-31 06:17:38
     890 | 2026-08-31 06:16:39
     299 | 2026-08-31 06:11:58
     950 | 2026-08-31 06:10:59
     601 | 2026-08-31 06:10:00
      10 | 2026-08-31 06:05:19
     661 | 2026-08-31 06:04:20
     312 | 2026-08-31 06:03:21
     721 | 2026-08-31 05:58:40
     372 | 2026-08-31 05:57:41
      23 | 2026-08-31 05:56:42
     432 | 2026-08-31 05:52:01
      83 | 2026-08-31 05:51:02
     734 | 2026-08-31 05:50:03
     143 | 2026-08-31 05:45:22
     794 | 2026-08-31 05:44:23
     445 | 2026-08-31 05:43:24
     854 | 2026-08-31 05:38:43
     505 | 2026-08-31 05:37:44
     156 | 2026-08-31 05:36:45
     565 | 2026-08-31 05:32:04
     216 | 2026-08-31 05:31:05
     867 | 2026-08-31 05:30:06
     276 | 2026-08-31 05:25:25
     927 | 2026-08-31 05:24:26
     578 | 2026-08-31 05:23:27
     987 | 2026-08-31 05:18:46
     638 | 2026-08-31 05:17:47
     289 | 2026-08-31 05:16:48
     698 | 2026-08-31 05:12:07
     349 | 2026-08-31 05:11:08
    1000 | 2026-08-31 05:10:09
     409 | 2026-08-31 05:05:28
      60 | 2026-08-31 05:04:29
     711 | 2026-08-31 05:03:30
     120 | 2026-08-31 04:58:49
     771 | 2026-08-31 04:57:50
     422 | 2026-08-31 04:56:51
     831 | 2026-08-31 04:52:10
     482 | 2026-08-31 04:51:11
     133 | 2026-08-31 04:50:12
     542 | 2026-08-31 04:45:31
     193 | 2026-08-31 04:44:32
     844 | 2026-08-31 04:43:33
     253 | 2026-08-31 04:38:52
     904 | 2026-08-31 04:37:53
     555 | 2026-08-31 04:36:54
     964 | 2026-08-31 04:32:13
     615 | 2026-08-31 04:31:14
     266 | 2026-08-31 04:30:15
     917 | 2026-08-31 04:29:16
     675 | 2026-08-31 04:25:34
     326 | 2026-08-31 04:24:35
     977 | 2026-08-31 04:23:36
     628 | 2026-08-31 04:22:37
     386 | 2026-08-31 04:18:55
      37 | 2026-08-31 04:17:56
     688 | 2026-08-31 04:16:57
     339 | 2026-08-31 04:15:58
      97 | 2026-08-31 04:12:16
     748 | 2026-08-31 04:11:17
     399 | 2026-08-31 04:10:18
      50 | 2026-08-31 04:09:19
     808 | 2026-08-31 04:05:37
     459 | 2026-08-31 04:04:38
     110 | 2026-08-31 04:03:39
     761 | 2026-08-31 04:02:40
     519 | 2026-08-31 03:58:58
     170 | 2026-08-31 03:57:59
     821 | 2026-08-31 03:57:00
     472 | 2026-08-31 03:56:01
     230 | 2026-08-31 03:52:19
     881 | 2026-08-31 03:51:20
     532 | 2026-08-31 03:50:21
     183 | 2026-08-31 03:49:22
     941 | 2026-08-31 03:45:40
     592 | 2026-08-31 03:44:41
     243 | 2026-08-31 03:43:42
     894 | 2026-08-31 03:42:43
     652 | 2026-08-31 03:39:01
     303 | 2026-08-31 03:38:02
     954 | 2026-08-31 03:37:03
     605 | 2026-08-31 03:36:04
      14 | 2026-08-31 03:31:23
     665 | 2026-08-31 03:30:24
     316 | 2026-08-31 03:29:25
     725 | 2026-08-31 03:24:44
     376 | 2026-08-31 03:23:45
      27 | 2026-08-31 03:22:46
     436 | 2026-08-31 03:18:05
      87 | 2026-08-31 03:17:06
     738 | 2026-08-31 03:16:07
     147 | 2026-08-31 03:11:26
     798 | 2026-08-31 03:10:27
     449 | 2026-08-31 03:09:28
     858 | 2026-08-31 03:04:47
     509 | 2026-08-31 03:03:48
     160 | 2026-08-31 03:02:49
     569 | 2026-08-31 02:58:08
     220 | 2026-08-31 02:57:09
     871 | 2026-08-31 02:56:10
     280 | 2026-08-31 02:51:29
     931 | 2026-08-31 02:50:30
     582 | 2026-08-31 02:49:31
     991 | 2026-08-31 02:44:50
     642 | 2026-08-31 02:43:51
     293 | 2026-08-31 02:42:52
     702 | 2026-08-31 02:38:11
     353 | 2026-08-31 02:37:12
       4 | 2026-08-31 02:36:13
     413 | 2026-08-31 02:31:32
      64 | 2026-08-31 02:30:33
     715 | 2026-08-31 02:29:34
     124 | 2026-08-31 02:24:53
     775 | 2026-08-31 02:23:54
     426 | 2026-08-31 02:22:55
     835 | 2026-08-31 02:18:14
     486 | 2026-08-31 02:17:15
     137 | 2026-08-31 02:16:16
     546 | 2026-08-31 02:11:35
     197 | 2026-08-31 02:10:36
     848 | 2026-08-31 02:09:37
     257 | 2026-08-31 02:04:56
     908 | 2026-08-31 02:03:57
     559 | 2026-08-31 02:02:58
     968 | 2026-08-31 01:58:17
     619 | 2026-08-31 01:57:18
     270 | 2026-08-31 01:56:19
     679 | 2026-08-31 01:51:38
     330 | 2026-08-31 01:50:39
     981 | 2026-08-31 01:49:40
     390 | 2026-08-31 01:44:59
      41 | 2026-08-31 01:44:00
     692 | 2026-08-31 01:43:01
     101 | 2026-08-31 01:38:20
     752 | 2026-08-31 01:37:21
     403 | 2026-08-31 01:36:22
      54 | 2026-08-31 01:35:23
     812 | 2026-08-31 01:31:41
     463 | 2026-08-31 01:30:42
     114 | 2026-08-31 01:29:43
     765 | 2026-08-31 01:28:44
     523 | 2026-08-31 01:25:02
     174 | 2026-08-31 01:24:03
     825 | 2026-08-31 01:23:04
     476 | 2026-08-31 01:22:05
     234 | 2026-08-31 01:18:23
     885 | 2026-08-31 01:17:24
     536 | 2026-08-31 01:16:25
     187 | 2026-08-31 01:15:26
     945 | 2026-08-31 01:11:44
     596 | 2026-08-31 01:10:45
     247 | 2026-08-31 01:09:46
     898 | 2026-08-31 01:08:47
     656 | 2026-08-31 01:05:05
     307 | 2026-08-31 01:04:06
     958 | 2026-08-31 01:03:07
     609 | 2026-08-31 01:02:08
     367 | 2026-08-31 00:58:26
      18 | 2026-08-31 00:57:27
     669 | 2026-08-31 00:56:28
     320 | 2026-08-31 00:55:29
      78 | 2026-08-31 00:51:47
     729 | 2026-08-31 00:50:48
     380 | 2026-08-31 00:49:49
      31 | 2026-08-31 00:48:50
     789 | 2026-08-31 00:45:08
     440 | 2026-08-31 00:44:09
      91 | 2026-08-31 00:43:10
     742 | 2026-08-31 00:42:11
     151 | 2026-08-31 00:37:30
     802 | 2026-08-31 00:36:31
     453 | 2026-08-31 00:35:32
     862 | 2026-08-31 00:30:51
     513 | 2026-08-31 00:29:52
     164 | 2026-08-31 00:28:53
     573 | 2026-08-31 00:24:12
     224 | 2026-08-31 00:23:13
     875 | 2026-08-31 00:22:14
     284 | 2026-08-31 00:17:33
     935 | 2026-08-31 00:16:34
     586 | 2026-08-31 00:15:35
     995 | 2026-08-31 00:10:54
     646 | 2026-08-31 00:09:55
     297 | 2026-08-31 00:08:56
     706 | 2026-08-31 00:04:15
     357 | 2026-08-31 00:03:16
       8 | 2026-08-31 00:02:17
     417 | 2026-08-30 23:57:36
      68 | 2026-08-30 23:56:37
     719 | 2026-08-30 23:55:38
     128 | 2026-08-30 23:50:57
     779 | 2026-08-30 23:49:58
     430 | 2026-08-30 23:48:59
     839 | 2026-08-30 23:44:18
     490 | 2026-08-30 23:43:19
     141 | 2026-08-30 23:42:20
     550 | 2026-08-30 23:37:39
     201 | 2026-08-30 23:36:40
     852 | 2026-08-30 23:35:41
     261 | 2026-08-30 23:31:00
     912 | 2026-08-30 23:30:01
     563 | 2026-08-30 23:29:02
     972 | 2026-08-30 23:24:21
     623 | 2026-08-30 23:23:22
     274 | 2026-08-30 23:22:23
     683 | 2026-08-30 23:17:42
     334 | 2026-08-30 23:16:43
     985 | 2026-08-30 23:15:44
     394 | 2026-08-30 23:11:03
      45 | 2026-08-30 23:10:04
     696 | 2026-08-30 23:09:05
     105 | 2026-08-30 23:04:24
     756 | 2026-08-30 23:03:25
     407 | 2026-08-30 23:02:26
     816 | 2026-08-30 22:57:45
     467 | 2026-08-30 22:56:46
     118 | 2026-08-30 22:55:47
     527 | 2026-08-30 22:51:06
     178 | 2026-08-30 22:50:07
     829 | 2026-08-30 22:49:08
     238 | 2026-08-30 22:44:27
     889 | 2026-08-30 22:43:28
     540 | 2026-08-30 22:42:29
     949 | 2026-08-30 22:37:48
     600 | 2026-08-30 22:36:49
     251 | 2026-08-30 22:35:50
     902 | 2026-08-30 22:34:51
     660 | 2026-08-30 22:31:09
     311 | 2026-08-30 22:30:10
     962 | 2026-08-30 22:29:11
     613 | 2026-08-30 22:28:12
     371 | 2026-08-30 22:24:30
      22 | 2026-08-30 22:23:31
     673 | 2026-08-30 22:22:32
     324 | 2026-08-30 22:21:33
      82 | 2026-08-30 22:17:51
     733 | 2026-08-30 22:16:52
     384 | 2026-08-30 22:15:53
      35 | 2026-08-30 22:14:54
     793 | 2026-08-30 22:11:12
     444 | 2026-08-30 22:10:13
      95 | 2026-08-30 22:09:14
     746 | 2026-08-30 22:08:15
     504 | 2026-08-30 22:04:33
     155 | 2026-08-30 22:03:34
     806 | 2026-08-30 22:02:35
     457 | 2026-08-30 22:01:36
     215 | 2026-08-30 21:57:54
     866 | 2026-08-30 21:56:55
     517 | 2026-08-30 21:55:56
     168 | 2026-08-30 21:54:57
     926 | 2026-08-30 21:51:15
     577 | 2026-08-30 21:50:16
     228 | 2026-08-30 21:49:17
     879 | 2026-08-30 21:48:18
     288 | 2026-08-30 21:43:37
     939 | 2026-08-30 21:42:38
     590 | 2026-08-30 21:41:39
     999 | 2026-08-30 21:36:58
     650 | 2026-08-30 21:35:59
     301 | 2026-08-30 21:35:00
     710 | 2026-08-30 21:30:19
     361 | 2026-08-30 21:29:20
      12 | 2026-08-30 21:28:21
     421 | 2026-08-30 21:23:40
      72 | 2026-08-30 21:22:41
     723 | 2026-08-30 21:21:42
     132 | 2026-08-30 21:17:01
     783 | 2026-08-30 21:16:02
     434 | 2026-08-30 21:15:03
     843 | 2026-08-30 21:10:22
     494 | 2026-08-30 21:09:23
     145 | 2026-08-30 21:08:24
     554 | 2026-08-30 21:03:43
     205 | 2026-08-30 21:02:44
     856 | 2026-08-30 21:01:45
     265 | 2026-08-30 20:57:04
     916 | 2026-08-30 20:56:05
     567 | 2026-08-30 20:55:06
     976 | 2026-08-30 20:50:25
     627 | 2026-08-30 20:49:26
     278 | 2026-08-30 20:48:27
     687 | 2026-08-30 20:43:46
     338 | 2026-08-30 20:42:47
     989 | 2026-08-30 20:41:48
     398 | 2026-08-30 20:37:07
      49 | 2026-08-30 20:36:08
     700 | 2026-08-30 20:35:09
     109 | 2026-08-30 20:30:28
     760 | 2026-08-30 20:29:29
     411 | 2026-08-30 20:28:30
     820 | 2026-08-30 20:23:49
     471 | 2026-08-30 20:22:50
     122 | 2026-08-30 20:21:51
     531 | 2026-08-30 20:17:10
     182 | 2026-08-30 20:16:11
     833 | 2026-08-30 20:15:12
     242 | 2026-08-30 20:10:31
     893 | 2026-08-30 20:09:32
     544 | 2026-08-30 20:08:33
     953 | 2026-08-30 20:03:52
     604 | 2026-08-30 20:02:53
     255 | 2026-08-30 20:01:54
     664 | 2026-08-30 19:57:13
     315 | 2026-08-30 19:56:14
     966 | 2026-08-30 19:55:15
     375 | 2026-08-30 19:50:34
      26 | 2026-08-30 19:49:35
     677 | 2026-08-30 19:48:36
      86 | 2026-08-30 19:43:55
     737 | 2026-08-30 19:42:56
     388 | 2026-08-30 19:41:57
      39 | 2026-08-30 19:40:58
     797 | 2026-08-30 19:37:16
     448 | 2026-08-30 19:36:17
      99 | 2026-08-30 19:35:18
     750 | 2026-08-30 19:34:19
     508 | 2026-08-30 19:30:37
     159 | 2026-08-30 19:29:38
     810 | 2026-08-30 19:28:39
     461 | 2026-08-30 19:27:40
     219 | 2026-08-30 19:23:58
     870 | 2026-08-30 19:22:59
     521 | 2026-08-30 19:22:00
     172 | 2026-08-30 19:21:01
     930 | 2026-08-30 19:17:19
     581 | 2026-08-30 19:16:20
     232 | 2026-08-30 19:15:21
     883 | 2026-08-30 19:14:22
     641 | 2026-08-30 19:10:40
     292 | 2026-08-30 19:09:41
     943 | 2026-08-30 19:08:42
     594 | 2026-08-30 19:07:43
     352 | 2026-08-30 19:04:01
       3 | 2026-08-30 19:03:02
     654 | 2026-08-30 19:02:03
     305 | 2026-08-30 19:01:04
      63 | 2026-08-30 18:57:22
     714 | 2026-08-30 18:56:23
     365 | 2026-08-30 18:55:24
      16 | 2026-08-30 18:54:25
     425 | 2026-08-30 18:49:44
      76 | 2026-08-30 18:48:45
     727 | 2026-08-30 18:47:46
     136 | 2026-08-30 18:43:05
     787 | 2026-08-30 18:42:06
     438 | 2026-08-30 18:41:07
     847 | 2026-08-30 18:36:26
     498 | 2026-08-30 18:35:27
     149 | 2026-08-30 18:34:28
     558 | 2026-08-30 18:29:47
     209 | 2026-08-30 18:28:48
     860 | 2026-08-30 18:27:49
     269 | 2026-08-30 18:23:08
     920 | 2026-08-30 18:22:09
     571 | 2026-08-30 18:21:10
     980 | 2026-08-30 18:16:29
     631 | 2026-08-30 18:15:30
     282 | 2026-08-30 18:14:31
     691 | 2026-08-30 18:09:50
     342 | 2026-08-30 18:08:51
     993 | 2026-08-30 18:07:52
     402 | 2026-08-30 18:03:11
      53 | 2026-08-30 18:02:12
     704 | 2026-08-30 18:01:13
     113 | 2026-08-30 17:56:32
     764 | 2026-08-30 17:55:33
     415 | 2026-08-30 17:54:34
     824 | 2026-08-30 17:49:53
     475 | 2026-08-30 17:48:54
     126 | 2026-08-30 17:47:55
     535 | 2026-08-30 17:43:14
     186 | 2026-08-30 17:42:15
     837 | 2026-08-30 17:41:16
     246 | 2026-08-30 17:36:35
     897 | 2026-08-30 17:35:36
     548 | 2026-08-30 17:34:37
     957 | 2026-08-30 17:29:56
     608 | 2026-08-30 17:28:57
     259 | 2026-08-30 17:27:58
     668 | 2026-08-30 17:23:17
     319 | 2026-08-30 17:22:18
     970 | 2026-08-30 17:21:19
     379 | 2026-08-30 17:16:38
      30 | 2026-08-30 17:15:39
     681 | 2026-08-30 17:14:40
      90 | 2026-08-30 17:09:59
     741 | 2026-08-30 17:09:00
     392 | 2026-08-30 17:08:01
     801 | 2026-08-30 17:03:20
     452 | 2026-08-30 17:02:21
     103 | 2026-08-30 17:01:22
     512 | 2026-08-30 16:56:41
     163 | 2026-08-30 16:55:42
     814 | 2026-08-30 16:54:43
     223 | 2026-08-30 16:50:02
     874 | 2026-08-30 16:49:03
     525 | 2026-08-30 16:48:04
     176 | 2026-08-30 16:47:05
     934 | 2026-08-30 16:43:23
     585 | 2026-08-30 16:42:24
     236 | 2026-08-30 16:41:25
     887 | 2026-08-30 16:40:26
     645 | 2026-08-30 16:36:44
     296 | 2026-08-30 16:35:45
     947 | 2026-08-30 16:34:46
     598 | 2026-08-30 16:33:47
     356 | 2026-08-30 16:30:05
       7 | 2026-08-30 16:29:06
     658 | 2026-08-30 16:28:07
     309 | 2026-08-30 16:27:08
      67 | 2026-08-30 16:23:26
     718 | 2026-08-30 16:22:27
     369 | 2026-08-30 16:21:28
      20 | 2026-08-30 16:20:29
     778 | 2026-08-30 16:16:47
     429 | 2026-08-30 16:15:48
      80 | 2026-08-30 16:14:49
     731 | 2026-08-30 16:13:50
     489 | 2026-08-30 16:10:08
     140 | 2026-08-30 16:09:09
     791 | 2026-08-30 16:08:10
     442 | 2026-08-30 16:07:11
     200 | 2026-08-30 16:03:29
     851 | 2026-08-30 16:02:30
     502 | 2026-08-30 16:01:31
     153 | 2026-08-30 16:00:32
     562 | 2026-08-30 15:55:51
     213 | 2026-08-30 15:54:52
     864 | 2026-08-30 15:53:53
     273 | 2026-08-30 15:49:12
     924 | 2026-08-30 15:48:13
     575 | 2026-08-30 15:47:14
     984 | 2026-08-30 15:42:33
     635 | 2026-08-30 15:41:34
     286 | 2026-08-30 15:40:35
     695 | 2026-08-30 15:35:54
     346 | 2026-08-30 15:34:55
     997 | 2026-08-30 15:33:56
     406 | 2026-08-30 15:29:15
      57 | 2026-08-30 15:28:16
     708 | 2026-08-30 15:27:17
     117 | 2026-08-30 15:22:36
     768 | 2026-08-30 15:21:37
     419 | 2026-08-30 15:20:38
     828 | 2026-08-30 15:15:57
     479 | 2026-08-30 15:14:58
     130 | 2026-08-30 15:13:59
     539 | 2026-08-30 15:09:18
     190 | 2026-08-30 15:08:19
     841 | 2026-08-30 15:07:20
     250 | 2026-08-30 15:02:39
     901 | 2026-08-30 15:01:40
     552 | 2026-08-30 15:00:41
     961 | 2026-08-30 14:56:00
     612 | 2026-08-30 14:55:01
     263 | 2026-08-30 14:54:02
     672 | 2026-08-30 14:49:21
     323 | 2026-08-30 14:48:22
     974 | 2026-08-30 14:47:23
     383 | 2026-08-30 14:42:42
      34 | 2026-08-30 14:41:43
     685 | 2026-08-30 14:40:44
      94 | 2026-08-30 14:36:03
     745 | 2026-08-30 14:35:04
     396 | 2026-08-30 14:34:05
     805 | 2026-08-30 14:29:24
     456 | 2026-08-30 14:28:25
     107 | 2026-08-30 14:27:26
     516 | 2026-08-30 14:22:45
     167 | 2026-08-30 14:21:46
     818 | 2026-08-30 14:20:47
     227 | 2026-08-30 14:16:06
     878 | 2026-08-30 14:15:07
     529 | 2026-08-30 14:14:08
     938 | 2026-08-30 14:09:27
     589 | 2026-08-30 14:08:28
     240 | 2026-08-30 14:07:29
     649 | 2026-08-30 14:02:48
     300 | 2026-08-30 14:01:49
     951 | 2026-08-30 14:00:50
     360 | 2026-08-30 13:56:09
      11 | 2026-08-30 13:55:10
     662 | 2026-08-30 13:54:11
     313 | 2026-08-30 13:53:12
      71 | 2026-08-30 13:49:30
     722 | 2026-08-30 13:48:31
     373 | 2026-08-30 13:47:32
      24 | 2026-08-30 13:46:33
     782 | 2026-08-30 13:42:51
     433 | 2026-08-30 13:41:52
      84 | 2026-08-30 13:40:53
     735 | 2026-08-30 13:39:54
     493 | 2026-08-30 13:36:12
     144 | 2026-08-30 13:35:13
     795 | 2026-08-30 13:34:14
     446 | 2026-08-30 13:33:15
     204 | 2026-08-30 13:29:33
     855 | 2026-08-30 13:28:34
     506 | 2026-08-30 13:27:35
     157 | 2026-08-30 13:26:36
     915 | 2026-08-30 13:22:54
     566 | 2026-08-30 13:21:55
     217 | 2026-08-30 13:20:56
     868 | 2026-08-30 13:19:57
     626 | 2026-08-30 13:16:15
     277 | 2026-08-30 13:15:16
     928 | 2026-08-30 13:14:17
     579 | 2026-08-30 13:13:18
     337 | 2026-08-30 13:09:36
     988 | 2026-08-30 13:08:37
     639 | 2026-08-30 13:07:38
     290 | 2026-08-30 13:06:39
     699 | 2026-08-30 13:01:58
     350 | 2026-08-30 13:00:59
       1 | 2026-08-30 13:00:00
     410 | 2026-08-30 12:55:19
      61 | 2026-08-30 12:54:20
     712 | 2026-08-30 12:53:21
     121 | 2026-08-30 12:48:40
     772 | 2026-08-30 12:47:41
     423 | 2026-08-30 12:46:42
     832 | 2026-08-30 12:42:01
     483 | 2026-08-30 12:41:02
     134 | 2026-08-30 12:40:03
     543 | 2026-08-30 12:35:22
     194 | 2026-08-30 12:34:23
     845 | 2026-08-30 12:33:24
     254 | 2026-08-30 12:28:43
     905 | 2026-08-30 12:27:44
     556 | 2026-08-30 12:26:45
     965 | 2026-08-30 12:22:04
     616 | 2026-08-30 12:21:05
     267 | 2026-08-30 12:20:06
     676 | 2026-08-30 12:15:25
     327 | 2026-08-30 12:14:26
     978 | 2026-08-30 12:13:27
     387 | 2026-08-30 12:08:46
      38 | 2026-08-30 12:07:47
     689 | 2026-08-30 12:06:48
      98 | 2026-08-30 12:02:07
     749 | 2026-08-30 12:01:08
     400 | 2026-08-30 12:00:09
     809 | 2026-08-30 11:55:28
     460 | 2026-08-30 11:54:29
     111 | 2026-08-30 11:53:30
     520 | 2026-08-30 11:48:49
     171 | 2026-08-30 11:47:50
     822 | 2026-08-30 11:46:51
     231 | 2026-08-30 11:42:10
     882 | 2026-08-30 11:41:11
     533 | 2026-08-30 11:40:12
     942 | 2026-08-30 11:35:31
     593 | 2026-08-30 11:34:32
     244 | 2026-08-30 11:33:33
     653 | 2026-08-30 11:28:52
     304 | 2026-08-30 11:27:53
     955 | 2026-08-30 11:26:54
     364 | 2026-08-30 11:22:13
      15 | 2026-08-30 11:21:14
     666 | 2026-08-30 11:20:15
      75 | 2026-08-30 11:15:34
     726 | 2026-08-30 11:14:35
     377 | 2026-08-30 11:13:36
     786 | 2026-08-30 11:08:55
     437 | 2026-08-30 11:07:56
      88 | 2026-08-30 11:06:57
     497 | 2026-08-30 11:02:16
     148 | 2026-08-30 11:01:17
     799 | 2026-08-30 11:00:18
     450 | 2026-08-30 10:59:19
     208 | 2026-08-30 10:55:37
     859 | 2026-08-30 10:54:38
     510 | 2026-08-30 10:53:39
     161 | 2026-08-30 10:52:40
     919 | 2026-08-30 10:48:58
     570 | 2026-08-30 10:47:59
     221 | 2026-08-30 10:47:00
     872 | 2026-08-30 10:46:01
     630 | 2026-08-30 10:42:19
     281 | 2026-08-30 10:41:20
     932 | 2026-08-30 10:40:21
     583 | 2026-08-30 10:39:22
     341 | 2026-08-30 10:35:40
     992 | 2026-08-30 10:34:41
     643 | 2026-08-30 10:33:42
     294 | 2026-08-30 10:32:43
      52 | 2026-08-30 10:29:01
     703 | 2026-08-30 10:28:02
     354 | 2026-08-30 10:27:03
       5 | 2026-08-30 10:26:04
     763 | 2026-08-30 10:22:22
     414 | 2026-08-30 10:21:23
      65 | 2026-08-30 10:20:24
     716 | 2026-08-30 10:19:25
     474 | 2026-08-30 10:15:43
     125 | 2026-08-30 10:14:44
     776 | 2026-08-30 10:13:45
     427 | 2026-08-30 10:12:46
     836 | 2026-08-30 10:08:05
     487 | 2026-08-30 10:07:06
     138 | 2026-08-30 10:06:07
     547 | 2026-08-30 10:01:26
     198 | 2026-08-30 10:00:27
     849 | 2026-08-30 09:59:28
     258 | 2026-08-30 09:54:47
     909 | 2026-08-30 09:53:48
     560 | 2026-08-30 09:52:49
     969 | 2026-08-30 09:48:08
     620 | 2026-08-30 09:47:09
     271 | 2026-08-30 09:46:10
     680 | 2026-08-30 09:41:29
     331 | 2026-08-30 09:40:30
     982 | 2026-08-30 09:39:31
     391 | 2026-08-30 09:34:50
      42 | 2026-08-30 09:33:51
     693 | 2026-08-30 09:32:52
     102 | 2026-08-30 09:28:11
     753 | 2026-08-30 09:27:12
     404 | 2026-08-30 09:26:13
     813 | 2026-08-30 09:21:32
     464 | 2026-08-30 09:20:33
     115 | 2026-08-30 09:19:34
     524 | 2026-08-30 09:14:53
     175 | 2026-08-30 09:13:54
     826 | 2026-08-30 09:12:55
     235 | 2026-08-30 09:08:14
     886 | 2026-08-30 09:07:15
     537 | 2026-08-30 09:06:16
     946 | 2026-08-30 09:01:35
     597 | 2026-08-30 09:00:36
     248 | 2026-08-30 08:59:37
     657 | 2026-08-30 08:54:56
     308 | 2026-08-30 08:53:57
     959 | 2026-08-30 08:52:58
     368 | 2026-08-30 08:48:17
      19 | 2026-08-30 08:47:18
     670 | 2026-08-30 08:46:19
      79 | 2026-08-30 08:41:38
     730 | 2026-08-30 08:40:39
     381 | 2026-08-30 08:39:40
     790 | 2026-08-30 08:34:59
     441 | 2026-08-30 08:34:00
      92 | 2026-08-30 08:33:01
     501 | 2026-08-30 08:28:20
     152 | 2026-08-30 08:27:21
     803 | 2026-08-30 08:26:22
     212 | 2026-08-30 08:21:41
     863 | 2026-08-30 08:20:42
     514 | 2026-08-30 08:19:43
     923 | 2026-08-30 08:15:02
     574 | 2026-08-30 08:14:03
     225 | 2026-08-30 08:13:04
     634 | 2026-08-30 08:08:23
     285 | 2026-08-30 08:07:24
     936 | 2026-08-30 08:06:25
     587 | 2026-08-30 08:05:26
     345 | 2026-08-30 08:01:44
     996 | 2026-08-30 08:00:45
     647 | 2026-08-30 07:59:46
     298 | 2026-08-30 07:58:47
      56 | 2026-08-30 07:55:05
     707 | 2026-08-30 07:54:06
     358 | 2026-08-30 07:53:07
       9 | 2026-08-30 07:52:08
     767 | 2026-08-30 07:48:26
     418 | 2026-08-30 07:47:27
      69 | 2026-08-30 07:46:28
     720 | 2026-08-30 07:45:29
     478 | 2026-08-30 07:41:47
     129 | 2026-08-30 07:40:48
     780 | 2026-08-30 07:39:49
     431 | 2026-08-30 07:38:50
     189 | 2026-08-30 07:35:08
     840 | 2026-08-30 07:34:09
     491 | 2026-08-30 07:33:10
     142 | 2026-08-30 07:32:11
     900 | 2026-08-30 07:28:29
     551 | 2026-08-30 07:27:30
     202 | 2026-08-30 07:26:31
     853 | 2026-08-30 07:25:32
     611 | 2026-08-30 07:21:50
     262 | 2026-08-30 07:20:51
     913 | 2026-08-30 07:19:52
     564 | 2026-08-30 07:18:53
     973 | 2026-08-30 07:14:12
     624 | 2026-08-30 07:13:13
     275 | 2026-08-30 07:12:14
     684 | 2026-08-30 07:07:33
     335 | 2026-08-30 07:06:34
     986 | 2026-08-30 07:05:35
     395 | 2026-08-30 07:00:54
      46 | 2026-08-30 06:59:55
     697 | 2026-08-30 06:58:56
     106 | 2026-08-30 06:54:15
     757 | 2026-08-30 06:53:16
     408 | 2026-08-30 06:52:17
     817 | 2026-08-30 06:47:36
     468 | 2026-08-30 06:46:37
     119 | 2026-08-30 06:45:38
     528 | 2026-08-30 06:40:57
     179 | 2026-08-30 06:39:58
     830 | 2026-08-30 06:38:59
     239 | 2026-08-30 06:34:18
     890 | 2026-08-30 06:33:19
     541 | 2026-08-30 06:32:20
     950 | 2026-08-30 06:27:39
     601 | 2026-08-30 06:26:40
     252 | 2026-08-30 06:25:41
     661 | 2026-08-30 06:21:00
     312 | 2026-08-30 06:20:01
     963 | 2026-08-30 06:19:02
     372 | 2026-08-30 06:14:21
      23 | 2026-08-30 06:13:22
     674 | 2026-08-30 06:12:23
      83 | 2026-08-30 06:07:42
     734 | 2026-08-30 06:06:43
     385 | 2026-08-30 06:05:44
     794 | 2026-08-30 06:01:03
     445 | 2026-08-30 06:00:04
      96 | 2026-08-30 05:59:05
     505 | 2026-08-30 05:54:24
     156 | 2026-08-30 05:53:25
     807 | 2026-08-30 05:52:26
     216 | 2026-08-30 05:47:45
     867 | 2026-08-30 05:46:46
     518 | 2026-08-30 05:45:47
     927 | 2026-08-30 05:41:06
     578 | 2026-08-30 05:40:07
     229 | 2026-08-30 05:39:08
     638 | 2026-08-30 05:34:27
     289 | 2026-08-30 05:33:28
     940 | 2026-08-30 05:32:29
     349 | 2026-08-30 05:27:48
    1000 | 2026-08-30 05:26:49
     651 | 2026-08-30 05:25:50
      60 | 2026-08-30 05:21:09
     711 | 2026-08-30 05:20:10
     362 | 2026-08-30 05:19:11
     771 | 2026-08-30 05:14:30
     422 | 2026-08-30 05:13:31
      73 | 2026-08-30 05:12:32
     724 | 2026-08-30 05:11:33
     482 | 2026-08-30 05:07:51
     133 | 2026-08-30 05:06:52
     784 | 2026-08-30 05:05:53
     435 | 2026-08-30 05:04:54
     193 | 2026-08-30 05:01:12
     844 | 2026-08-30 05:00:13
     495 | 2026-08-30 04:59:14
     146 | 2026-08-30 04:58:15
     904 | 2026-08-30 04:54:33
     555 | 2026-08-30 04:53:34
     206 | 2026-08-30 04:52:35
     857 | 2026-08-30 04:51:36
     615 | 2026-08-30 04:47:54
     266 | 2026-08-30 04:46:55
     917 | 2026-08-30 04:45:56
     568 | 2026-08-30 04:44:57
     326 | 2026-08-30 04:41:15
     977 | 2026-08-30 04:40:16
     628 | 2026-08-30 04:39:17
     279 | 2026-08-30 04:38:18
      37 | 2026-08-30 04:34:36
     688 | 2026-08-30 04:33:37
     339 | 2026-08-30 04:32:38
     990 | 2026-08-30 04:31:39
     748 | 2026-08-30 04:27:57
     399 | 2026-08-30 04:26:58
      50 | 2026-08-30 04:25:59
     701 | 2026-08-30 04:25:00
     110 | 2026-08-30 04:20:19
     761 | 2026-08-30 04:19:20
     412 | 2026-08-30 04:18:21
     821 | 2026-08-30 04:13:40
     472 | 2026-08-30 04:12:41
     123 | 2026-08-30 04:11:42
     532 | 2026-08-30 04:07:01
     183 | 2026-08-30 04:06:02
     834 | 2026-08-30 04:05:03
     243 | 2026-08-30 04:00:22
     894 | 2026-08-30 03:59:23
     545 | 2026-08-30 03:58:24
     954 | 2026-08-30 03:53:43
     605 | 2026-08-30 03:52:44
     256 | 2026-08-30 03:51:45
     665 | 2026-08-30 03:47:04
     316 | 2026-08-30 03:46:05
     967 | 2026-08-30 03:45:06
     376 | 2026-08-30 03:40:25
      27 | 2026-08-30 03:39:26
     678 | 2026-08-30 03:38:27
      87 | 2026-08-30 03:33:46
     738 | 2026-08-30 03:32:47
     389 | 2026-08-30 03:31:48
     798 | 2026-08-30 03:27:07
     449 | 2026-08-30 03:26:08
     100 | 2026-08-30 03:25:09
     509 | 2026-08-30 03:20:28
     160 | 2026-08-30 03:19:29
     811 | 2026-08-30 03:18:30
     220 | 2026-08-30 03:13:49
     871 | 2026-08-30 03:12:50
     522 | 2026-08-30 03:11:51
     931 | 2026-08-30 03:07:10
     582 | 2026-08-30 03:06:11
     233 | 2026-08-30 03:05:12
     642 | 2026-08-30 03:00:31
     293 | 2026-08-30 02:59:32
     944 | 2026-08-30 02:58:33
     353 | 2026-08-30 02:53:52
       4 | 2026-08-30 02:52:53
     655 | 2026-08-30 02:51:54
      64 | 2026-08-30 02:47:13
     715 | 2026-08-30 02:46:14
     366 | 2026-08-30 02:45:15
     775 | 2026-08-30 02:40:34
     426 | 2026-08-30 02:39:35
      77 | 2026-08-30 02:38:36
     486 | 2026-08-30 02:33:55
     137 | 2026-08-30 02:32:56
     788 | 2026-08-30 02:31:57
     197 | 2026-08-30 02:27:16
     848 | 2026-08-30 02:26:17
     499 | 2026-08-30 02:25:18
     908 | 2026-08-30 02:20:37
     559 | 2026-08-30 02:19:38
     210 | 2026-08-30 02:18:39
     861 | 2026-08-30 02:17:40
     619 | 2026-08-30 02:13:58
     270 | 2026-08-30 02:12:59
     921 | 2026-08-30 02:12:00
     572 | 2026-08-30 02:11:01
     330 | 2026-08-30 02:07:19
     981 | 2026-08-30 02:06:20
     632 | 2026-08-30 02:05:21
     283 | 2026-08-30 02:04:22
      41 | 2026-08-30 02:00:40
     692 | 2026-08-30 01:59:41
     343 | 2026-08-30 01:58:42
     994 | 2026-08-30 01:57:43
     752 | 2026-08-30 01:54:01
     403 | 2026-08-30 01:53:02
      54 | 2026-08-30 01:52:03
     705 | 2026-08-30 01:51:04
     463 | 2026-08-30 01:47:22
     114 | 2026-08-30 01:46:23
     765 | 2026-08-30 01:45:24
     416 | 2026-08-30 01:44:25
     174 | 2026-08-30 01:40:43
     825 | 2026-08-30 01:39:44
     476 | 2026-08-30 01:38:45
     127 | 2026-08-30 01:37:46
     885 | 2026-08-30 01:34:04
     536 | 2026-08-30 01:33:05
     187 | 2026-08-30 01:32:06
     838 | 2026-08-30 01:31:07
     596 | 2026-08-30 01:27:25
     247 | 2026-08-30 01:26:26
     898 | 2026-08-30 01:25:27
     549 | 2026-08-30 01:24:28
     958 | 2026-08-30 01:19:47
     609 | 2026-08-30 01:18:48
     260 | 2026-08-30 01:17:49
     669 | 2026-08-30 01:13:08
     320 | 2026-08-30 01:12:09
     971 | 2026-08-30 01:11:10
     380 | 2026-08-30 01:06:29
      31 | 2026-08-30 01:05:30
     682 | 2026-08-30 01:04:31
      91 | 2026-08-30 00:59:50
     742 | 2026-08-30 00:58:51
     393 | 2026-08-30 00:57:52
     802 | 2026-08-30 00:53:11
     453 | 2026-08-30 00:52:12
     104 | 2026-08-30 00:51:13
     513 | 2026-08-30 00:46:32
     164 | 2026-08-30 00:45:33
     815 | 2026-08-30 00:44:34
     224 | 2026-08-30 00:39:53
     875 | 2026-08-30 00:38:54
     526 | 2026-08-30 00:37:55
     935 | 2026-08-30 00:33:14
     586 | 2026-08-30 00:32:15
     237 | 2026-08-30 00:31:16
     646 | 2026-08-30 00:26:35
     297 | 2026-08-30 00:25:36
     948 | 2026-08-30 00:24:37
     357 | 2026-08-30 00:19:56
       8 | 2026-08-30 00:18:57
     659 | 2026-08-30 00:17:58
      68 | 2026-08-30 00:13:17
     719 | 2026-08-30 00:12:18
     370 | 2026-08-30 00:11:19
     779 | 2026-08-30 00:06:38
     430 | 2026-08-30 00:05:39
      81 | 2026-08-30 00:04:40
     490 | 2026-08-29 23:59:59
     141 | 2026-08-29 23:59:00
     792 | 2026-08-29 23:58:01
     201 | 2026-08-29 23:53:20
     852 | 2026-08-29 23:52:21
     503 | 2026-08-29 23:51:22
     912 | 2026-08-29 23:46:41
     563 | 2026-08-29 23:45:42
     214 | 2026-08-29 23:44:43
     623 | 2026-08-29 23:40:02
     274 | 2026-08-29 23:39:03
     925 | 2026-08-29 23:38:04
     334 | 2026-08-29 23:33:23
     985 | 2026-08-29 23:32:24
     636 | 2026-08-29 23:31:25
      45 | 2026-08-29 23:26:44
     696 | 2026-08-29 23:25:45
     347 | 2026-08-29 23:24:46
     998 | 2026-08-29 23:23:47
     756 | 2026-08-29 23:20:05
     407 | 2026-08-29 23:19:06
      58 | 2026-08-29 23:18:07
     709 | 2026-08-29 23:17:08
     467 | 2026-08-29 23:13:26
     118 | 2026-08-29 23:12:27
     769 | 2026-08-29 23:11:28
     420 | 2026-08-29 23:10:29
     178 | 2026-08-29 23:06:47
     829 | 2026-08-29 23:05:48
     480 | 2026-08-29 23:04:49
     131 | 2026-08-29 23:03:50
     889 | 2026-08-29 23:00:08
     540 | 2026-08-29 22:59:09
     191 | 2026-08-29 22:58:10
     842 | 2026-08-29 22:57:11
     600 | 2026-08-29 22:53:29
     251 | 2026-08-29 22:52:30
     902 | 2026-08-29 22:51:31
     553 | 2026-08-29 22:50:32
     311 | 2026-08-29 22:46:50
     962 | 2026-08-29 22:45:51
     613 | 2026-08-29 22:44:52
     264 | 2026-08-29 22:43:53
      22 | 2026-08-29 22:40:11
     673 | 2026-08-29 22:39:12
     324 | 2026-08-29 22:38:13
     975 | 2026-08-29 22:37:14
     733 | 2026-08-29 22:33:32
     384 | 2026-08-29 22:32:33
      35 | 2026-08-29 22:31:34
     686 | 2026-08-29 22:30:35
      95 | 2026-08-29 22:25:54
     746 | 2026-08-29 22:24:55
     397 | 2026-08-29 22:23:56
     806 | 2026-08-29 22:19:15
     457 | 2026-08-29 22:18:16
     108 | 2026-08-29 22:17:17
     517 | 2026-08-29 22:12:36
     168 | 2026-08-29 22:11:37
     819 | 2026-08-29 22:10:38
     228 | 2026-08-29 22:05:57
     879 | 2026-08-29 22:04:58
     530 | 2026-08-29 22:03:59
     939 | 2026-08-29 21:59:18
     590 | 2026-08-29 21:58:19
     241 | 2026-08-29 21:57:20
     650 | 2026-08-29 21:52:39
     301 | 2026-08-29 21:51:40
     952 | 2026-08-29 21:50:41
     361 | 2026-08-29 21:46:00
      12 | 2026-08-29 21:45:01
     663 | 2026-08-29 21:44:02
      72 | 2026-08-29 21:39:21
     723 | 2026-08-29 21:38:22
     374 | 2026-08-29 21:37:23
     783 | 2026-08-29 21:32:42
     434 | 2026-08-29 21:31:43
      85 | 2026-08-29 21:30:44
     494 | 2026-08-29 21:26:03
     145 | 2026-08-29 21:25:04
     796 | 2026-08-29 21:24:05
     205 | 2026-08-29 21:19:24
     856 | 2026-08-29 21:18:25
     507 | 2026-08-29 21:17:26
     916 | 2026-08-29 21:12:45
     567 | 2026-08-29 21:11:46
     218 | 2026-08-29 21:10:47
     627 | 2026-08-29 21:06:06
     278 | 2026-08-29 21:05:07
     929 | 2026-08-29 21:04:08
     338 | 2026-08-29 20:59:27
     989 | 2026-08-29 20:58:28
     640 | 2026-08-29 20:57:29
      49 | 2026-08-29 20:52:48
     700 | 2026-08-29 20:51:49
     351 | 2026-08-29 20:50:50
     760 | 2026-08-29 20:46:09
     411 | 2026-08-29 20:45:10
      62 | 2026-08-29 20:44:11
     471 | 2026-08-29 20:39:30
     122 | 2026-08-29 20:38:31
     773 | 2026-08-29 20:37:32
     182 | 2026-08-29 20:32:51
     833 | 2026-08-29 20:31:52
     484 | 2026-08-29 20:30:53
     135 | 2026-08-29 20:29:54
     893 | 2026-08-29 20:26:12
     544 | 2026-08-29 20:25:13
     195 | 2026-08-29 20:24:14
     846 | 2026-08-29 20:23:15
     604 | 2026-08-29 20:19:33
     255 | 2026-08-29 20:18:34
     906 | 2026-08-29 20:17:35
     557 | 2026-08-29 20:16:36
     315 | 2026-08-29 20:12:54
     966 | 2026-08-29 20:11:55
     617 | 2026-08-29 20:10:56
     268 | 2026-08-29 20:09:57
      26 | 2026-08-29 20:06:15
     677 | 2026-08-29 20:05:16
     328 | 2026-08-29 20:04:17
     979 | 2026-08-29 20:03:18
     737 | 2026-08-29 19:59:36
     388 | 2026-08-29 19:58:37
      39 | 2026-08-29 19:57:38
     690 | 2026-08-29 19:56:39
     448 | 2026-08-29 19:52:57
      99 | 2026-08-29 19:51:58
     750 | 2026-08-29 19:50:59
     401 | 2026-08-29 19:50:00
     159 | 2026-08-29 19:46:18
     810 | 2026-08-29 19:45:19
     461 | 2026-08-29 19:44:20
     112 | 2026-08-29 19:43:21
     870 | 2026-08-29 19:39:39
     521 | 2026-08-29 19:38:40
     172 | 2026-08-29 19:37:41
     823 | 2026-08-29 19:36:42
     232 | 2026-08-29 19:32:01
     883 | 2026-08-29 19:31:02
     534 | 2026-08-29 19:30:03
     943 | 2026-08-29 19:25:22
     594 | 2026-08-29 19:24:23
     245 | 2026-08-29 19:23:24
     654 | 2026-08-29 19:18:43
     305 | 2026-08-29 19:17:44
     956 | 2026-08-29 19:16:45
     365 | 2026-08-29 19:12:04
      16 | 2026-08-29 19:11:05
     667 | 2026-08-29 19:10:06
      76 | 2026-08-29 19:05:25
     727 | 2026-08-29 19:04:26
     378 | 2026-08-29 19:03:27
     787 | 2026-08-29 18:58:46
     438 | 2026-08-29 18:57:47
      89 | 2026-08-29 18:56:48
     498 | 2026-08-29 18:52:07
     149 | 2026-08-29 18:51:08
     800 | 2026-08-29 18:50:09
     209 | 2026-08-29 18:45:28
     860 | 2026-08-29 18:44:29
     511 | 2026-08-29 18:43:30
     920 | 2026-08-29 18:38:49
     571 | 2026-08-29 18:37:50
     222 | 2026-08-29 18:36:51
     631 | 2026-08-29 18:32:10
     282 | 2026-08-29 18:31:11
     933 | 2026-08-29 18:30:12
     342 | 2026-08-29 18:25:31
     993 | 2026-08-29 18:24:32
     644 | 2026-08-29 18:23:33
      53 | 2026-08-29 18:18:52
     704 | 2026-08-29 18:17:53
     355 | 2026-08-29 18:16:54
     764 | 2026-08-29 18:12:13
     415 | 2026-08-29 18:11:14
      66 | 2026-08-29 18:10:15
     475 | 2026-08-29 18:05:34
     126 | 2026-08-29 18:04:35
     777 | 2026-08-29 18:03:36
     186 | 2026-08-29 17:58:55
     837 | 2026-08-29 17:57:56
     488 | 2026-08-29 17:56:57
     897 | 2026-08-29 17:52:16
     548 | 2026-08-29 17:51:17
     199 | 2026-08-29 17:50:18
     608 | 2026-08-29 17:45:37
     259 | 2026-08-29 17:44:38
     910 | 2026-08-29 17:43:39
     319 | 2026-08-29 17:38:58
     970 | 2026-08-29 17:37:59
     621 | 2026-08-29 17:37:00
      30 | 2026-08-29 17:32:19
     681 | 2026-08-29 17:31:20
     332 | 2026-08-29 17:30:21
     983 | 2026-08-29 17:29:22
     741 | 2026-08-29 17:25:40
     392 | 2026-08-29 17:24:41
      43 | 2026-08-29 17:23:42
     694 | 2026-08-29 17:22:43
     452 | 2026-08-29 17:19:01
     103 | 2026-08-29 17:18:02
     754 | 2026-08-29 17:17:03
     405 | 2026-08-29 17:16:04
     163 | 2026-08-29 17:12:22
     814 | 2026-08-29 17:11:23
     465 | 2026-08-29 17:10:24
     116 | 2026-08-29 17:09:25
     874 | 2026-08-29 17:05:43
     525 | 2026-08-29 17:04:44
     176 | 2026-08-29 17:03:45
     827 | 2026-08-29 17:02:46
     585 | 2026-08-29 16:59:04
     236 | 2026-08-29 16:58:05
     887 | 2026-08-29 16:57:06
     538 | 2026-08-29 16:56:07
     296 | 2026-08-29 16:52:25
     947 | 2026-08-29 16:51:26
     598 | 2026-08-29 16:50:27
     249 | 2026-08-29 16:49:28
       7 | 2026-08-29 16:45:46
     658 | 2026-08-29 16:44:47
     309 | 2026-08-29 16:43:48
     960 | 2026-08-29 16:42:49
     369 | 2026-08-29 16:38:08
      20 | 2026-08-29 16:37:09
     671 | 2026-08-29 16:36:10
      80 | 2026-08-29 16:31:29
     731 | 2026-08-29 16:30:30
     382 | 2026-08-29 16:29:31
     791 | 2026-08-29 16:24:50
     442 | 2026-08-29 16:23:51
      93 | 2026-08-29 16:22:52
     502 | 2026-08-29 16:18:11
     153 | 2026-08-29 16:17:12
     804 | 2026-08-29 16:16:13
     213 | 2026-08-29 16:11:32
     864 | 2026-08-29 16:10:33
     515 | 2026-08-29 16:09:34
     924 | 2026-08-29 16:04:53
     575 | 2026-08-29 16:03:54
     226 | 2026-08-29 16:02:55
     635 | 2026-08-29 15:58:14
     286 | 2026-08-29 15:57:15
     937 | 2026-08-29 15:56:16
     346 | 2026-08-29 15:51:35
     997 | 2026-08-29 15:50:36
     648 | 2026-08-29 15:49:37
      57 | 2026-08-29 15:44:56
     708 | 2026-08-29 15:43:57
     359 | 2026-08-29 15:42:58
     768 | 2026-08-29 15:38:17
     419 | 2026-08-29 15:37:18
      70 | 2026-08-29 15:36:19
     479 | 2026-08-29 15:31:38
     130 | 2026-08-29 15:30:39
     781 | 2026-08-29 15:29:40
     190 | 2026-08-29 15:24:59
     841 | 2026-08-29 15:24:00
     492 | 2026-08-29 15:23:01
     901 | 2026-08-29 15:18:20
     552 | 2026-08-29 15:17:21
     203 | 2026-08-29 15:16:22
     612 | 2026-08-29 15:11:41
     263 | 2026-08-29 15:10:42
     914 | 2026-08-29 15:09:43
     323 | 2026-08-29 15:05:02
     974 | 2026-08-29 15:04:03
     625 | 2026-08-29 15:03:04
      34 | 2026-08-29 14:58:23
     685 | 2026-08-29 14:57:24
     336 | 2026-08-29 14:56:25
     745 | 2026-08-29 14:51:44
     396 | 2026-08-29 14:50:45
      47 | 2026-08-29 14:49:46
     456 | 2026-08-29 14:45:05
     107 | 2026-08-29 14:44:06
     758 | 2026-08-29 14:43:07
     167 | 2026-08-29 14:38:26
     818 | 2026-08-29 14:37:27
     469 | 2026-08-29 14:36:28
     120 | 2026-08-29 14:35:29
     878 | 2026-08-29 14:31:47
     529 | 2026-08-29 14:30:48
     180 | 2026-08-29 14:29:49
     831 | 2026-08-29 14:28:50
     589 | 2026-08-29 14:25:08
     240 | 2026-08-29 14:24:09
     891 | 2026-08-29 14:23:10
     542 | 2026-08-29 14:22:11
     300 | 2026-08-29 14:18:29
     951 | 2026-08-29 14:17:30
     602 | 2026-08-29 14:16:31
     253 | 2026-08-29 14:15:32
      11 | 2026-08-29 14:11:50
     662 | 2026-08-29 14:10:51
     313 | 2026-08-29 14:09:52
     964 | 2026-08-29 14:08:53
     722 | 2026-08-29 14:05:11
     373 | 2026-08-29 14:04:12
      24 | 2026-08-29 14:03:13
     675 | 2026-08-29 14:02:14
     433 | 2026-08-29 13:58:32
      84 | 2026-08-29 13:57:33
     735 | 2026-08-29 13:56:34
     386 | 2026-08-29 13:55:35
     144 | 2026-08-29 13:51:53
     795 | 2026-08-29 13:50:54
     446 | 2026-08-29 13:49:55
      97 | 2026-08-29 13:48:56
     506 | 2026-08-29 13:44:15
     157 | 2026-08-29 13:43:16
     808 | 2026-08-29 13:42:17
     217 | 2026-08-29 13:37:36
     868 | 2026-08-29 13:36:37
     519 | 2026-08-29 13:35:38
     928 | 2026-08-29 13:30:57
     579 | 2026-08-29 13:29:58
     230 | 2026-08-29 13:28:59
     639 | 2026-08-29 13:24:18
     290 | 2026-08-29 13:23:19
     941 | 2026-08-29 13:22:20
     350 | 2026-08-29 13:17:39
       1 | 2026-08-29 13:16:40
     652 | 2026-08-29 13:15:41
      61 | 2026-08-29 13:11:00
     712 | 2026-08-29 13:10:01
     363 | 2026-08-29 13:09:02
     772 | 2026-08-29 13:04:21
     423 | 2026-08-29 13:03:22
      74 | 2026-08-29 13:02:23
     483 | 2026-08-29 12:57:42
     134 | 2026-08-29 12:56:43
     785 | 2026-08-29 12:55:44
     194 | 2026-08-29 12:51:03
     845 | 2026-08-29 12:50:04
     496 | 2026-08-29 12:49:05
     905 | 2026-08-29 12:44:24
     556 | 2026-08-29 12:43:25
     207 | 2026-08-29 12:42:26
     616 | 2026-08-29 12:37:45
     267 | 2026-08-29 12:36:46
     918 | 2026-08-29 12:35:47
     327 | 2026-08-29 12:31:06
     978 | 2026-08-29 12:30:07
     629 | 2026-08-29 12:29:08
      38 | 2026-08-29 12:24:27
     689 | 2026-08-29 12:23:28
     340 | 2026-08-29 12:22:29
     749 | 2026-08-29 12:17:48
     400 | 2026-08-29 12:16:49
      51 | 2026-08-29 12:15:50
     460 | 2026-08-29 12:11:09
     111 | 2026-08-29 12:10:10
     762 | 2026-08-29 12:09:11
     171 | 2026-08-29 12:04:30
     822 | 2026-08-29 12:03:31
     473 | 2026-08-29 12:02:32
     882 | 2026-08-29 11:57:51
     533 | 2026-08-29 11:56:52
     184 | 2026-08-29 11:55:53
     593 | 2026-08-29 11:51:12
     244 | 2026-08-29 11:50:13
     895 | 2026-08-29 11:49:14
     304 | 2026-08-29 11:44:33
     955 | 2026-08-29 11:43:34
     606 | 2026-08-29 11:42:35
     257 | 2026-08-29 11:41:36
      15 | 2026-08-29 11:37:54
     666 | 2026-08-29 11:36:55
     317 | 2026-08-29 11:35:56
     968 | 2026-08-29 11:34:57
     726 | 2026-08-29 11:31:15
     377 | 2026-08-29 11:30:16
      28 | 2026-08-29 11:29:17
     679 | 2026-08-29 11:28:18
     437 | 2026-08-29 11:24:36
      88 | 2026-08-29 11:23:37
     739 | 2026-08-29 11:22:38
     390 | 2026-08-29 11:21:39
     148 | 2026-08-29 11:17:57
     799 | 2026-08-29 11:16:58
     450 | 2026-08-29 11:15:59
     101 | 2026-08-29 11:15:00
     859 | 2026-08-29 11:11:18
     510 | 2026-08-29 11:10:19
     161 | 2026-08-29 11:09:20
     812 | 2026-08-29 11:08:21
     570 | 2026-08-29 11:04:39
     221 | 2026-08-29 11:03:40
     872 | 2026-08-29 11:02:41
     523 | 2026-08-29 11:01:42
     281 | 2026-08-29 10:58:00
     932 | 2026-08-29 10:57:01
     583 | 2026-08-29 10:56:02
     234 | 2026-08-29 10:55:03
     643 | 2026-08-29 10:50:22
     294 | 2026-08-29 10:49:23
     945 | 2026-08-29 10:48:24
     354 | 2026-08-29 10:43:43
       5 | 2026-08-29 10:42:44
     656 | 2026-08-29 10:41:45
      65 | 2026-08-29 10:37:04
     716 | 2026-08-29 10:36:05
     367 | 2026-08-29 10:35:06
     776 | 2026-08-29 10:30:25
     427 | 2026-08-29 10:29:26
      78 | 2026-08-29 10:28:27
     487 | 2026-08-29 10:23:46
     138 | 2026-08-29 10:22:47
     789 | 2026-08-29 10:21:48
     198 | 2026-08-29 10:17:07
     849 | 2026-08-29 10:16:08
     500 | 2026-08-29 10:15:09
     909 | 2026-08-29 10:10:28
     560 | 2026-08-29 10:09:29
     211 | 2026-08-29 10:08:30
     620 | 2026-08-29 10:03:49
     271 | 2026-08-29 10:02:50
     922 | 2026-08-29 10:01:51
     331 | 2026-08-29 09:57:10
     982 | 2026-08-29 09:56:11
     633 | 2026-08-29 09:55:12
      42 | 2026-08-29 09:50:31
     693 | 2026-08-29 09:49:32
     344 | 2026-08-29 09:48:33
     753 | 2026-08-29 09:43:52
     404 | 2026-08-29 09:42:53
      55 | 2026-08-29 09:41:54
     464 | 2026-08-29 09:37:13
     115 | 2026-08-29 09:36:14
     766 | 2026-08-29 09:35:15
     175 | 2026-08-29 09:30:34
     826 | 2026-08-29 09:29:35
     477 | 2026-08-29 09:28:36
     886 | 2026-08-29 09:23:55
     537 | 2026-08-29 09:22:56
     188 | 2026-08-29 09:21:57
     597 | 2026-08-29 09:17:16
     248 | 2026-08-29 09:16:17
     899 | 2026-08-29 09:15:18
     308 | 2026-08-29 09:10:37
     959 | 2026-08-29 09:09:38
     610 | 2026-08-29 09:08:39
      19 | 2026-08-29 09:03:58
     670 | 2026-08-29 09:02:59
     321 | 2026-08-29 09:02:00
     730 | 2026-08-29 08:57:19
     381 | 2026-08-29 08:56:20
      32 | 2026-08-29 08:55:21
     441 | 2026-08-29 08:50:40
      92 | 2026-08-29 08:49:41
     743 | 2026-08-29 08:48:42
     394 | 2026-08-29 08:47:43
     152 | 2026-08-29 08:44:01
     803 | 2026-08-29 08:43:02
     454 | 2026-08-29 08:42:03
     105 | 2026-08-29 08:41:04
     863 | 2026-08-29 08:37:22
     514 | 2026-08-29 08:36:23
     165 | 2026-08-29 08:35:24
     816 | 2026-08-29 08:34:25
     574 | 2026-08-29 08:30:43
     225 | 2026-08-29 08:29:44
     876 | 2026-08-29 08:28:45
     527 | 2026-08-29 08:27:46
     285 | 2026-08-29 08:24:04
     936 | 2026-08-29 08:23:05
     587 | 2026-08-29 08:22:06
     238 | 2026-08-29 08:21:07
     996 | 2026-08-29 08:17:25
     647 | 2026-08-29 08:16:26
     298 | 2026-08-29 08:15:27
     949 | 2026-08-29 08:14:28
     707 | 2026-08-29 08:10:46
     358 | 2026-08-29 08:09:47
       9 | 2026-08-29 08:08:48
     660 | 2026-08-29 08:07:49
     418 | 2026-08-29 08:04:07
      69 | 2026-08-29 08:03:08
     720 | 2026-08-29 08:02:09
     371 | 2026-08-29 08:01:10
     780 | 2026-08-29 07:56:29
     431 | 2026-08-29 07:55:30
      82 | 2026-08-29 07:54:31
     491 | 2026-08-29 07:49:50
     142 | 2026-08-29 07:48:51
     793 | 2026-08-29 07:47:52
     202 | 2026-08-29 07:43:11
     853 | 2026-08-29 07:42:12
     504 | 2026-08-29 07:41:13
     913 | 2026-08-29 07:36:32
     564 | 2026-08-29 07:35:33
     215 | 2026-08-29 07:34:34
     624 | 2026-08-29 07:29:53
     275 | 2026-08-29 07:28:54
     926 | 2026-08-29 07:27:55
     335 | 2026-08-29 07:23:14
     986 | 2026-08-29 07:22:15
     637 | 2026-08-29 07:21:16
      46 | 2026-08-29 07:16:35
     697 | 2026-08-29 07:15:36
     348 | 2026-08-29 07:14:37
     757 | 2026-08-29 07:09:56
     408 | 2026-08-29 07:08:57
      59 | 2026-08-29 07:07:58
     468 | 2026-08-29 07:03:17
     119 | 2026-08-29 07:02:18
     770 | 2026-08-29 07:01:19
     179 | 2026-08-29 06:56:38
     830 | 2026-08-29 06:55:39
     481 | 2026-08-29 06:54:40
     890 | 2026-08-29 06:49:59
     541 | 2026-08-29 06:49:00
     192 | 2026-08-29 06:48:01
     601 | 2026-08-29 06:43:20
     252 | 2026-08-29 06:42:21
     903 | 2026-08-29 06:41:22
     312 | 2026-08-29 06:36:41
     963 | 2026-08-29 06:35:42
     614 | 2026-08-29 06:34:43
      23 | 2026-08-29 06:30:02
     674 | 2026-08-29 06:29:03
     325 | 2026-08-29 06:28:04
     734 | 2026-08-29 06:23:23
     385 | 2026-08-29 06:22:24
      36 | 2026-08-29 06:21:25
     445 | 2026-08-29 06:16:44
      96 | 2026-08-29 06:15:45
     747 | 2026-08-29 06:14:46
     156 | 2026-08-29 06:10:05
     807 | 2026-08-29 06:09:06
     458 | 2026-08-29 06:08:07
     867 | 2026-08-29 06:03:26
     518 | 2026-08-29 06:02:27
     169 | 2026-08-29 06:01:28
     578 | 2026-08-29 05:56:47
     229 | 2026-08-29 05:55:48
     880 | 2026-08-29 05:54:49
     531 | 2026-08-29 05:53:50
     289 | 2026-08-29 05:50:08
     940 | 2026-08-29 05:49:09
     591 | 2026-08-29 05:48:10
     242 | 2026-08-29 05:47:11
    1000 | 2026-08-29 05:43:29
     651 | 2026-08-29 05:42:30
     302 | 2026-08-29 05:41:31
     953 | 2026-08-29 05:40:32
     711 | 2026-08-29 05:36:50
     362 | 2026-08-29 05:35:51
      13 | 2026-08-29 05:34:52
     664 | 2026-08-29 05:33:53
     422 | 2026-08-29 05:30:11
      73 | 2026-08-29 05:29:12
     724 | 2026-08-29 05:28:13
     375 | 2026-08-29 05:27:14
     133 | 2026-08-29 05:23:32
     784 | 2026-08-29 05:22:33
     435 | 2026-08-29 05:21:34
      86 | 2026-08-29 05:20:35
     844 | 2026-08-29 05:16:53
     495 | 2026-08-29 05:15:54
     146 | 2026-08-29 05:14:55
     797 | 2026-08-29 05:13:56
     555 | 2026-08-29 05:10:14
     206 | 2026-08-29 05:09:15
     857 | 2026-08-29 05:08:16
     508 | 2026-08-29 05:07:17
     917 | 2026-08-29 05:02:36
     568 | 2026-08-29 05:01:37
     219 | 2026-08-29 05:00:38
     628 | 2026-08-29 04:55:57
     279 | 2026-08-29 04:54:58
     930 | 2026-08-29 04:53:59
     339 | 2026-08-29 04:49:18
     990 | 2026-08-29 04:48:19
     641 | 2026-08-29 04:47:20
      50 | 2026-08-29 04:42:39
     701 | 2026-08-29 04:41:40
     352 | 2026-08-29 04:40:41
     761 | 2026-08-29 04:36:00
     412 | 2026-08-29 04:35:01
      63 | 2026-08-29 04:34:02
     472 | 2026-08-29 04:29:21
     123 | 2026-08-29 04:28:22
     774 | 2026-08-29 04:27:23
     183 | 2026-08-29 04:22:42
     834 | 2026-08-29 04:21:43
     485 | 2026-08-29 04:20:44
     894 | 2026-08-29 04:16:03
     545 | 2026-08-29 04:15:04
     196 | 2026-08-29 04:14:05
     605 | 2026-08-29 04:09:24
     256 | 2026-08-29 04:08:25
     907 | 2026-08-29 04:07:26
     316 | 2026-08-29 04:02:45
     967 | 2026-08-29 04:01:46
     618 | 2026-08-29 04:00:47
      27 | 2026-08-29 03:56:06
     678 | 2026-08-29 03:55:07
     329 | 2026-08-29 03:54:08
     738 | 2026-08-29 03:49:27
     389 | 2026-08-29 03:48:28
      40 | 2026-08-29 03:47:29
     449 | 2026-08-29 03:42:48
     100 | 2026-08-29 03:41:49
     751 | 2026-08-29 03:40:50
     160 | 2026-08-29 03:36:09
     811 | 2026-08-29 03:35:10
     462 | 2026-08-29 03:34:11
     871 | 2026-08-29 03:29:30
     522 | 2026-08-29 03:28:31
     173 | 2026-08-29 03:27:32
     582 | 2026-08-29 03:22:51
     233 | 2026-08-29 03:21:52
     884 | 2026-08-29 03:20:53
     293 | 2026-08-29 03:16:12
     944 | 2026-08-29 03:15:13
     595 | 2026-08-29 03:14:14
       4 | 2026-08-29 03:09:33
     655 | 2026-08-29 03:08:34
     306 | 2026-08-29 03:07:35
     715 | 2026-08-29 03:02:54
     366 | 2026-08-29 03:01:55
      17 | 2026-08-29 03:00:56
     668 | 2026-08-29 02:59:57
     426 | 2026-08-29 02:56:15
      77 | 2026-08-29 02:55:16
     728 | 2026-08-29 02:54:17
     379 | 2026-08-29 02:53:18
     137 | 2026-08-29 02:49:36
     788 | 2026-08-29 02:48:37
     439 | 2026-08-29 02:47:38
      90 | 2026-08-29 02:46:39
     848 | 2026-08-29 02:42:57
     499 | 2026-08-29 02:41:58
     150 | 2026-08-29 02:40:59
     801 | 2026-08-29 02:40:00
     559 | 2026-08-29 02:36:18
     210 | 2026-08-29 02:35:19
     861 | 2026-08-29 02:34:20
     512 | 2026-08-29 02:33:21
     270 | 2026-08-29 02:29:39
     921 | 2026-08-29 02:28:40
     572 | 2026-08-29 02:27:41
     223 | 2026-08-29 02:26:42
     981 | 2026-08-29 02:23:00
     632 | 2026-08-29 02:22:01
     283 | 2026-08-29 02:21:02
     934 | 2026-08-29 02:20:03
     692 | 2026-08-29 02:16:21
     343 | 2026-08-29 02:15:22
     994 | 2026-08-29 02:14:23
     645 | 2026-08-29 02:13:24
      54 | 2026-08-29 02:08:43
     705 | 2026-08-29 02:07:44
     356 | 2026-08-29 02:06:45
     765 | 2026-08-29 02:02:04
     416 | 2026-08-29 02:01:05
      67 | 2026-08-29 02:00:06
     476 | 2026-08-29 01:55:25
     127 | 2026-08-29 01:54:26
     778 | 2026-08-29 01:53:27
     187 | 2026-08-29 01:48:46
     838 | 2026-08-29 01:47:47
     489 | 2026-08-29 01:46:48
     898 | 2026-08-29 01:42:07
     549 | 2026-08-29 01:41:08
     200 | 2026-08-29 01:40:09
     609 | 2026-08-29 01:35:28
     260 | 2026-08-29 01:34:29
     911 | 2026-08-29 01:33:30
     320 | 2026-08-29 01:28:49
     971 | 2026-08-29 01:27:50
     622 | 2026-08-29 01:26:51
      31 | 2026-08-29 01:22:10
     682 | 2026-08-29 01:21:11
     333 | 2026-08-29 01:20:12
     742 | 2026-08-29 01:15:31
     393 | 2026-08-29 01:14:32
      44 | 2026-08-29 01:13:33
     453 | 2026-08-29 01:08:52
     104 | 2026-08-29 01:07:53
     755 | 2026-08-29 01:06:54
     164 | 2026-08-29 01:02:13
     815 | 2026-08-29 01:01:14
     466 | 2026-08-29 01:00:15
     875 | 2026-08-29 00:55:34
     526 | 2026-08-29 00:54:35
     177 | 2026-08-29 00:53:36
     586 | 2026-08-29 00:48:55
     237 | 2026-08-29 00:47:56
     888 | 2026-08-29 00:46:57
     297 | 2026-08-29 00:42:16
     948 | 2026-08-29 00:41:17
     599 | 2026-08-29 00:40:18
       8 | 2026-08-29 00:35:37
     659 | 2026-08-29 00:34:38
     310 | 2026-08-29 00:33:39
     719 | 2026-08-29 00:28:58
     370 | 2026-08-29 00:27:59
      21 | 2026-08-29 00:27:00
     430 | 2026-08-29 00:22:19
      81 | 2026-08-29 00:21:20
     732 | 2026-08-29 00:20:21
     141 | 2026-08-29 00:15:40
     792 | 2026-08-29 00:14:41
     443 | 2026-08-29 00:13:42
     852 | 2026-08-29 00:09:01
     503 | 2026-08-29 00:08:02
     154 | 2026-08-29 00:07:03
     805 | 2026-08-29 00:06:04
     563 | 2026-08-29 00:02:22
     214 | 2026-08-29 00:01:23
     865 | 2026-08-29 00:00:24
     516 | 2026-08-28 23:59:25
     274 | 2026-08-28 23:55:43
     925 | 2026-08-28 23:54:44
     576 | 2026-08-28 23:53:45
     227 | 2026-08-28 23:52:46
     985 | 2026-08-28 23:49:04
     636 | 2026-08-28 23:48:05
     287 | 2026-08-28 23:47:06
     938 | 2026-08-28 23:46:07
     696 | 2026-08-28 23:42:25
     347 | 2026-08-28 23:41:26
     998 | 2026-08-28 23:40:27
     649 | 2026-08-28 23:39:28
     407 | 2026-08-28 23:35:46
      58 | 2026-08-28 23:34:47
     709 | 2026-08-28 23:33:48
     360 | 2026-08-28 23:32:49
     118 | 2026-08-28 23:29:07
     769 | 2026-08-28 23:28:08
     420 | 2026-08-28 23:27:09
      71 | 2026-08-28 23:26:10
     829 | 2026-08-28 23:22:28
     480 | 2026-08-28 23:21:29
     131 | 2026-08-28 23:20:30
     782 | 2026-08-28 23:19:31
     191 | 2026-08-28 23:14:50
     842 | 2026-08-28 23:13:51
     493 | 2026-08-28 23:12:52
     902 | 2026-08-28 23:08:11
     553 | 2026-08-28 23:07:12
     204 | 2026-08-28 23:06:13
     613 | 2026-08-28 23:01:32
     264 | 2026-08-28 23:00:33
     915 | 2026-08-28 22:59:34
     324 | 2026-08-28 22:54:53
     975 | 2026-08-28 22:53:54
     626 | 2026-08-28 22:52:55
      35 | 2026-08-28 22:48:14
     686 | 2026-08-28 22:47:15
     337 | 2026-08-28 22:46:16
     746 | 2026-08-28 22:41:35
     397 | 2026-08-28 22:40:36
      48 | 2026-08-28 22:39:37
     457 | 2026-08-28 22:34:56
     108 | 2026-08-28 22:33:57
     759 | 2026-08-28 22:32:58
     168 | 2026-08-28 22:28:17
     819 | 2026-08-28 22:27:18
     470 | 2026-08-28 22:26:19
     879 | 2026-08-28 22:21:38
     530 | 2026-08-28 22:20:39
     181 | 2026-08-28 22:19:40
     590 | 2026-08-28 22:14:59
     241 | 2026-08-28 22:14:00
     892 | 2026-08-28 22:13:01
     301 | 2026-08-28 22:08:20
     952 | 2026-08-28 22:07:21
     603 | 2026-08-28 22:06:22
      12 | 2026-08-28 22:01:41
     663 | 2026-08-28 22:00:42
     314 | 2026-08-28 21:59:43
     723 | 2026-08-28 21:55:02
     374 | 2026-08-28 21:54:03
      25 | 2026-08-28 21:53:04
     434 | 2026-08-28 21:48:23
      85 | 2026-08-28 21:47:24
     736 | 2026-08-28 21:46:25
     145 | 2026-08-28 21:41:44
     796 | 2026-08-28 21:40:45
     447 | 2026-08-28 21:39:46
     856 | 2026-08-28 21:35:05
     507 | 2026-08-28 21:34:06
     158 | 2026-08-28 21:33:07
     567 | 2026-08-28 21:28:26
     218 | 2026-08-28 21:27:27
     869 | 2026-08-28 21:26:28
     278 | 2026-08-28 21:21:47
     929 | 2026-08-28 21:20:48
     580 | 2026-08-28 21:19:49
     989 | 2026-08-28 21:15:08
     640 | 2026-08-28 21:14:09
     291 | 2026-08-28 21:13:10
     942 | 2026-08-28 21:12:11
     700 | 2026-08-28 21:08:29
     351 | 2026-08-28 21:07:30
       2 | 2026-08-28 21:06:31
     653 | 2026-08-28 21:05:32
     411 | 2026-08-28 21:01:50
      62 | 2026-08-28 21:00:51
     713 | 2026-08-28 20:59:52
     364 | 2026-08-28 20:58:53
     122 | 2026-08-28 20:55:11
     773 | 2026-08-28 20:54:12
     424 | 2026-08-28 20:53:13
      75 | 2026-08-28 20:52:14
     833 | 2026-08-28 20:48:32
     484 | 2026-08-28 20:47:33
     135 | 2026-08-28 20:46:34
     786 | 2026-08-28 20:45:35
     544 | 2026-08-28 20:41:53
     195 | 2026-08-28 20:40:54
     846 | 2026-08-28 20:39:55
     497 | 2026-08-28 20:38:56
     255 | 2026-08-28 20:35:14
     906 | 2026-08-28 20:34:15
     557 | 2026-08-28 20:33:16
     208 | 2026-08-28 20:32:17
     966 | 2026-08-28 20:28:35
     617 | 2026-08-28 20:27:36
     268 | 2026-08-28 20:26:37
     919 | 2026-08-28 20:25:38
     677 | 2026-08-28 20:21:56
     328 | 2026-08-28 20:20:57
     979 | 2026-08-28 20:19:58
     630 | 2026-08-28 20:18:59
      39 | 2026-08-28 20:14:18
     690 | 2026-08-28 20:13:19
     341 | 2026-08-28 20:12:20
     750 | 2026-08-28 20:07:39
     401 | 2026-08-28 20:06:40
      52 | 2026-08-28 20:05:41
     461 | 2026-08-28 20:01:00
     112 | 2026-08-28 20:00:01
     763 | 2026-08-28 19:59:02
     172 | 2026-08-28 19:54:21
     823 | 2026-08-28 19:53:22
     474 | 2026-08-28 19:52:23
     883 | 2026-08-28 19:47:42
     534 | 2026-08-28 19:46:43
     185 | 2026-08-28 19:45:44
     594 | 2026-08-28 19:41:03
     245 | 2026-08-28 19:40:04
     896 | 2026-08-28 19:39:05
     305 | 2026-08-28 19:34:24
     956 | 2026-08-28 19:33:25
     607 | 2026-08-28 19:32:26
      16 | 2026-08-28 19:27:45
     667 | 2026-08-28 19:26:46
     318 | 2026-08-28 19:25:47
     727 | 2026-08-28 19:21:06
     378 | 2026-08-28 19:20:07
      29 | 2026-08-28 19:19:08
     438 | 2026-08-28 19:14:27
      89 | 2026-08-28 19:13:28
     740 | 2026-08-28 19:12:29
     149 | 2026-08-28 19:07:48
     800 | 2026-08-28 19:06:49
     451 | 2026-08-28 19:05:50
     860 | 2026-08-28 19:01:09
     511 | 2026-08-28 19:00:10
     162 | 2026-08-28 18:59:11
     571 | 2026-08-28 18:54:30
     222 | 2026-08-28 18:53:31
     873 | 2026-08-28 18:52:32
     282 | 2026-08-28 18:47:51
     933 | 2026-08-28 18:46:52
     584 | 2026-08-28 18:45:53
     993 | 2026-08-28 18:41:12
     644 | 2026-08-28 18:40:13
     295 | 2026-08-28 18:39:14
     704 | 2026-08-28 18:34:33
     355 | 2026-08-28 18:33:34
       6 | 2026-08-28 18:32:35
     415 | 2026-08-28 18:27:54
      66 | 2026-08-28 18:26:55
     717 | 2026-08-28 18:25:56
     126 | 2026-08-28 18:21:15
     777 | 2026-08-28 18:20:16
     428 | 2026-08-28 18:19:17
      79 | 2026-08-28 18:18:18
     837 | 2026-08-28 18:14:36
     488 | 2026-08-28 18:13:37
     139 | 2026-08-28 18:12:38
     790 | 2026-08-28 18:11:39
     548 | 2026-08-28 18:07:57
     199 | 2026-08-28 18:06:58
     850 | 2026-08-28 18:05:59
     501 | 2026-08-28 18:05:00
     259 | 2026-08-28 18:01:18
     910 | 2026-08-28 18:00:19
     561 | 2026-08-28 17:59:20
     212 | 2026-08-28 17:58:21
     970 | 2026-08-28 17:54:39
     621 | 2026-08-28 17:53:40
     272 | 2026-08-28 17:52:41
     923 | 2026-08-28 17:51:42
     681 | 2026-08-28 17:48:00
     332 | 2026-08-28 17:47:01
     983 | 2026-08-28 17:46:02
     634 | 2026-08-28 17:45:03
     392 | 2026-08-28 17:41:21
      43 | 2026-08-28 17:40:22
     694 | 2026-08-28 17:39:23
     345 | 2026-08-28 17:38:24
     103 | 2026-08-28 17:34:42
     754 | 2026-08-28 17:33:43
     405 | 2026-08-28 17:32:44
      56 | 2026-08-28 17:31:45
     814 | 2026-08-28 17:28:03
     465 | 2026-08-28 17:27:04
     116 | 2026-08-28 17:26:05
     767 | 2026-08-28 17:25:06
     176 | 2026-08-28 17:20:25
     827 | 2026-08-28 17:19:26
     478 | 2026-08-28 17:18:27
     887 | 2026-08-28 17:13:46
     538 | 2026-08-28 17:12:47
     189 | 2026-08-28 17:11:48
     598 | 2026-08-28 17:07:07
     249 | 2026-08-28 17:06:08
     900 | 2026-08-28 17:05:09
     309 | 2026-08-28 17:00:28
     960 | 2026-08-28 16:59:29
     611 | 2026-08-28 16:58:30
      20 | 2026-08-28 16:53:49
     671 | 2026-08-28 16:52:50
     322 | 2026-08-28 16:51:51
     731 | 2026-08-28 16:47:10
     382 | 2026-08-28 16:46:11
      33 | 2026-08-28 16:45:12
     442 | 2026-08-28 16:40:31
      93 | 2026-08-28 16:39:32
     744 | 2026-08-28 16:38:33
     153 | 2026-08-28 16:33:52
     804 | 2026-08-28 16:32:53
     455 | 2026-08-28 16:31:54
     864 | 2026-08-28 16:27:13
     515 | 2026-08-28 16:26:14
     166 | 2026-08-28 16:25:15
     575 | 2026-08-28 16:20:34
     226 | 2026-08-28 16:19:35
     877 | 2026-08-28 16:18:36
     286 | 2026-08-28 16:13:55
     937 | 2026-08-28 16:12:56
     588 | 2026-08-28 16:11:57
     997 | 2026-08-28 16:07:16
     648 | 2026-08-28 16:06:17
     299 | 2026-08-28 16:05:18
     708 | 2026-08-28 16:00:37
     359 | 2026-08-28 15:59:38
      10 | 2026-08-28 15:58:39
     419 | 2026-08-28 15:53:58
      70 | 2026-08-28 15:52:59
     721 | 2026-08-28 15:52:00
     130 | 2026-08-28 15:47:19
     781 | 2026-08-28 15:46:20
     432 | 2026-08-28 15:45:21
     841 | 2026-08-28 15:40:40
     492 | 2026-08-28 15:39:41
     143 | 2026-08-28 15:38:42
     552 | 2026-08-28 15:34:01
     203 | 2026-08-28 15:33:02
     854 | 2026-08-28 15:32:03
     263 | 2026-08-28 15:27:22
     914 | 2026-08-28 15:26:23
     565 | 2026-08-28 15:25:24
     216 | 2026-08-28 15:24:25
     974 | 2026-08-28 15:20:43
     625 | 2026-08-28 15:19:44
     276 | 2026-08-28 15:18:45
     927 | 2026-08-28 15:17:46
     685 | 2026-08-28 15:14:04
     336 | 2026-08-28 15:13:05
     987 | 2026-08-28 15:12:06
     638 | 2026-08-28 15:11:07
     396 | 2026-08-28 15:07:25
      47 | 2026-08-28 15:06:26
     698 | 2026-08-28 15:05:27
     349 | 2026-08-28 15:04:28
     107 | 2026-08-28 15:00:46
     758 | 2026-08-28 14:59:47
     409 | 2026-08-28 14:58:48
      60 | 2026-08-28 14:57:49
     818 | 2026-08-28 14:54:07
     469 | 2026-08-28 14:53:08
     120 | 2026-08-28 14:52:09
     771 | 2026-08-28 14:51:10
     529 | 2026-08-28 14:47:28
     180 | 2026-08-28 14:46:29
     831 | 2026-08-28 14:45:30
     482 | 2026-08-28 14:44:31
     240 | 2026-08-28 14:40:49
     891 | 2026-08-28 14:39:50
     542 | 2026-08-28 14:38:51
     193 | 2026-08-28 14:37:52
     951 | 2026-08-28 14:34:10
     602 | 2026-08-28 14:33:11
     253 | 2026-08-28 14:32:12
     904 | 2026-08-28 14:31:13
     313 | 2026-08-28 14:26:32
     964 | 2026-08-28 14:25:33
     615 | 2026-08-28 14:24:34
      24 | 2026-08-28 14:19:53
     675 | 2026-08-28 14:18:54
     326 | 2026-08-28 14:17:55
     735 | 2026-08-28 14:13:14
     386 | 2026-08-28 14:12:15
      37 | 2026-08-28 14:11:16
     446 | 2026-08-28 14:06:35
      97 | 2026-08-28 14:05:36
     748 | 2026-08-28 14:04:37
     157 | 2026-08-28 13:59:56
     808 | 2026-08-28 13:58:57
     459 | 2026-08-28 13:57:58
     868 | 2026-08-28 13:53:17
     519 | 2026-08-28 13:52:18
     170 | 2026-08-28 13:51:19
     579 | 2026-08-28 13:46:38
     230 | 2026-08-28 13:45:39
     881 | 2026-08-28 13:44:40
     290 | 2026-08-28 13:39:59
     941 | 2026-08-28 13:39:00
     592 | 2026-08-28 13:38:01
       1 | 2026-08-28 13:33:20
     652 | 2026-08-28 13:32:21
     303 | 2026-08-28 13:31:22
     712 | 2026-08-28 13:26:41
     363 | 2026-08-28 13:25:42
      14 | 2026-08-28 13:24:43
     423 | 2026-08-28 13:20:02
      74 | 2026-08-28 13:19:03
     725 | 2026-08-28 13:18:04
     134 | 2026-08-28 13:13:23
     785 | 2026-08-28 13:12:24
     436 | 2026-08-28 13:11:25
     845 | 2026-08-28 13:06:44
     496 | 2026-08-28 13:05:45
     147 | 2026-08-28 13:04:46
     556 | 2026-08-28 13:00:05
     207 | 2026-08-28 12:59:06
     858 | 2026-08-28 12:58:07
     267 | 2026-08-28 12:53:26
     918 | 2026-08-28 12:52:27
     569 | 2026-08-28 12:51:28
     978 | 2026-08-28 12:46:47
     629 | 2026-08-28 12:45:48
     280 | 2026-08-28 12:44:49
     689 | 2026-08-28 12:40:08
     340 | 2026-08-28 12:39:09
     991 | 2026-08-28 12:38:10
     400 | 2026-08-28 12:33:29
      51 | 2026-08-28 12:32:30
     702 | 2026-08-28 12:31:31
     111 | 2026-08-28 12:26:50
     762 | 2026-08-28 12:25:51
     413 | 2026-08-28 12:24:52
      64 | 2026-08-28 12:23:53
     822 | 2026-08-28 12:20:11
     473 | 2026-08-28 12:19:12
     124 | 2026-08-28 12:18:13
     775 | 2026-08-28 12:17:14
     533 | 2026-08-28 12:13:32
     184 | 2026-08-28 12:12:33
     835 | 2026-08-28 12:11:34
     486 | 2026-08-28 12:10:35
     244 | 2026-08-28 12:06:53
     895 | 2026-08-28 12:05:54
     546 | 2026-08-28 12:04:55
     197 | 2026-08-28 12:03:56
     955 | 2026-08-28 12:00:14
     606 | 2026-08-28 11:59:15
     257 | 2026-08-28 11:58:16
     908 | 2026-08-28 11:57:17
     666 | 2026-08-28 11:53:35
     317 | 2026-08-28 11:52:36
     968 | 2026-08-28 11:51:37
     619 | 2026-08-28 11:50:38
     377 | 2026-08-28 11:46:56
      28 | 2026-08-28 11:45:57
     679 | 2026-08-28 11:44:58
     330 | 2026-08-28 11:43:59
      88 | 2026-08-28 11:40:17
     739 | 2026-08-28 11:39:18
     390 | 2026-08-28 11:38:19
      41 | 2026-08-28 11:37:20
     450 | 2026-08-28 11:32:39
     101 | 2026-08-28 11:31:40
     752 | 2026-08-28 11:30:41
     161 | 2026-08-28 11:26:00
     812 | 2026-08-28 11:25:01
     463 | 2026-08-28 11:24:02
     872 | 2026-08-28 11:19:21
     523 | 2026-08-28 11:18:22
     174 | 2026-08-28 11:17:23
     583 | 2026-08-28 11:12:42
     234 | 2026-08-28 11:11:43
     885 | 2026-08-28 11:10:44
     294 | 2026-08-28 11:06:03
     945 | 2026-08-28 11:05:04
     596 | 2026-08-28 11:04:05
       5 | 2026-08-28 10:59:24
     656 | 2026-08-28 10:58:25
     307 | 2026-08-28 10:57:26
     716 | 2026-08-28 10:52:45
     367 | 2026-08-28 10:51:46
      18 | 2026-08-28 10:50:47
     427 | 2026-08-28 10:46:06
      78 | 2026-08-28 10:45:07
     729 | 2026-08-28 10:44:08
     138 | 2026-08-28 10:39:27
     789 | 2026-08-28 10:38:28
     440 | 2026-08-28 10:37:29
     849 | 2026-08-28 10:32:48
     500 | 2026-08-28 10:31:49
     151 | 2026-08-28 10:30:50
     560 | 2026-08-28 10:26:09
     211 | 2026-08-28 10:25:10
     862 | 2026-08-28 10:24:11
     271 | 2026-08-28 10:19:30
     922 | 2026-08-28 10:18:31
     573 | 2026-08-28 10:17:32
     982 | 2026-08-28 10:12:51
     633 | 2026-08-28 10:11:52
     284 | 2026-08-28 10:10:53
     693 | 2026-08-28 10:06:12
     344 | 2026-08-28 10:05:13
     995 | 2026-08-28 10:04:14
     404 | 2026-08-28 09:59:33
      55 | 2026-08-28 09:58:34
     706 | 2026-08-28 09:57:35
     115 | 2026-08-28 09:52:54
     766 | 2026-08-28 09:51:55
     417 | 2026-08-28 09:50:56
     826 | 2026-08-28 09:46:15
     477 | 2026-08-28 09:45:16
     128 | 2026-08-28 09:44:17
     537 | 2026-08-28 09:39:36
     188 | 2026-08-28 09:38:37
     839 | 2026-08-28 09:37:38
     248 | 2026-08-28 09:32:57
     899 | 2026-08-28 09:31:58
     550 | 2026-08-28 09:30:59
     201 | 2026-08-28 09:30:00
     959 | 2026-08-28 09:26:18
     610 | 2026-08-28 09:25:19
     261 | 2026-08-28 09:24:20
     912 | 2026-08-28 09:23:21
     670 | 2026-08-28 09:19:39
     321 | 2026-08-28 09:18:40
     972 | 2026-08-28 09:17:41
     623 | 2026-08-28 09:16:42
     381 | 2026-08-28 09:13:00
      32 | 2026-08-28 09:12:01
     683 | 2026-08-28 09:11:02
     334 | 2026-08-28 09:10:03
      92 | 2026-08-28 09:06:21
     743 | 2026-08-28 09:05:22
     394 | 2026-08-28 09:04:23
      45 | 2026-08-28 09:03:24
     803 | 2026-08-28 08:59:42
     454 | 2026-08-28 08:58:43
     105 | 2026-08-28 08:57:44
     756 | 2026-08-28 08:56:45
     514 | 2026-08-28 08:53:03
     165 | 2026-08-28 08:52:04
     816 | 2026-08-28 08:51:05
     467 | 2026-08-28 08:50:06
     225 | 2026-08-28 08:46:24
     876 | 2026-08-28 08:45:25
     527 | 2026-08-28 08:44:26
     178 | 2026-08-28 08:43:27
     587 | 2026-08-28 08:38:46
     238 | 2026-08-28 08:37:47
     889 | 2026-08-28 08:36:48
     298 | 2026-08-28 08:32:07
     949 | 2026-08-28 08:31:08
     600 | 2026-08-28 08:30:09
       9 | 2026-08-28 08:25:28
     660 | 2026-08-28 08:24:29
     311 | 2026-08-28 08:23:30
     720 | 2026-08-28 08:18:49
     371 | 2026-08-28 08:17:50
      22 | 2026-08-28 08:16:51
     431 | 2026-08-28 08:12:10
      82 | 2026-08-28 08:11:11
     733 | 2026-08-28 08:10:12
     142 | 2026-08-28 08:05:31
     793 | 2026-08-28 08:04:32
     444 | 2026-08-28 08:03:33
     853 | 2026-08-28 07:58:52
     504 | 2026-08-28 07:57:53
     155 | 2026-08-28 07:56:54
     564 | 2026-08-28 07:52:13
     215 | 2026-08-28 07:51:14
     866 | 2026-08-28 07:50:15
     275 | 2026-08-28 07:45:34
     926 | 2026-08-28 07:44:35
     577 | 2026-08-28 07:43:36
     986 | 2026-08-28 07:38:55
     637 | 2026-08-28 07:37:56
     288 | 2026-08-28 07:36:57
     697 | 2026-08-28 07:32:16
     348 | 2026-08-28 07:31:17
     999 | 2026-08-28 07:30:18
     408 | 2026-08-28 07:25:37
      59 | 2026-08-28 07:24:38
     710 | 2026-08-28 07:23:39
     119 | 2026-08-28 07:18:58
     770 | 2026-08-28 07:17:59
     421 | 2026-08-28 07:17:00
     830 | 2026-08-28 07:12:19
     481 | 2026-08-28 07:11:20
     132 | 2026-08-28 07:10:21
     541 | 2026-08-28 07:05:40
     192 | 2026-08-28 07:04:41
     843 | 2026-08-28 07:03:42
     252 | 2026-08-28 06:59:01
     903 | 2026-08-28 06:58:02
     554 | 2026-08-28 06:57:03
     963 | 2026-08-28 06:52:22
     614 | 2026-08-28 06:51:23
     265 | 2026-08-28 06:50:24
     674 | 2026-08-28 06:45:43
     325 | 2026-08-28 06:44:44
     976 | 2026-08-28 06:43:45
     385 | 2026-08-28 06:39:04
      36 | 2026-08-28 06:38:05
     687 | 2026-08-28 06:37:06
     338 | 2026-08-28 06:36:07
      96 | 2026-08-28 06:32:25
     747 | 2026-08-28 06:31:26
     398 | 2026-08-28 06:30:27
      49 | 2026-08-28 06:29:28
     807 | 2026-08-28 06:25:46
     458 | 2026-08-28 06:24:47
     109 | 2026-08-28 06:23:48
     760 | 2026-08-28 06:22:49
     518 | 2026-08-28 06:19:07
     169 | 2026-08-28 06:18:08
     820 | 2026-08-28 06:17:09
     471 | 2026-08-28 06:16:10
     229 | 2026-08-28 06:12:28
     880 | 2026-08-28 06:11:29
     531 | 2026-08-28 06:10:30
     182 | 2026-08-28 06:09:31
     940 | 2026-08-28 06:05:49
     591 | 2026-08-28 06:04:50
     242 | 2026-08-28 06:03:51
     893 | 2026-08-28 06:02:52
     651 | 2026-08-28 05:59:10
     302 | 2026-08-28 05:58:11
     953 | 2026-08-28 05:57:12
     604 | 2026-08-28 05:56:13
     362 | 2026-08-28 05:52:31
      13 | 2026-08-28 05:51:32
     664 | 2026-08-28 05:50:33
     315 | 2026-08-28 05:49:34
     724 | 2026-08-28 05:44:53
     375 | 2026-08-28 05:43:54
      26 | 2026-08-28 05:42:55
     435 | 2026-08-28 05:38:14
      86 | 2026-08-28 05:37:15
     737 | 2026-08-28 05:36:16
     146 | 2026-08-28 05:31:35
     797 | 2026-08-28 05:30:36
     448 | 2026-08-28 05:29:37
     857 | 2026-08-28 05:24:56
     508 | 2026-08-28 05:23:57
     159 | 2026-08-28 05:22:58
     568 | 2026-08-28 05:18:17
     219 | 2026-08-28 05:17:18
     870 | 2026-08-28 05:16:19
     279 | 2026-08-28 05:11:38
     930 | 2026-08-28 05:10:39
     581 | 2026-08-28 05:09:40
     990 | 2026-08-28 05:04:59
     641 | 2026-08-28 05:04:00
     292 | 2026-08-28 05:03:01
     701 | 2026-08-28 04:58:20
     352 | 2026-08-28 04:57:21
       3 | 2026-08-28 04:56:22
     412 | 2026-08-28 04:51:41
      63 | 2026-08-28 04:50:42
     714 | 2026-08-28 04:49:43
     123 | 2026-08-28 04:45:02
     774 | 2026-08-28 04:44:03
     425 | 2026-08-28 04:43:04
     834 | 2026-08-28 04:38:23
     485 | 2026-08-28 04:37:24
     136 | 2026-08-28 04:36:25
     545 | 2026-08-28 04:31:44
     196 | 2026-08-28 04:30:45
     847 | 2026-08-28 04:29:46
     256 | 2026-08-28 04:25:05
     907 | 2026-08-28 04:24:06
     558 | 2026-08-28 04:23:07
     967 | 2026-08-28 04:18:26
     618 | 2026-08-28 04:17:27
     269 | 2026-08-28 04:16:28
     678 | 2026-08-28 04:11:47
     329 | 2026-08-28 04:10:48
     980 | 2026-08-28 04:09:49
     389 | 2026-08-28 04:05:08
      40 | 2026-08-28 04:04:09
     691 | 2026-08-28 04:03:10
     100 | 2026-08-28 03:58:29
     751 | 2026-08-28 03:57:30
     402 | 2026-08-28 03:56:31
     811 | 2026-08-28 03:51:50
     462 | 2026-08-28 03:50:51
     113 | 2026-08-28 03:49:52
     522 | 2026-08-28 03:45:11
     173 | 2026-08-28 03:44:12
     824 | 2026-08-28 03:43:13
     475 | 2026-08-28 03:42:14
     233 | 2026-08-28 03:38:32
     884 | 2026-08-28 03:37:33
     535 | 2026-08-28 03:36:34
     186 | 2026-08-28 03:35:35
     944 | 2026-08-28 03:31:53
     595 | 2026-08-28 03:30:54
     246 | 2026-08-28 03:29:55
     897 | 2026-08-28 03:28:56
     655 | 2026-08-28 03:25:14
     306 | 2026-08-28 03:24:15
     957 | 2026-08-28 03:23:16
     608 | 2026-08-28 03:22:17
     366 | 2026-08-28 03:18:35
      17 | 2026-08-28 03:17:36
     668 | 2026-08-28 03:16:37
     319 | 2026-08-28 03:15:38
      77 | 2026-08-28 03:11:56
     728 | 2026-08-28 03:10:57
     379 | 2026-08-28 03:09:58
      30 | 2026-08-28 03:08:59
     788 | 2026-08-28 03:05:17
     439 | 2026-08-28 03:04:18
      90 | 2026-08-28 03:03:19
     741 | 2026-08-28 03:02:20
     499 | 2026-08-28 02:58:38
     150 | 2026-08-28 02:57:39
     801 | 2026-08-28 02:56:40
     452 | 2026-08-28 02:55:41
     861 | 2026-08-28 02:51:00
     512 | 2026-08-28 02:50:01
     163 | 2026-08-28 02:49:02
     572 | 2026-08-28 02:44:21
     223 | 2026-08-28 02:43:22
     874 | 2026-08-28 02:42:23
     283 | 2026-08-28 02:37:42
     934 | 2026-08-28 02:36:43
     585 | 2026-08-28 02:35:44
     994 | 2026-08-28 02:31:03
     645 | 2026-08-28 02:30:04
     296 | 2026-08-28 02:29:05
     705 | 2026-08-28 02:24:24
     356 | 2026-08-28 02:23:25
       7 | 2026-08-28 02:22:26
     416 | 2026-08-28 02:17:45
      67 | 2026-08-28 02:16:46
     718 | 2026-08-28 02:15:47
     127 | 2026-08-28 02:11:06
     778 | 2026-08-28 02:10:07
     429 | 2026-08-28 02:09:08
     838 | 2026-08-28 02:04:27
     489 | 2026-08-28 02:03:28
     140 | 2026-08-28 02:02:29
     549 | 2026-08-28 01:57:48
     200 | 2026-08-28 01:56:49
     851 | 2026-08-28 01:55:50
     260 | 2026-08-28 01:51:09
     911 | 2026-08-28 01:50:10
     562 | 2026-08-28 01:49:11
     971 | 2026-08-28 01:44:30
     622 | 2026-08-28 01:43:31
     273 | 2026-08-28 01:42:32
     682 | 2026-08-28 01:37:51
     333 | 2026-08-28 01:36:52
     984 | 2026-08-28 01:35:53
     393 | 2026-08-28 01:31:12
      44 | 2026-08-28 01:30:13
     695 | 2026-08-28 01:29:14
     104 | 2026-08-28 01:24:33
     755 | 2026-08-28 01:23:34
     406 | 2026-08-28 01:22:35
     815 | 2026-08-28 01:17:54
     466 | 2026-08-28 01:16:55
     117 | 2026-08-28 01:15:56
     526 | 2026-08-28 01:11:15
     177 | 2026-08-28 01:10:16
     828 | 2026-08-28 01:09:17
     237 | 2026-08-28 01:04:36
     888 | 2026-08-28 01:03:37
     539 | 2026-08-28 01:02:38
     948 | 2026-08-28 00:57:57
     599 | 2026-08-28 00:56:58
     250 | 2026-08-28 00:55:59
     659 | 2026-08-28 00:51:18
     310 | 2026-08-28 00:50:19
     961 | 2026-08-28 00:49:20
     612 | 2026-08-28 00:48:21
     370 | 2026-08-28 00:44:39
      21 | 2026-08-28 00:43:40
     672 | 2026-08-28 00:42:41
     323 | 2026-08-28 00:41:42
      81 | 2026-08-28 00:38:00
     732 | 2026-08-28 00:37:01
     383 | 2026-08-28 00:36:02
      34 | 2026-08-28 00:35:03
     792 | 2026-08-28 00:31:21
     443 | 2026-08-28 00:30:22
      94 | 2026-08-28 00:29:23
     745 | 2026-08-28 00:28:24
     503 | 2026-08-28 00:24:42
     154 | 2026-08-28 00:23:43
     805 | 2026-08-28 00:22:44
     456 | 2026-08-28 00:21:45
     214 | 2026-08-28 00:18:03
     865 | 2026-08-28 00:17:04
     516 | 2026-08-28 00:16:05
     167 | 2026-08-28 00:15:06
     925 | 2026-08-28 00:11:24
     576 | 2026-08-28 00:10:25
     227 | 2026-08-28 00:09:26
     878 | 2026-08-28 00:08:27
     636 | 2026-08-28 00:04:45
     287 | 2026-08-28 00:03:46
     938 | 2026-08-28 00:02:47
     589 | 2026-08-28 00:01:48
     998 | 2026-08-27 23:57:07
     649 | 2026-08-27 23:56:08
     300 | 2026-08-27 23:55:09
     709 | 2026-08-27 23:50:28
     360 | 2026-08-27 23:49:29
      11 | 2026-08-27 23:48:30
     420 | 2026-08-27 23:43:49
      71 | 2026-08-27 23:42:50
     722 | 2026-08-27 23:41:51
     131 | 2026-08-27 23:37:10
     782 | 2026-08-27 23:36:11
     433 | 2026-08-27 23:35:12
     842 | 2026-08-27 23:30:31
     493 | 2026-08-27 23:29:32
     144 | 2026-08-27 23:28:33
     553 | 2026-08-27 23:23:52
     204 | 2026-08-27 23:22:53
     855 | 2026-08-27 23:21:54
     264 | 2026-08-27 23:17:13
     915 | 2026-08-27 23:16:14
     566 | 2026-08-27 23:15:15
     975 | 2026-08-27 23:10:34
     626 | 2026-08-27 23:09:35
     277 | 2026-08-27 23:08:36
     686 | 2026-08-27 23:03:55
     337 | 2026-08-27 23:02:56
     988 | 2026-08-27 23:01:57
     397 | 2026-08-27 22:57:16
      48 | 2026-08-27 22:56:17
     699 | 2026-08-27 22:55:18
     108 | 2026-08-27 22:50:37
     759 | 2026-08-27 22:49:38
     410 | 2026-08-27 22:48:39
     819 | 2026-08-27 22:43:58
     470 | 2026-08-27 22:42:59
     121 | 2026-08-27 22:42:00
     530 | 2026-08-27 22:37:19
     181 | 2026-08-27 22:36:20
     832 | 2026-08-27 22:35:21
     241 | 2026-08-27 22:30:40
     892 | 2026-08-27 22:29:41
     543 | 2026-08-27 22:28:42
     952 | 2026-08-27 22:24:01
     603 | 2026-08-27 22:23:02
     254 | 2026-08-27 22:22:03
     663 | 2026-08-27 22:17:22
     314 | 2026-08-27 22:16:23
     965 | 2026-08-27 22:15:24
     374 | 2026-08-27 22:10:43
      25 | 2026-08-27 22:09:44
     676 | 2026-08-27 22:08:45
      85 | 2026-08-27 22:04:04
     736 | 2026-08-27 22:03:05
     387 | 2026-08-27 22:02:06
     796 | 2026-08-27 21:57:25
     447 | 2026-08-27 21:56:26
      98 | 2026-08-27 21:55:27
     749 | 2026-08-27 21:54:28
     507 | 2026-08-27 21:50:46
     158 | 2026-08-27 21:49:47
     809 | 2026-08-27 21:48:48
     460 | 2026-08-27 21:47:49
     218 | 2026-08-27 21:44:07
     869 | 2026-08-27 21:43:08
     520 | 2026-08-27 21:42:09
     171 | 2026-08-27 21:41:10
     929 | 2026-08-27 21:37:28
     580 | 2026-08-27 21:36:29
     231 | 2026-08-27 21:35:30
     882 | 2026-08-27 21:34:31
     640 | 2026-08-27 21:30:49
     291 | 2026-08-27 21:29:50
     942 | 2026-08-27 21:28:51
     593 | 2026-08-27 21:27:52
     351 | 2026-08-27 21:24:10
       2 | 2026-08-27 21:23:11
     653 | 2026-08-27 21:22:12
     304 | 2026-08-27 21:21:13
      62 | 2026-08-27 21:17:31
     713 | 2026-08-27 21:16:32
     364 | 2026-08-27 21:15:33
      15 | 2026-08-27 21:14:34
     773 | 2026-08-27 21:10:52
     424 | 2026-08-27 21:09:53
      75 | 2026-08-27 21:08:54
     726 | 2026-08-27 21:07:55
     135 | 2026-08-27 21:03:14
     786 | 2026-08-27 21:02:15
     437 | 2026-08-27 21:01:16
     846 | 2026-08-27 20:56:35
     497 | 2026-08-27 20:55:36
     148 | 2026-08-27 20:54:37
     557 | 2026-08-27 20:49:56
     208 | 2026-08-27 20:48:57
     859 | 2026-08-27 20:47:58
     268 | 2026-08-27 20:43:17
     919 | 2026-08-27 20:42:18
     570 | 2026-08-27 20:41:19
     979 | 2026-08-27 20:36:38
     630 | 2026-08-27 20:35:39
     281 | 2026-08-27 20:34:40
     690 | 2026-08-27 20:29:59
     341 | 2026-08-27 20:29:00
     992 | 2026-08-27 20:28:01
     401 | 2026-08-27 20:23:20
      52 | 2026-08-27 20:22:21
     703 | 2026-08-27 20:21:22
     112 | 2026-08-27 20:16:41
     763 | 2026-08-27 20:15:42
     414 | 2026-08-27 20:14:43
     823 | 2026-08-27 20:10:02
     474 | 2026-08-27 20:09:03
     125 | 2026-08-27 20:08:04
     534 | 2026-08-27 20:03:23
     185 | 2026-08-27 20:02:24
     836 | 2026-08-27 20:01:25
     245 | 2026-08-27 19:56:44
     896 | 2026-08-27 19:55:45
     547 | 2026-08-27 19:54:46
     956 | 2026-08-27 19:50:05
     607 | 2026-08-27 19:49:06
     258 | 2026-08-27 19:48:07
     667 | 2026-08-27 19:43:26
     318 | 2026-08-27 19:42:27
     969 | 2026-08-27 19:41:28
     378 | 2026-08-27 19:36:47
      29 | 2026-08-27 19:35:48
     680 | 2026-08-27 19:34:49
      89 | 2026-08-27 19:30:08
     740 | 2026-08-27 19:29:09
     391 | 2026-08-27 19:28:10
     800 | 2026-08-27 19:23:29
     451 | 2026-08-27 19:22:30
     102 | 2026-08-27 19:21:31
     511 | 2026-08-27 19:16:50
     162 | 2026-08-27 19:15:51
     813 | 2026-08-27 19:14:52
     222 | 2026-08-27 19:10:11
     873 | 2026-08-27 19:09:12
     524 | 2026-08-27 19:08:13
     933 | 2026-08-27 19:03:32
     584 | 2026-08-27 19:02:33
     235 | 2026-08-27 19:01:34
     886 | 2026-08-27 19:00:35
     644 | 2026-08-27 18:56:53
     295 | 2026-08-27 18:55:54
     946 | 2026-08-27 18:54:55
     597 | 2026-08-27 18:53:56
     355 | 2026-08-27 18:50:14
       6 | 2026-08-27 18:49:15
     657 | 2026-08-27 18:48:16
     308 | 2026-08-27 18:47:17
      66 | 2026-08-27 18:43:35
     717 | 2026-08-27 18:42:36
     368 | 2026-08-27 18:41:37
      19 | 2026-08-27 18:40:38
     777 | 2026-08-27 18:36:56
     428 | 2026-08-27 18:35:57
      79 | 2026-08-27 18:34:58
     730 | 2026-08-27 18:33:59
     488 | 2026-08-27 18:30:17
     139 | 2026-08-27 18:29:18
     790 | 2026-08-27 18:28:19
     441 | 2026-08-27 18:27:20
     199 | 2026-08-27 18:23:38
     850 | 2026-08-27 18:22:39
     501 | 2026-08-27 18:21:40
     152 | 2026-08-27 18:20:41
     910 | 2026-08-27 18:16:59
     561 | 2026-08-27 18:16:00
     212 | 2026-08-27 18:15:01
     863 | 2026-08-27 18:14:02
     272 | 2026-08-27 18:09:21
     923 | 2026-08-27 18:08:22
     574 | 2026-08-27 18:07:23
     983 | 2026-08-27 18:02:42
     634 | 2026-08-27 18:01:43
     285 | 2026-08-27 18:00:44
     694 | 2026-08-27 17:56:03
     345 | 2026-08-27 17:55:04
     996 | 2026-08-27 17:54:05
     405 | 2026-08-27 17:49:24
      56 | 2026-08-27 17:48:25
     707 | 2026-08-27 17:47:26
     116 | 2026-08-27 17:42:45
     767 | 2026-08-27 17:41:46
     418 | 2026-08-27 17:40:47
     827 | 2026-08-27 17:36:06
     478 | 2026-08-27 17:35:07
     129 | 2026-08-27 17:34:08
     538 | 2026-08-27 17:29:27
     189 | 2026-08-27 17:28:28
     840 | 2026-08-27 17:27:29
     249 | 2026-08-27 17:22:48
     900 | 2026-08-27 17:21:49
     551 | 2026-08-27 17:20:50
     960 | 2026-08-27 17:16:09
     611 | 2026-08-27 17:15:10
     262 | 2026-08-27 17:14:11
     671 | 2026-08-27 17:09:30
     322 | 2026-08-27 17:08:31
     973 | 2026-08-27 17:07:32
     382 | 2026-08-27 17:02:51
      33 | 2026-08-27 17:01:52
     684 | 2026-08-27 17:00:53
      93 | 2026-08-27 16:56:12
     744 | 2026-08-27 16:55:13
     395 | 2026-08-27 16:54:14
     804 | 2026-08-27 16:49:33
     455 | 2026-08-27 16:48:34
     106 | 2026-08-27 16:47:35
     515 | 2026-08-27 16:42:54
     166 | 2026-08-27 16:41:55
     817 | 2026-08-27 16:40:56
     226 | 2026-08-27 16:36:15
     877 | 2026-08-27 16:35:16
     528 | 2026-08-27 16:34:17
     937 | 2026-08-27 16:29:36
     588 | 2026-08-27 16:28:37
     239 | 2026-08-27 16:27:38
     648 | 2026-08-27 16:22:57
     299 | 2026-08-27 16:21:58
     950 | 2026-08-27 16:20:59
     359 | 2026-08-27 16:16:18
      10 | 2026-08-27 16:15:19
     661 | 2026-08-27 16:14:20
      70 | 2026-08-27 16:09:39
     721 | 2026-08-27 16:08:40
     372 | 2026-08-27 16:07:41
      23 | 2026-08-27 16:06:42
     781 | 2026-08-27 16:03:00
     432 | 2026-08-27 16:02:01
      83 | 2026-08-27 16:01:02
     734 | 2026-08-27 16:00:03
     492 | 2026-08-27 15:56:21
     143 | 2026-08-27 15:55:22
     794 | 2026-08-27 15:54:23
     445 | 2026-08-27 15:53:24
     203 | 2026-08-27 15:49:42
     854 | 2026-08-27 15:48:43
     505 | 2026-08-27 15:47:44
     156 | 2026-08-27 15:46:45
     914 | 2026-08-27 15:43:03
     565 | 2026-08-27 15:42:04
     216 | 2026-08-27 15:41:05
     867 | 2026-08-27 15:40:06
     625 | 2026-08-27 15:36:24
     276 | 2026-08-27 15:35:25
     927 | 2026-08-27 15:34:26
     578 | 2026-08-27 15:33:27
     336 | 2026-08-27 15:29:45
     987 | 2026-08-27 15:28:46
     638 | 2026-08-27 15:27:47
     289 | 2026-08-27 15:26:48
      47 | 2026-08-27 15:23:06
     698 | 2026-08-27 15:22:07
     349 | 2026-08-27 15:21:08
    1000 | 2026-08-27 15:20:09
     758 | 2026-08-27 15:16:27
     409 | 2026-08-27 15:15:28
      60 | 2026-08-27 15:14:29
     711 | 2026-08-27 15:13:30
     120 | 2026-08-27 15:08:49
     771 | 2026-08-27 15:07:50
     422 | 2026-08-27 15:06:51
     831 | 2026-08-27 15:02:10
     482 | 2026-08-27 15:01:11
     133 | 2026-08-27 15:00:12
     542 | 2026-08-27 14:55:31
     193 | 2026-08-27 14:54:32
     844 | 2026-08-27 14:53:33
     253 | 2026-08-27 14:48:52
     904 | 2026-08-27 14:47:53
     555 | 2026-08-27 14:46:54
     964 | 2026-08-27 14:42:13
     615 | 2026-08-27 14:41:14
     266 | 2026-08-27 14:40:15
     675 | 2026-08-27 14:35:34
     326 | 2026-08-27 14:34:35
     977 | 2026-08-27 14:33:36
     386 | 2026-08-27 14:28:55
      37 | 2026-08-27 14:27:56
     688 | 2026-08-27 14:26:57
      97 | 2026-08-27 14:22:16
     748 | 2026-08-27 14:21:17
     399 | 2026-08-27 14:20:18
     808 | 2026-08-27 14:15:37
     459 | 2026-08-27 14:14:38
     110 | 2026-08-27 14:13:39
     519 | 2026-08-27 14:08:58
     170 | 2026-08-27 14:07:59
     821 | 2026-08-27 14:07:00
     230 | 2026-08-27 14:02:19
     881 | 2026-08-27 14:01:20
     532 | 2026-08-27 14:00:21
     941 | 2026-08-27 13:55:40
     592 | 2026-08-27 13:54:41
     243 | 2026-08-27 13:53:42
     652 | 2026-08-27 13:49:01
     303 | 2026-08-27 13:48:02
     954 | 2026-08-27 13:47:03
     363 | 2026-08-27 13:42:22
      14 | 2026-08-27 13:41:23
     665 | 2026-08-27 13:40:24
      74 | 2026-08-27 13:35:43
     725 | 2026-08-27 13:34:44
     376 | 2026-08-27 13:33:45
     785 | 2026-08-27 13:29:04
     436 | 2026-08-27 13:28:05
      87 | 2026-08-27 13:27:06
     496 | 2026-08-27 13:22:25
     147 | 2026-08-27 13:21:26
     798 | 2026-08-27 13:20:27
     207 | 2026-08-27 13:15:46
     858 | 2026-08-27 13:14:47
     509 | 2026-08-27 13:13:48
     160 | 2026-08-27 13:12:49
     918 | 2026-08-27 13:09:07
     569 | 2026-08-27 13:08:08
     220 | 2026-08-27 13:07:09
     871 | 2026-08-27 13:06:10
     629 | 2026-08-27 13:02:28
     280 | 2026-08-27 13:01:29
     931 | 2026-08-27 13:00:30
     582 | 2026-08-27 12:59:31
     340 | 2026-08-27 12:55:49
     991 | 2026-08-27 12:54:50
     642 | 2026-08-27 12:53:51
     293 | 2026-08-27 12:52:52
      51 | 2026-08-27 12:49:10
     702 | 2026-08-27 12:48:11
     353 | 2026-08-27 12:47:12
       4 | 2026-08-27 12:46:13
     762 | 2026-08-27 12:42:31
     413 | 2026-08-27 12:41:32
      64 | 2026-08-27 12:40:33
     715 | 2026-08-27 12:39:34
     473 | 2026-08-27 12:35:52
     124 | 2026-08-27 12:34:53
     775 | 2026-08-27 12:33:54
     426 | 2026-08-27 12:32:55
     184 | 2026-08-27 12:29:13
     835 | 2026-08-27 12:28:14
     486 | 2026-08-27 12:27:15
     137 | 2026-08-27 12:26:16
     895 | 2026-08-27 12:22:34
     546 | 2026-08-27 12:21:35
     197 | 2026-08-27 12:20:36
     848 | 2026-08-27 12:19:37
     257 | 2026-08-27 12:14:56
     908 | 2026-08-27 12:13:57
     559 | 2026-08-27 12:12:58
     968 | 2026-08-27 12:08:17
     619 | 2026-08-27 12:07:18
     270 | 2026-08-27 12:06:19
     679 | 2026-08-27 12:01:38
     330 | 2026-08-27 12:00:39
     981 | 2026-08-27 11:59:40
     390 | 2026-08-27 11:54:59
      41 | 2026-08-27 11:54:00
     692 | 2026-08-27 11:53:01
     101 | 2026-08-27 11:48:20
     752 | 2026-08-27 11:47:21
     403 | 2026-08-27 11:46:22
     812 | 2026-08-27 11:41:41
     463 | 2026-08-27 11:40:42
     114 | 2026-08-27 11:39:43
     523 | 2026-08-27 11:35:02
     174 | 2026-08-27 11:34:03
     825 | 2026-08-27 11:33:04
     234 | 2026-08-27 11:28:23
     885 | 2026-08-27 11:27:24
     536 | 2026-08-27 11:26:25
     945 | 2026-08-27 11:21:44
     596 | 2026-08-27 11:20:45
     247 | 2026-08-27 11:19:46
     656 | 2026-08-27 11:15:05
     307 | 2026-08-27 11:14:06
     958 | 2026-08-27 11:13:07
     367 | 2026-08-27 11:08:26
      18 | 2026-08-27 11:07:27
     669 | 2026-08-27 11:06:28
      78 | 2026-08-27 11:01:47
     729 | 2026-08-27 11:00:48
     380 | 2026-08-27 10:59:49
     789 | 2026-08-27 10:55:08
     440 | 2026-08-27 10:54:09
      91 | 2026-08-27 10:53:10
     500 | 2026-08-27 10:48:29
     151 | 2026-08-27 10:47:30
     802 | 2026-08-27 10:46:31
     211 | 2026-08-27 10:41:50
     862 | 2026-08-27 10:40:51
     513 | 2026-08-27 10:39:52
     922 | 2026-08-27 10:35:11
     573 | 2026-08-27 10:34:12
     224 | 2026-08-27 10:33:13
     633 | 2026-08-27 10:28:32
     284 | 2026-08-27 10:27:33
     935 | 2026-08-27 10:26:34
     344 | 2026-08-27 10:21:53
     995 | 2026-08-27 10:20:54
     646 | 2026-08-27 10:19:55
     297 | 2026-08-27 10:18:56
      55 | 2026-08-27 10:15:14
     706 | 2026-08-27 10:14:15
     357 | 2026-08-27 10:13:16
       8 | 2026-08-27 10:12:17
     766 | 2026-08-27 10:08:35
     417 | 2026-08-27 10:07:36
      68 | 2026-08-27 10:06:37
     719 | 2026-08-27 10:05:38
     477 | 2026-08-27 10:01:56
     128 | 2026-08-27 10:00:57
     779 | 2026-08-27 09:59:58
     430 | 2026-08-27 09:58:59
     188 | 2026-08-27 09:55:17
     839 | 2026-08-27 09:54:18
     490 | 2026-08-27 09:53:19
     141 | 2026-08-27 09:52:20
     899 | 2026-08-27 09:48:38
     550 | 2026-08-27 09:47:39
     201 | 2026-08-27 09:46:40
     852 | 2026-08-27 09:45:41
     610 | 2026-08-27 09:41:59
     261 | 2026-08-27 09:41:00
     912 | 2026-08-27 09:40:01
     563 | 2026-08-27 09:39:02
     321 | 2026-08-27 09:35:20
     972 | 2026-08-27 09:34:21
     623 | 2026-08-27 09:33:22
     274 | 2026-08-27 09:32:23
      32 | 2026-08-27 09:28:41
     683 | 2026-08-27 09:27:42
     334 | 2026-08-27 09:26:43
     985 | 2026-08-27 09:25:44
     394 | 2026-08-27 09:21:03
      45 | 2026-08-27 09:20:04
     696 | 2026-08-27 09:19:05
     105 | 2026-08-27 09:14:24
     756 | 2026-08-27 09:13:25
     407 | 2026-08-27 09:12:26
     816 | 2026-08-27 09:07:45
     467 | 2026-08-27 09:06:46
     118 | 2026-08-27 09:05:47
     527 | 2026-08-27 09:01:06
     178 | 2026-08-27 09:00:07
     829 | 2026-08-27 08:59:08
     238 | 2026-08-27 08:54:27
     889 | 2026-08-27 08:53:28
     540 | 2026-08-27 08:52:29
     949 | 2026-08-27 08:47:48
     600 | 2026-08-27 08:46:49
     251 | 2026-08-27 08:45:50
     660 | 2026-08-27 08:41:09
     311 | 2026-08-27 08:40:10
     962 | 2026-08-27 08:39:11
     371 | 2026-08-27 08:34:30
      22 | 2026-08-27 08:33:31
     673 | 2026-08-27 08:32:32
      82 | 2026-08-27 08:27:51
     733 | 2026-08-27 08:26:52
     384 | 2026-08-27 08:25:53
     793 | 2026-08-27 08:21:12
     444 | 2026-08-27 08:20:13
      95 | 2026-08-27 08:19:14
     504 | 2026-08-27 08:14:33
     155 | 2026-08-27 08:13:34
     806 | 2026-08-27 08:12:35
     215 | 2026-08-27 08:07:54
     866 | 2026-08-27 08:06:55
     517 | 2026-08-27 08:05:56
     926 | 2026-08-27 08:01:15
     577 | 2026-08-27 08:00:16
     228 | 2026-08-27 07:59:17
     637 | 2026-08-27 07:54:36
     288 | 2026-08-27 07:53:37
     939 | 2026-08-27 07:52:38
     348 | 2026-08-27 07:47:57
     999 | 2026-08-27 07:46:58
     650 | 2026-08-27 07:45:59
      59 | 2026-08-27 07:41:18
     710 | 2026-08-27 07:40:19
     361 | 2026-08-27 07:39:20
     770 | 2026-08-27 07:34:39
     421 | 2026-08-27 07:33:40
      72 | 2026-08-27 07:32:41
     481 | 2026-08-27 07:28:00
     132 | 2026-08-27 07:27:01
     783 | 2026-08-27 07:26:02
     192 | 2026-08-27 07:21:21
     843 | 2026-08-27 07:20:22
     494 | 2026-08-27 07:19:23
     145 | 2026-08-27 07:18:24
     903 | 2026-08-27 07:14:42
     554 | 2026-08-27 07:13:43
     205 | 2026-08-27 07:12:44
     856 | 2026-08-27 07:11:45
     614 | 2026-08-27 07:08:03
     265 | 2026-08-27 07:07:04
     916 | 2026-08-27 07:06:05
     567 | 2026-08-27 07:05:06
     325 | 2026-08-27 07:01:24
     976 | 2026-08-27 07:00:25
     627 | 2026-08-27 06:59:26
     278 | 2026-08-27 06:58:27
      36 | 2026-08-27 06:54:45
     687 | 2026-08-27 06:53:46
     338 | 2026-08-27 06:52:47
     989 | 2026-08-27 06:51:48
     747 | 2026-08-27 06:48:06
     398 | 2026-08-27 06:47:07
      49 | 2026-08-27 06:46:08
     700 | 2026-08-27 06:45:09
     458 | 2026-08-27 06:41:27
     109 | 2026-08-27 06:40:28
     760 | 2026-08-27 06:39:29
     411 | 2026-08-27 06:38:30
     169 | 2026-08-27 06:34:48
     820 | 2026-08-27 06:33:49
     471 | 2026-08-27 06:32:50
     122 | 2026-08-27 06:31:51
     531 | 2026-08-27 06:27:10
     182 | 2026-08-27 06:26:11
     833 | 2026-08-27 06:25:12
     242 | 2026-08-27 06:20:31
     893 | 2026-08-27 06:19:32
     544 | 2026-08-27 06:18:33
     953 | 2026-08-27 06:13:52
     604 | 2026-08-27 06:12:53
     255 | 2026-08-27 06:11:54
     664 | 2026-08-27 06:07:13
     315 | 2026-08-27 06:06:14
     966 | 2026-08-27 06:05:15
     375 | 2026-08-27 06:00:34
      26 | 2026-08-27 05:59:35
     677 | 2026-08-27 05:58:36
      86 | 2026-08-27 05:53:55
     737 | 2026-08-27 05:52:56
     388 | 2026-08-27 05:51:57
     797 | 2026-08-27 05:47:16
     448 | 2026-08-27 05:46:17
      99 | 2026-08-27 05:45:18
     508 | 2026-08-27 05:40:37
     159 | 2026-08-27 05:39:38
     810 | 2026-08-27 05:38:39
     219 | 2026-08-27 05:33:58
     870 | 2026-08-27 05:32:59
     521 | 2026-08-27 05:32:00
     930 | 2026-08-27 05:27:19
     581 | 2026-08-27 05:26:20
     232 | 2026-08-27 05:25:21
     641 | 2026-08-27 05:20:40
     292 | 2026-08-27 05:19:41
     943 | 2026-08-27 05:18:42
     352 | 2026-08-27 05:14:01
       3 | 2026-08-27 05:13:02
     654 | 2026-08-27 05:12:03
      63 | 2026-08-27 05:07:22
     714 | 2026-08-27 05:06:23
     365 | 2026-08-27 05:05:24
     774 | 2026-08-27 05:00:43
     425 | 2026-08-27 04:59:44
      76 | 2026-08-27 04:58:45
     485 | 2026-08-27 04:54:04
     136 | 2026-08-27 04:53:05
     787 | 2026-08-27 04:52:06
     196 | 2026-08-27 04:47:25
     847 | 2026-08-27 04:46:26
     498 | 2026-08-27 04:45:27
     907 | 2026-08-27 04:40:46
     558 | 2026-08-27 04:39:47
     209 | 2026-08-27 04:38:48
     618 | 2026-08-27 04:34:07
     269 | 2026-08-27 04:33:08
     920 | 2026-08-27 04:32:09
     329 | 2026-08-27 04:27:28
     980 | 2026-08-27 04:26:29
     631 | 2026-08-27 04:25:30
     282 | 2026-08-27 04:24:31
      40 | 2026-08-27 04:20:49
     691 | 2026-08-27 04:19:50
     342 | 2026-08-27 04:18:51
     993 | 2026-08-27 04:17:52
     751 | 2026-08-27 04:14:10
     402 | 2026-08-27 04:13:11
      53 | 2026-08-27 04:12:12
     704 | 2026-08-27 04:11:13
     462 | 2026-08-27 04:07:31
     113 | 2026-08-27 04:06:32
     764 | 2026-08-27 04:05:33
     415 | 2026-08-27 04:04:34
     173 | 2026-08-27 04:00:52
     824 | 2026-08-27 03:59:53
     475 | 2026-08-27 03:58:54
     126 | 2026-08-27 03:57:55
     884 | 2026-08-27 03:54:13
     535 | 2026-08-27 03:53:14
     186 | 2026-08-27 03:52:15
     837 | 2026-08-27 03:51:16
     595 | 2026-08-27 03:47:34
     246 | 2026-08-27 03:46:35
     897 | 2026-08-27 03:45:36
     548 | 2026-08-27 03:44:37
     306 | 2026-08-27 03:40:55
     957 | 2026-08-27 03:39:56
     608 | 2026-08-27 03:38:57
     259 | 2026-08-27 03:37:58
     668 | 2026-08-27 03:33:17
     319 | 2026-08-27 03:32:18
     970 | 2026-08-27 03:31:19
     379 | 2026-08-27 03:26:38
      30 | 2026-08-27 03:25:39
     681 | 2026-08-27 03:24:40
      90 | 2026-08-27 03:19:59
     741 | 2026-08-27 03:19:00
     392 | 2026-08-27 03:18:01
     801 | 2026-08-27 03:13:20
     452 | 2026-08-27 03:12:21
     103 | 2026-08-27 03:11:22
     512 | 2026-08-27 03:06:41
     163 | 2026-08-27 03:05:42
     814 | 2026-08-27 03:04:43
     223 | 2026-08-27 03:00:02
     874 | 2026-08-27 02:59:03
     525 | 2026-08-27 02:58:04
     934 | 2026-08-27 02:53:23
     585 | 2026-08-27 02:52:24
     236 | 2026-08-27 02:51:25
     645 | 2026-08-27 02:46:44
     296 | 2026-08-27 02:45:45
     947 | 2026-08-27 02:44:46
     356 | 2026-08-27 02:40:05
       7 | 2026-08-27 02:39:06
     658 | 2026-08-27 02:38:07
      67 | 2026-08-27 02:33:26
     718 | 2026-08-27 02:32:27
     369 | 2026-08-27 02:31:28
     778 | 2026-08-27 02:26:47
     429 | 2026-08-27 02:25:48
      80 | 2026-08-27 02:24:49
     489 | 2026-08-27 02:20:08
     140 | 2026-08-27 02:19:09
     791 | 2026-08-27 02:18:10
     200 | 2026-08-27 02:13:29
     851 | 2026-08-27 02:12:30
     502 | 2026-08-27 02:11:31
     911 | 2026-08-27 02:06:50
     562 | 2026-08-27 02:05:51
     213 | 2026-08-27 02:04:52
     622 | 2026-08-27 02:00:11
     273 | 2026-08-27 01:59:12
     924 | 2026-08-27 01:58:13
     333 | 2026-08-27 01:53:32
     984 | 2026-08-27 01:52:33
     635 | 2026-08-27 01:51:34
      44 | 2026-08-27 01:46:53
     695 | 2026-08-27 01:45:54
     346 | 2026-08-27 01:44:55
     755 | 2026-08-27 01:40:14
     406 | 2026-08-27 01:39:15
      57 | 2026-08-27 01:38:16
     466 | 2026-08-27 01:33:35
     117 | 2026-08-27 01:32:36
     768 | 2026-08-27 01:31:37
     419 | 2026-08-27 01:30:38
     177 | 2026-08-27 01:26:56
     828 | 2026-08-27 01:25:57
     479 | 2026-08-27 01:24:58
     130 | 2026-08-27 01:23:59
     888 | 2026-08-27 01:20:17
     539 | 2026-08-27 01:19:18
     190 | 2026-08-27 01:18:19
     841 | 2026-08-27 01:17:20
     599 | 2026-08-27 01:13:38
     250 | 2026-08-27 01:12:39
     901 | 2026-08-27 01:11:40
     552 | 2026-08-27 01:10:41
     310 | 2026-08-27 01:06:59
     961 | 2026-08-27 01:06:00
     612 | 2026-08-27 01:05:01
     263 | 2026-08-27 01:04:02
      21 | 2026-08-27 01:00:20
     672 | 2026-08-27 00:59:21
     323 | 2026-08-27 00:58:22
     974 | 2026-08-27 00:57:23
     732 | 2026-08-27 00:53:41
     383 | 2026-08-27 00:52:42
      34 | 2026-08-27 00:51:43
     685 | 2026-08-27 00:50:44
     443 | 2026-08-27 00:47:02
      94 | 2026-08-27 00:46:03
     745 | 2026-08-27 00:45:04
     396 | 2026-08-27 00:44:05
     805 | 2026-08-27 00:39:24
     456 | 2026-08-27 00:38:25
     107 | 2026-08-27 00:37:26
     516 | 2026-08-27 00:32:45
     167 | 2026-08-27 00:31:46
     818 | 2026-08-27 00:30:47
     227 | 2026-08-27 00:26:06
     878 | 2026-08-27 00:25:07
     529 | 2026-08-27 00:24:08
     938 | 2026-08-27 00:19:27
     589 | 2026-08-27 00:18:28
     240 | 2026-08-27 00:17:29
     649 | 2026-08-27 00:12:48
     300 | 2026-08-27 00:11:49
     951 | 2026-08-27 00:10:50
     360 | 2026-08-27 00:06:09
      11 | 2026-08-27 00:05:10
     662 | 2026-08-27 00:04:11
      71 | 2026-08-26 23:59:30
     722 | 2026-08-26 23:58:31
     373 | 2026-08-26 23:57:32
     782 | 2026-08-26 23:52:51
     433 | 2026-08-26 23:51:52
      84 | 2026-08-26 23:50:53
     493 | 2026-08-26 23:46:12
     144 | 2026-08-26 23:45:13
     795 | 2026-08-26 23:44:14
     204 | 2026-08-26 23:39:33
     855 | 2026-08-26 23:38:34
     506 | 2026-08-26 23:37:35
     915 | 2026-08-26 23:32:54
     566 | 2026-08-26 23:31:55
     217 | 2026-08-26 23:30:56
     626 | 2026-08-26 23:26:15
     277 | 2026-08-26 23:25:16
     928 | 2026-08-26 23:24:17
     337 | 2026-08-26 23:19:36
     988 | 2026-08-26 23:18:37
     639 | 2026-08-26 23:17:38
      48 | 2026-08-26 23:12:57
     699 | 2026-08-26 23:11:58
     350 | 2026-08-26 23:10:59
     759 | 2026-08-26 23:06:18
     410 | 2026-08-26 23:05:19
      61 | 2026-08-26 23:04:20
     470 | 2026-08-26 22:59:39
     121 | 2026-08-26 22:58:40
     772 | 2026-08-26 22:57:41
     181 | 2026-08-26 22:53:00
     832 | 2026-08-26 22:52:01
     483 | 2026-08-26 22:51:02
     892 | 2026-08-26 22:46:21
     543 | 2026-08-26 22:45:22
     194 | 2026-08-26 22:44:23
     603 | 2026-08-26 22:39:42
     254 | 2026-08-26 22:38:43
     905 | 2026-08-26 22:37:44
     556 | 2026-08-26 22:36:45
     314 | 2026-08-26 22:33:03
     965 | 2026-08-26 22:32:04
     616 | 2026-08-26 22:31:05
     267 | 2026-08-26 22:30:06
      25 | 2026-08-26 22:26:24
     676 | 2026-08-26 22:25:25
     327 | 2026-08-26 22:24:26
     978 | 2026-08-26 22:23:27
     736 | 2026-08-26 22:19:45
     387 | 2026-08-26 22:18:46
      38 | 2026-08-26 22:17:47
     689 | 2026-08-26 22:16:48
     447 | 2026-08-26 22:13:06
      98 | 2026-08-26 22:12:07
     749 | 2026-08-26 22:11:08
     400 | 2026-08-26 22:10:09
     158 | 2026-08-26 22:06:27
     809 | 2026-08-26 22:05:28
     460 | 2026-08-26 22:04:29
     111 | 2026-08-26 22:03:30
     869 | 2026-08-26 21:59:48
     520 | 2026-08-26 21:58:49
     171 | 2026-08-26 21:57:50
     822 | 2026-08-26 21:56:51
     580 | 2026-08-26 21:53:09
     231 | 2026-08-26 21:52:10
     882 | 2026-08-26 21:51:11
     533 | 2026-08-26 21:50:12
     942 | 2026-08-26 21:45:31
     593 | 2026-08-26 21:44:32
     244 | 2026-08-26 21:43:33
     653 | 2026-08-26 21:38:52
     304 | 2026-08-26 21:37:53
     955 | 2026-08-26 21:36:54
     364 | 2026-08-26 21:32:13
      15 | 2026-08-26 21:31:14
     666 | 2026-08-26 21:30:15
      75 | 2026-08-26 21:25:34
     726 | 2026-08-26 21:24:35
     377 | 2026-08-26 21:23:36
     786 | 2026-08-26 21:18:55
     437 | 2026-08-26 21:17:56
      88 | 2026-08-26 21:16:57
     497 | 2026-08-26 21:12:16
     148 | 2026-08-26 21:11:17
     799 | 2026-08-26 21:10:18
     208 | 2026-08-26 21:05:37
     859 | 2026-08-26 21:04:38
     510 | 2026-08-26 21:03:39
     919 | 2026-08-26 20:58:58
     570 | 2026-08-26 20:57:59
     221 | 2026-08-26 20:57:00
     630 | 2026-08-26 20:52:19
     281 | 2026-08-26 20:51:20
     932 | 2026-08-26 20:50:21
     341 | 2026-08-26 20:45:40
     992 | 2026-08-26 20:44:41
     643 | 2026-08-26 20:43:42
      52 | 2026-08-26 20:39:01
     703 | 2026-08-26 20:38:02
     354 | 2026-08-26 20:37:03
     763 | 2026-08-26 20:32:22
     414 | 2026-08-26 20:31:23
      65 | 2026-08-26 20:30:24
     474 | 2026-08-26 20:25:43
     125 | 2026-08-26 20:24:44
     776 | 2026-08-26 20:23:45
     185 | 2026-08-26 20:19:04
     836 | 2026-08-26 20:18:05
     487 | 2026-08-26 20:17:06
     896 | 2026-08-26 20:12:25
     547 | 2026-08-26 20:11:26
     198 | 2026-08-26 20:10:27
     607 | 2026-08-26 20:05:46
     258 | 2026-08-26 20:04:47
     909 | 2026-08-26 20:03:48
     318 | 2026-08-26 19:59:07
     969 | 2026-08-26 19:58:08
     620 | 2026-08-26 19:57:09
      29 | 2026-08-26 19:52:28
     680 | 2026-08-26 19:51:29
     331 | 2026-08-26 19:50:30
     740 | 2026-08-26 19:45:49
     391 | 2026-08-26 19:44:50
      42 | 2026-08-26 19:43:51
     693 | 2026-08-26 19:42:52
     451 | 2026-08-26 19:39:10
     102 | 2026-08-26 19:38:11
     753 | 2026-08-26 19:37:12
     404 | 2026-08-26 19:36:13
     162 | 2026-08-26 19:32:31
     813 | 2026-08-26 19:31:32
     464 | 2026-08-26 19:30:33
     115 | 2026-08-26 19:29:34
     873 | 2026-08-26 19:25:52
     524 | 2026-08-26 19:24:53
     175 | 2026-08-26 19:23:54
     826 | 2026-08-26 19:22:55
     584 | 2026-08-26 19:19:13
     235 | 2026-08-26 19:18:14
     886 | 2026-08-26 19:17:15
     537 | 2026-08-26 19:16:16
     295 | 2026-08-26 19:12:34
     946 | 2026-08-26 19:11:35
     597 | 2026-08-26 19:10:36
     248 | 2026-08-26 19:09:37
       6 | 2026-08-26 19:05:55
     657 | 2026-08-26 19:04:56
     308 | 2026-08-26 19:03:57
     959 | 2026-08-26 19:02:58
     717 | 2026-08-26 18:59:16
     368 | 2026-08-26 18:58:17
      19 | 2026-08-26 18:57:18
     670 | 2026-08-26 18:56:19
      79 | 2026-08-26 18:51:38
     730 | 2026-08-26 18:50:39
     381 | 2026-08-26 18:49:40
     790 | 2026-08-26 18:44:59
     441 | 2026-08-26 18:44:00
      92 | 2026-08-26 18:43:01
     501 | 2026-08-26 18:38:20
     152 | 2026-08-26 18:37:21
     803 | 2026-08-26 18:36:22
     212 | 2026-08-26 18:31:41
     863 | 2026-08-26 18:30:42
     514 | 2026-08-26 18:29:43
     923 | 2026-08-26 18:25:02
     574 | 2026-08-26 18:24:03
     225 | 2026-08-26 18:23:04
     634 | 2026-08-26 18:18:23
     285 | 2026-08-26 18:17:24
     936 | 2026-08-26 18:16:25
     345 | 2026-08-26 18:11:44
     996 | 2026-08-26 18:10:45
     647 | 2026-08-26 18:09:46
      56 | 2026-08-26 18:05:05
     707 | 2026-08-26 18:04:06
     358 | 2026-08-26 18:03:07
     767 | 2026-08-26 17:58:26
     418 | 2026-08-26 17:57:27
      69 | 2026-08-26 17:56:28
     478 | 2026-08-26 17:51:47
     129 | 2026-08-26 17:50:48
     780 | 2026-08-26 17:49:49
     189 | 2026-08-26 17:45:08
     840 | 2026-08-26 17:44:09
     491 | 2026-08-26 17:43:10
     900 | 2026-08-26 17:38:29
     551 | 2026-08-26 17:37:30
     202 | 2026-08-26 17:36:31
     611 | 2026-08-26 17:31:50
     262 | 2026-08-26 17:30:51
     913 | 2026-08-26 17:29:52
     322 | 2026-08-26 17:25:11
     973 | 2026-08-26 17:24:12
     624 | 2026-08-26 17:23:13
      33 | 2026-08-26 17:18:32
     684 | 2026-08-26 17:17:33
     335 | 2026-08-26 17:16:34
     744 | 2026-08-26 17:11:53
     395 | 2026-08-26 17:10:54
      46 | 2026-08-26 17:09:55
     455 | 2026-08-26 17:05:14
     106 | 2026-08-26 17:04:15
     757 | 2026-08-26 17:03:16
     166 | 2026-08-26 16:58:35
     817 | 2026-08-26 16:57:36
     468 | 2026-08-26 16:56:37
     877 | 2026-08-26 16:51:56
     528 | 2026-08-26 16:50:57
     179 | 2026-08-26 16:49:58
     830 | 2026-08-26 16:48:59
     588 | 2026-08-26 16:45:17
     239 | 2026-08-26 16:44:18
     890 | 2026-08-26 16:43:19
     541 | 2026-08-26 16:42:20
     299 | 2026-08-26 16:38:38
     950 | 2026-08-26 16:37:39
     601 | 2026-08-26 16:36:40
     252 | 2026-08-26 16:35:41
      10 | 2026-08-26 16:31:59
     661 | 2026-08-26 16:31:00
     312 | 2026-08-26 16:30:01
     963 | 2026-08-26 16:29:02
     721 | 2026-08-26 16:25:20
     372 | 2026-08-26 16:24:21
      23 | 2026-08-26 16:23:22
     674 | 2026-08-26 16:22:23
     432 | 2026-08-26 16:18:41
      83 | 2026-08-26 16:17:42
     734 | 2026-08-26 16:16:43
     385 | 2026-08-26 16:15:44
     143 | 2026-08-26 16:12:02
     794 | 2026-08-26 16:11:03
     445 | 2026-08-26 16:10:04
      96 | 2026-08-26 16:09:05
     854 | 2026-08-26 16:05:23
     505 | 2026-08-26 16:04:24
     156 | 2026-08-26 16:03:25
     807 | 2026-08-26 16:02:26
     216 | 2026-08-26 15:57:45
     867 | 2026-08-26 15:56:46
     518 | 2026-08-26 15:55:47
     927 | 2026-08-26 15:51:06
     578 | 2026-08-26 15:50:07
     229 | 2026-08-26 15:49:08
     638 | 2026-08-26 15:44:27
     289 | 2026-08-26 15:43:28
     940 | 2026-08-26 15:42:29
     349 | 2026-08-26 15:37:48
    1000 | 2026-08-26 15:36:49
     651 | 2026-08-26 15:35:50
      60 | 2026-08-26 15:31:09
     711 | 2026-08-26 15:30:10
     362 | 2026-08-26 15:29:11
     771 | 2026-08-26 15:24:30
     422 | 2026-08-26 15:23:31
      73 | 2026-08-26 15:22:32
     482 | 2026-08-26 15:17:51
     133 | 2026-08-26 15:16:52
     784 | 2026-08-26 15:15:53
     193 | 2026-08-26 15:11:12
     844 | 2026-08-26 15:10:13
     495 | 2026-08-26 15:09:14
     904 | 2026-08-26 15:04:33
     555 | 2026-08-26 15:03:34
     206 | 2026-08-26 15:02:35
     615 | 2026-08-26 14:57:54
     266 | 2026-08-26 14:56:55
     917 | 2026-08-26 14:55:56
     326 | 2026-08-26 14:51:15
     977 | 2026-08-26 14:50:16
     628 | 2026-08-26 14:49:17
      37 | 2026-08-26 14:44:36
     688 | 2026-08-26 14:43:37
     339 | 2026-08-26 14:42:38
     748 | 2026-08-26 14:37:57
     399 | 2026-08-26 14:36:58
      50 | 2026-08-26 14:35:59
     459 | 2026-08-26 14:31:18
     110 | 2026-08-26 14:30:19
     761 | 2026-08-26 14:29:20
     170 | 2026-08-26 14:24:39
     821 | 2026-08-26 14:23:40
     472 | 2026-08-26 14:22:41
     881 | 2026-08-26 14:18:00
     532 | 2026-08-26 14:17:01
     183 | 2026-08-26 14:16:02
     592 | 2026-08-26 14:11:21
     243 | 2026-08-26 14:10:22
     894 | 2026-08-26 14:09:23
     303 | 2026-08-26 14:04:42
     954 | 2026-08-26 14:03:43
     605 | 2026-08-26 14:02:44
      14 | 2026-08-26 13:58:03
     665 | 2026-08-26 13:57:04
     316 | 2026-08-26 13:56:05
     967 | 2026-08-26 13:55:06
     725 | 2026-08-26 13:51:24
     376 | 2026-08-26 13:50:25
      27 | 2026-08-26 13:49:26
     678 | 2026-08-26 13:48:27
     436 | 2026-08-26 13:44:45
      87 | 2026-08-26 13:43:46
     738 | 2026-08-26 13:42:47
     389 | 2026-08-26 13:41:48
     147 | 2026-08-26 13:38:06
     798 | 2026-08-26 13:37:07
     449 | 2026-08-26 13:36:08
     100 | 2026-08-26 13:35:09
     858 | 2026-08-26 13:31:27
     509 | 2026-08-26 13:30:28
     160 | 2026-08-26 13:29:29
     811 | 2026-08-26 13:28:30
     569 | 2026-08-26 13:24:48
     220 | 2026-08-26 13:23:49
     871 | 2026-08-26 13:22:50
     522 | 2026-08-26 13:21:51
     280 | 2026-08-26 13:18:09
     931 | 2026-08-26 13:17:10
     582 | 2026-08-26 13:16:11
     233 | 2026-08-26 13:15:12
     991 | 2026-08-26 13:11:30
     642 | 2026-08-26 13:10:31
     293 | 2026-08-26 13:09:32
     944 | 2026-08-26 13:08:33
     353 | 2026-08-26 13:03:52
       4 | 2026-08-26 13:02:53
     655 | 2026-08-26 13:01:54
      64 | 2026-08-26 12:57:13
     715 | 2026-08-26 12:56:14
     366 | 2026-08-26 12:55:15
     775 | 2026-08-26 12:50:34
     426 | 2026-08-26 12:49:35
      77 | 2026-08-26 12:48:36
     486 | 2026-08-26 12:43:55
     137 | 2026-08-26 12:42:56
     788 | 2026-08-26 12:41:57
     197 | 2026-08-26 12:37:16
     848 | 2026-08-26 12:36:17
     499 | 2026-08-26 12:35:18
     908 | 2026-08-26 12:30:37
     559 | 2026-08-26 12:29:38
     210 | 2026-08-26 12:28:39
     619 | 2026-08-26 12:23:58
     270 | 2026-08-26 12:22:59
     921 | 2026-08-26 12:22:00
     330 | 2026-08-26 12:17:19
     981 | 2026-08-26 12:16:20
     632 | 2026-08-26 12:15:21
      41 | 2026-08-26 12:10:40
     692 | 2026-08-26 12:09:41
     343 | 2026-08-26 12:08:42
     752 | 2026-08-26 12:04:01
     403 | 2026-08-26 12:03:02
      54 | 2026-08-26 12:02:03
     463 | 2026-08-26 11:57:22
     114 | 2026-08-26 11:56:23
     765 | 2026-08-26 11:55:24
     174 | 2026-08-26 11:50:43
     825 | 2026-08-26 11:49:44
     476 | 2026-08-26 11:48:45
     885 | 2026-08-26 11:44:04
     536 | 2026-08-26 11:43:05
     187 | 2026-08-26 11:42:06
     596 | 2026-08-26 11:37:25
     247 | 2026-08-26 11:36:26
     898 | 2026-08-26 11:35:27
     307 | 2026-08-26 11:30:46
     958 | 2026-08-26 11:29:47
     609 | 2026-08-26 11:28:48
      18 | 2026-08-26 11:24:07
     669 | 2026-08-26 11:23:08
     320 | 2026-08-26 11:22:09
     729 | 2026-08-26 11:17:28
     380 | 2026-08-26 11:16:29
      31 | 2026-08-26 11:15:30
     440 | 2026-08-26 11:10:49
      91 | 2026-08-26 11:09:50
     742 | 2026-08-26 11:08:51
     151 | 2026-08-26 11:04:10
     802 | 2026-08-26 11:03:11
     453 | 2026-08-26 11:02:12
     104 | 2026-08-26 11:01:13
     862 | 2026-08-26 10:57:31
     513 | 2026-08-26 10:56:32
     164 | 2026-08-26 10:55:33
     815 | 2026-08-26 10:54:34
     573 | 2026-08-26 10:50:52
     224 | 2026-08-26 10:49:53
     875 | 2026-08-26 10:48:54
     526 | 2026-08-26 10:47:55
     284 | 2026-08-26 10:44:13
     935 | 2026-08-26 10:43:14
     586 | 2026-08-26 10:42:15
     237 | 2026-08-26 10:41:16
     995 | 2026-08-26 10:37:34
     646 | 2026-08-26 10:36:35
     297 | 2026-08-26 10:35:36
     948 | 2026-08-26 10:34:37
     706 | 2026-08-26 10:30:55
     357 | 2026-08-26 10:29:56
       8 | 2026-08-26 10:28:57
     659 | 2026-08-26 10:27:58
     417 | 2026-08-26 10:24:16
      68 | 2026-08-26 10:23:17
     719 | 2026-08-26 10:22:18
     370 | 2026-08-26 10:21:19
     128 | 2026-08-26 10:17:37
     779 | 2026-08-26 10:16:38
     430 | 2026-08-26 10:15:39
      81 | 2026-08-26 10:14:40
     839 | 2026-08-26 10:10:58
     490 | 2026-08-26 10:09:59
     141 | 2026-08-26 10:09:00
     792 | 2026-08-26 10:08:01
     201 | 2026-08-26 10:03:20
     852 | 2026-08-26 10:02:21
     503 | 2026-08-26 10:01:22
     912 | 2026-08-26 09:56:41
     563 | 2026-08-26 09:55:42
     214 | 2026-08-26 09:54:43
     623 | 2026-08-26 09:50:02
     274 | 2026-08-26 09:49:03
     925 | 2026-08-26 09:48:04
     334 | 2026-08-26 09:43:23
     985 | 2026-08-26 09:42:24
     636 | 2026-08-26 09:41:25
      45 | 2026-08-26 09:36:44
     696 | 2026-08-26 09:35:45
     347 | 2026-08-26 09:34:46
     756 | 2026-08-26 09:30:05
     407 | 2026-08-26 09:29:06
      58 | 2026-08-26 09:28:07
     467 | 2026-08-26 09:23:26
     118 | 2026-08-26 09:22:27
     769 | 2026-08-26 09:21:28
     178 | 2026-08-26 09:16:47
     829 | 2026-08-26 09:15:48
     480 | 2026-08-26 09:14:49
     889 | 2026-08-26 09:10:08
     540 | 2026-08-26 09:09:09
     191 | 2026-08-26 09:08:10
     600 | 2026-08-26 09:03:29
     251 | 2026-08-26 09:02:30
     902 | 2026-08-26 09:01:31
     311 | 2026-08-26 08:56:50
     962 | 2026-08-26 08:55:51
     613 | 2026-08-26 08:54:52
      22 | 2026-08-26 08:50:11
     673 | 2026-08-26 08:49:12
     324 | 2026-08-26 08:48:13
     733 | 2026-08-26 08:43:32
     384 | 2026-08-26 08:42:33
      35 | 2026-08-26 08:41:34
     444 | 2026-08-26 08:36:53
      95 | 2026-08-26 08:35:54
     746 | 2026-08-26 08:34:55
     155 | 2026-08-26 08:30:14
     806 | 2026-08-26 08:29:15
     457 | 2026-08-26 08:28:16
     866 | 2026-08-26 08:23:35
     517 | 2026-08-26 08:22:36
     168 | 2026-08-26 08:21:37
     577 | 2026-08-26 08:16:56
     228 | 2026-08-26 08:15:57
     879 | 2026-08-26 08:14:58
     288 | 2026-08-26 08:10:17
     939 | 2026-08-26 08:09:18
     590 | 2026-08-26 08:08:19
     241 | 2026-08-26 08:07:20
     999 | 2026-08-26 08:03:38
     650 | 2026-08-26 08:02:39
     301 | 2026-08-26 08:01:40
     952 | 2026-08-26 08:00:41
     710 | 2026-08-26 07:56:59
     361 | 2026-08-26 07:56:00
      12 | 2026-08-26 07:55:01
     663 | 2026-08-26 07:54:02
     421 | 2026-08-26 07:50:20
      72 | 2026-08-26 07:49:21
     723 | 2026-08-26 07:48:22
     374 | 2026-08-26 07:47:23
     132 | 2026-08-26 07:43:41
     783 | 2026-08-26 07:42:42
     434 | 2026-08-26 07:41:43
      85 | 2026-08-26 07:40:44
     843 | 2026-08-26 07:37:02
     494 | 2026-08-26 07:36:03
     145 | 2026-08-26 07:35:04
     796 | 2026-08-26 07:34:05
     554 | 2026-08-26 07:30:23
     205 | 2026-08-26 07:29:24
     856 | 2026-08-26 07:28:25
     507 | 2026-08-26 07:27:26
     265 | 2026-08-26 07:23:44
     916 | 2026-08-26 07:22:45
     567 | 2026-08-26 07:21:46
     218 | 2026-08-26 07:20:47
     976 | 2026-08-26 07:17:05
     627 | 2026-08-26 07:16:06
     278 | 2026-08-26 07:15:07
     929 | 2026-08-26 07:14:08
     338 | 2026-08-26 07:09:27
     989 | 2026-08-26 07:08:28
     640 | 2026-08-26 07:07:29
      49 | 2026-08-26 07:02:48
     700 | 2026-08-26 07:01:49
     351 | 2026-08-26 07:00:50
     760 | 2026-08-26 06:56:09
     411 | 2026-08-26 06:55:10
      62 | 2026-08-26 06:54:11
     471 | 2026-08-26 06:49:30
     122 | 2026-08-26 06:48:31
     773 | 2026-08-26 06:47:32
     182 | 2026-08-26 06:42:51
     833 | 2026-08-26 06:41:52
     484 | 2026-08-26 06:40:53
     893 | 2026-08-26 06:36:12
     544 | 2026-08-26 06:35:13
     195 | 2026-08-26 06:34:14
     604 | 2026-08-26 06:29:33
     255 | 2026-08-26 06:28:34
     906 | 2026-08-26 06:27:35
     315 | 2026-08-26 06:22:54
     966 | 2026-08-26 06:21:55
     617 | 2026-08-26 06:20:56
      26 | 2026-08-26 06:16:15
     677 | 2026-08-26 06:15:16
     328 | 2026-08-26 06:14:17
     737 | 2026-08-26 06:09:36
     388 | 2026-08-26 06:08:37
      39 | 2026-08-26 06:07:38
     448 | 2026-08-26 06:02:57
      99 | 2026-08-26 06:01:58
     750 | 2026-08-26 06:00:59
     159 | 2026-08-26 05:56:18
     810 | 2026-08-26 05:55:19
     461 | 2026-08-26 05:54:20
     870 | 2026-08-26 05:49:39
     521 | 2026-08-26 05:48:40
     172 | 2026-08-26 05:47:41
     581 | 2026-08-26 05:43:00
     232 | 2026-08-26 05:42:01
     883 | 2026-08-26 05:41:02
     292 | 2026-08-26 05:36:21
     943 | 2026-08-26 05:35:22
     594 | 2026-08-26 05:34:23
       3 | 2026-08-26 05:29:42
     654 | 2026-08-26 05:28:43
     305 | 2026-08-26 05:27:44
     714 | 2026-08-26 05:23:03
     365 | 2026-08-26 05:22:04
      16 | 2026-08-26 05:21:05
     425 | 2026-08-26 05:16:24
      76 | 2026-08-26 05:15:25
     727 | 2026-08-26 05:14:26
     378 | 2026-08-26 05:13:27
     136 | 2026-08-26 05:09:45
     787 | 2026-08-26 05:08:46
     438 | 2026-08-26 05:07:47
      89 | 2026-08-26 05:06:48
     847 | 2026-08-26 05:03:06
     498 | 2026-08-26 05:02:07
     149 | 2026-08-26 05:01:08
     800 | 2026-08-26 05:00:09
     558 | 2026-08-26 04:56:27
     209 | 2026-08-26 04:55:28
     860 | 2026-08-26 04:54:29
     511 | 2026-08-26 04:53:30
     269 | 2026-08-26 04:49:48
     920 | 2026-08-26 04:48:49
     571 | 2026-08-26 04:47:50
     222 | 2026-08-26 04:46:51
     980 | 2026-08-26 04:43:09
     631 | 2026-08-26 04:42:10
     282 | 2026-08-26 04:41:11
     933 | 2026-08-26 04:40:12
     691 | 2026-08-26 04:36:30
     342 | 2026-08-26 04:35:31
     993 | 2026-08-26 04:34:32
     644 | 2026-08-26 04:33:33
     402 | 2026-08-26 04:29:51
      53 | 2026-08-26 04:28:52
     704 | 2026-08-26 04:27:53
     355 | 2026-08-26 04:26:54
     113 | 2026-08-26 04:23:12
     764 | 2026-08-26 04:22:13
     415 | 2026-08-26 04:21:14
      66 | 2026-08-26 04:20:15
     475 | 2026-08-26 04:15:34
     126 | 2026-08-26 04:14:35
     777 | 2026-08-26 04:13:36
     186 | 2026-08-26 04:08:55
     837 | 2026-08-26 04:07:56
     488 | 2026-08-26 04:06:57
     897 | 2026-08-26 04:02:16
     548 | 2026-08-26 04:01:17
     199 | 2026-08-26 04:00:18
     608 | 2026-08-26 03:55:37
     259 | 2026-08-26 03:54:38
     910 | 2026-08-26 03:53:39
     319 | 2026-08-26 03:48:58
     970 | 2026-08-26 03:47:59
     621 | 2026-08-26 03:47:00
      30 | 2026-08-26 03:42:19
     681 | 2026-08-26 03:41:20
     332 | 2026-08-26 03:40:21
     741 | 2026-08-26 03:35:40
     392 | 2026-08-26 03:34:41
      43 | 2026-08-26 03:33:42
     452 | 2026-08-26 03:29:01
     103 | 2026-08-26 03:28:02
     754 | 2026-08-26 03:27:03
     163 | 2026-08-26 03:22:22
     814 | 2026-08-26 03:21:23
     465 | 2026-08-26 03:20:24
     874 | 2026-08-26 03:15:43
     525 | 2026-08-26 03:14:44
     176 | 2026-08-26 03:13:45
     585 | 2026-08-26 03:09:04
     236 | 2026-08-26 03:08:05
     887 | 2026-08-26 03:07:06
     296 | 2026-08-26 03:02:25
     947 | 2026-08-26 03:01:26
     598 | 2026-08-26 03:00:27
       7 | 2026-08-26 02:55:46
     658 | 2026-08-26 02:54:47
     309 | 2026-08-26 02:53:48
     718 | 2026-08-26 02:49:07
     369 | 2026-08-26 02:48:08
      20 | 2026-08-26 02:47:09
     429 | 2026-08-26 02:42:28
      80 | 2026-08-26 02:41:29
     731 | 2026-08-26 02:40:30
     140 | 2026-08-26 02:35:49
     791 | 2026-08-26 02:34:50
     442 | 2026-08-26 02:33:51
     851 | 2026-08-26 02:29:10
     502 | 2026-08-26 02:28:11
     153 | 2026-08-26 02:27:12
     562 | 2026-08-26 02:22:31
     213 | 2026-08-26 02:21:32
     864 | 2026-08-26 02:20:33
     273 | 2026-08-26 02:15:52
     924 | 2026-08-26 02:14:53
     575 | 2026-08-26 02:13:54
     226 | 2026-08-26 02:12:55
     984 | 2026-08-26 02:09:13
     635 | 2026-08-26 02:08:14
     286 | 2026-08-26 02:07:15
     937 | 2026-08-26 02:06:16
     695 | 2026-08-26 02:02:34
     346 | 2026-08-26 02:01:35
     997 | 2026-08-26 02:00:36
     648 | 2026-08-26 01:59:37
     406 | 2026-08-26 01:55:55
      57 | 2026-08-26 01:54:56
     708 | 2026-08-26 01:53:57
     359 | 2026-08-26 01:52:58
     117 | 2026-08-26 01:49:16
     768 | 2026-08-26 01:48:17
     419 | 2026-08-26 01:47:18
      70 | 2026-08-26 01:46:19
     828 | 2026-08-26 01:42:37
     479 | 2026-08-26 01:41:38
     130 | 2026-08-26 01:40:39
     781 | 2026-08-26 01:39:40
     539 | 2026-08-26 01:35:58
     190 | 2026-08-26 01:34:59
     841 | 2026-08-26 01:34:00
     492 | 2026-08-26 01:33:01
     250 | 2026-08-26 01:29:19
     901 | 2026-08-26 01:28:20
     552 | 2026-08-26 01:27:21
     203 | 2026-08-26 01:26:22
     612 | 2026-08-26 01:21:41
     263 | 2026-08-26 01:20:42
     914 | 2026-08-26 01:19:43
     323 | 2026-08-26 01:15:02
     974 | 2026-08-26 01:14:03
     625 | 2026-08-26 01:13:04
      34 | 2026-08-26 01:08:23
     685 | 2026-08-26 01:07:24
     336 | 2026-08-26 01:06:25
     745 | 2026-08-26 01:01:44
     396 | 2026-08-26 01:00:45
      47 | 2026-08-26 00:59:46
     456 | 2026-08-26 00:55:05
     107 | 2026-08-26 00:54:06
     758 | 2026-08-26 00:53:07
     167 | 2026-08-26 00:48:26
     818 | 2026-08-26 00:47:27
     469 | 2026-08-26 00:46:28
     878 | 2026-08-26 00:41:47
     529 | 2026-08-26 00:40:48
     180 | 2026-08-26 00:39:49
     589 | 2026-08-26 00:35:08
     240 | 2026-08-26 00:34:09
     891 | 2026-08-26 00:33:10
     300 | 2026-08-26 00:28:29
     951 | 2026-08-26 00:27:30
     602 | 2026-08-26 00:26:31
      11 | 2026-08-26 00:21:50
     662 | 2026-08-26 00:20:51
     313 | 2026-08-26 00:19:52
     722 | 2026-08-26 00:15:11
     373 | 2026-08-26 00:14:12
      24 | 2026-08-26 00:13:13
     433 | 2026-08-26 00:08:32
      84 | 2026-08-26 00:07:33
     735 | 2026-08-26 00:06:34
     144 | 2026-08-26 00:01:53
     795 | 2026-08-26 00:00:54
     446 | 2026-08-25 23:59:55
     855 | 2026-08-25 23:55:14
     506 | 2026-08-25 23:54:15
     157 | 2026-08-25 23:53:16
     566 | 2026-08-25 23:48:35
     217 | 2026-08-25 23:47:36
     868 | 2026-08-25 23:46:37
     277 | 2026-08-25 23:41:56
     928 | 2026-08-25 23:40:57
     579 | 2026-08-25 23:39:58
     988 | 2026-08-25 23:35:17
     639 | 2026-08-25 23:34:18
     290 | 2026-08-25 23:33:19
     699 | 2026-08-25 23:28:38
     350 | 2026-08-25 23:27:39
       1 | 2026-08-25 23:26:40
     410 | 2026-08-25 23:21:59
      61 | 2026-08-25 23:21:00
     712 | 2026-08-25 23:20:01
     363 | 2026-08-25 23:19:02
     121 | 2026-08-25 23:15:20
     772 | 2026-08-25 23:14:21
     423 | 2026-08-25 23:13:22
      74 | 2026-08-25 23:12:23
     832 | 2026-08-25 23:08:41
     483 | 2026-08-25 23:07:42
     134 | 2026-08-25 23:06:43
     785 | 2026-08-25 23:05:44
     543 | 2026-08-25 23:02:02
     194 | 2026-08-25 23:01:03
     845 | 2026-08-25 23:00:04
     496 | 2026-08-25 22:59:05
     254 | 2026-08-25 22:55:23
     905 | 2026-08-25 22:54:24
     556 | 2026-08-25 22:53:25
     207 | 2026-08-25 22:52:26
     965 | 2026-08-25 22:48:44
     616 | 2026-08-25 22:47:45
     267 | 2026-08-25 22:46:46
     918 | 2026-08-25 22:45:47
     676 | 2026-08-25 22:42:05
     327 | 2026-08-25 22:41:06
     978 | 2026-08-25 22:40:07
     629 | 2026-08-25 22:39:08
     387 | 2026-08-25 22:35:26
      38 | 2026-08-25 22:34:27
     689 | 2026-08-25 22:33:28
     340 | 2026-08-25 22:32:29
     749 | 2026-08-25 22:27:48
     400 | 2026-08-25 22:26:49
      51 | 2026-08-25 22:25:50
     460 | 2026-08-25 22:21:09
     111 | 2026-08-25 22:20:10
     762 | 2026-08-25 22:19:11
     171 | 2026-08-25 22:14:30
     822 | 2026-08-25 22:13:31
     473 | 2026-08-25 22:12:32
     882 | 2026-08-25 22:07:51
     533 | 2026-08-25 22:06:52
     184 | 2026-08-25 22:05:53
     593 | 2026-08-25 22:01:12
     244 | 2026-08-25 22:00:13
     895 | 2026-08-25 21:59:14
     304 | 2026-08-25 21:54:33
     955 | 2026-08-25 21:53:34
     606 | 2026-08-25 21:52:35
      15 | 2026-08-25 21:47:54
     666 | 2026-08-25 21:46:55
     317 | 2026-08-25 21:45:56
     726 | 2026-08-25 21:41:15
     377 | 2026-08-25 21:40:16
      28 | 2026-08-25 21:39:17
     437 | 2026-08-25 21:34:36
      88 | 2026-08-25 21:33:37
     739 | 2026-08-25 21:32:38
     148 | 2026-08-25 21:27:57
     799 | 2026-08-25 21:26:58
     450 | 2026-08-25 21:25:59
     859 | 2026-08-25 21:21:18
     510 | 2026-08-25 21:20:19
     161 | 2026-08-25 21:19:20
     570 | 2026-08-25 21:14:39
     221 | 2026-08-25 21:13:40
     872 | 2026-08-25 21:12:41
     281 | 2026-08-25 21:08:00
     932 | 2026-08-25 21:07:01
     583 | 2026-08-25 21:06:02
     992 | 2026-08-25 21:01:21
     643 | 2026-08-25 21:00:22
     294 | 2026-08-25 20:59:23
     703 | 2026-08-25 20:54:42
     354 | 2026-08-25 20:53:43
       5 | 2026-08-25 20:52:44
     414 | 2026-08-25 20:48:03
      65 | 2026-08-25 20:47:04
     716 | 2026-08-25 20:46:05
     125 | 2026-08-25 20:41:24
     776 | 2026-08-25 20:40:25
     427 | 2026-08-25 20:39:26
     836 | 2026-08-25 20:34:45
     487 | 2026-08-25 20:33:46
     138 | 2026-08-25 20:32:47
     547 | 2026-08-25 20:28:06
     198 | 2026-08-25 20:27:07
     849 | 2026-08-25 20:26:08
     500 | 2026-08-25 20:25:09
     258 | 2026-08-25 20:21:27
     909 | 2026-08-25 20:20:28
     560 | 2026-08-25 20:19:29
     211 | 2026-08-25 20:18:30
     969 | 2026-08-25 20:14:48
     620 | 2026-08-25 20:13:49
     271 | 2026-08-25 20:12:50
     922 | 2026-08-25 20:11:51
     680 | 2026-08-25 20:08:09
     331 | 2026-08-25 20:07:10
     982 | 2026-08-25 20:06:11
     633 | 2026-08-25 20:05:12
     391 | 2026-08-25 20:01:30
      42 | 2026-08-25 20:00:31
     693 | 2026-08-25 19:59:32
     344 | 2026-08-25 19:58:33
     102 | 2026-08-25 19:54:51
     753 | 2026-08-25 19:53:52
     404 | 2026-08-25 19:52:53
      55 | 2026-08-25 19:51:54
     813 | 2026-08-25 19:48:12
     464 | 2026-08-25 19:47:13
     115 | 2026-08-25 19:46:14
     766 | 2026-08-25 19:45:15
     524 | 2026-08-25 19:41:33
     175 | 2026-08-25 19:40:34
     826 | 2026-08-25 19:39:35
     477 | 2026-08-25 19:38:36
     886 | 2026-08-25 19:33:55
     537 | 2026-08-25 19:32:56
     188 | 2026-08-25 19:31:57
     597 | 2026-08-25 19:27:16
     248 | 2026-08-25 19:26:17
     899 | 2026-08-25 19:25:18
     308 | 2026-08-25 19:20:37
     959 | 2026-08-25 19:19:38
     610 | 2026-08-25 19:18:39
      19 | 2026-08-25 19:13:58
     670 | 2026-08-25 19:12:59
     321 | 2026-08-25 19:12:00
     730 | 2026-08-25 19:07:19
     381 | 2026-08-25 19:06:20
      32 | 2026-08-25 19:05:21
     441 | 2026-08-25 19:00:40
      92 | 2026-08-25 18:59:41
     743 | 2026-08-25 18:58:42
     152 | 2026-08-25 18:54:01
     803 | 2026-08-25 18:53:02
     454 | 2026-08-25 18:52:03
     863 | 2026-08-25 18:47:22
     514 | 2026-08-25 18:46:23
     165 | 2026-08-25 18:45:24
     574 | 2026-08-25 18:40:43
     225 | 2026-08-25 18:39:44
     876 | 2026-08-25 18:38:45
     285 | 2026-08-25 18:34:04
     936 | 2026-08-25 18:33:05
     587 | 2026-08-25 18:32:06
     996 | 2026-08-25 18:27:25
     647 | 2026-08-25 18:26:26
     298 | 2026-08-25 18:25:27
     707 | 2026-08-25 18:20:46
     358 | 2026-08-25 18:19:47
       9 | 2026-08-25 18:18:48
     418 | 2026-08-25 18:14:07
      69 | 2026-08-25 18:13:08
     720 | 2026-08-25 18:12:09
     129 | 2026-08-25 18:07:28
     780 | 2026-08-25 18:06:29
     431 | 2026-08-25 18:05:30
     840 | 2026-08-25 18:00:49
     491 | 2026-08-25 17:59:50
     142 | 2026-08-25 17:58:51
     551 | 2026-08-25 17:54:10
     202 | 2026-08-25 17:53:11
     853 | 2026-08-25 17:52:12
     262 | 2026-08-25 17:47:31
     913 | 2026-08-25 17:46:32
     564 | 2026-08-25 17:45:33
     973 | 2026-08-25 17:40:52
     624 | 2026-08-25 17:39:53
     275 | 2026-08-25 17:38:54
     684 | 2026-08-25 17:34:13
     335 | 2026-08-25 17:33:14
     986 | 2026-08-25 17:32:15
     637 | 2026-08-25 17:31:16
     395 | 2026-08-25 17:27:34
      46 | 2026-08-25 17:26:35
     697 | 2026-08-25 17:25:36
     348 | 2026-08-25 17:24:37
     106 | 2026-08-25 17:20:55
     757 | 2026-08-25 17:19:56
     408 | 2026-08-25 17:18:57
      59 | 2026-08-25 17:17:58
     817 | 2026-08-25 17:14:16
     468 | 2026-08-25 17:13:17
     119 | 2026-08-25 17:12:18
     770 | 2026-08-25 17:11:19
     528 | 2026-08-25 17:07:37
     179 | 2026-08-25 17:06:38
     830 | 2026-08-25 17:05:39
     481 | 2026-08-25 17:04:40
     239 | 2026-08-25 17:00:58
     890 | 2026-08-25 16:59:59
     541 | 2026-08-25 16:59:00
     192 | 2026-08-25 16:58:01
     950 | 2026-08-25 16:54:19
     601 | 2026-08-25 16:53:20
     252 | 2026-08-25 16:52:21
     903 | 2026-08-25 16:51:22
     661 | 2026-08-25 16:47:40
     312 | 2026-08-25 16:46:41
     963 | 2026-08-25 16:45:42
     614 | 2026-08-25 16:44:43
      23 | 2026-08-25 16:40:02
     674 | 2026-08-25 16:39:03
     325 | 2026-08-25 16:38:04
     734 | 2026-08-25 16:33:23
     385 | 2026-08-25 16:32:24
      36 | 2026-08-25 16:31:25
     445 | 2026-08-25 16:26:44
      96 | 2026-08-25 16:25:45
     747 | 2026-08-25 16:24:46
     156 | 2026-08-25 16:20:05
     807 | 2026-08-25 16:19:06
     458 | 2026-08-25 16:18:07
     867 | 2026-08-25 16:13:26
     518 | 2026-08-25 16:12:27
     169 | 2026-08-25 16:11:28
     578 | 2026-08-25 16:06:47
     229 | 2026-08-25 16:05:48
     880 | 2026-08-25 16:04:49
     289 | 2026-08-25 16:00:08
     940 | 2026-08-25 15:59:09
     591 | 2026-08-25 15:58:10
    1000 | 2026-08-25 15:53:29
     651 | 2026-08-25 15:52:30
     302 | 2026-08-25 15:51:31
     711 | 2026-08-25 15:46:50
     362 | 2026-08-25 15:45:51
      13 | 2026-08-25 15:44:52
     422 | 2026-08-25 15:40:11
      73 | 2026-08-25 15:39:12
     724 | 2026-08-25 15:38:13
     133 | 2026-08-25 15:33:32
     784 | 2026-08-25 15:32:33
     435 | 2026-08-25 15:31:34
     844 | 2026-08-25 15:26:53
     495 | 2026-08-25 15:25:54
     146 | 2026-08-25 15:24:55
     555 | 2026-08-25 15:20:14
     206 | 2026-08-25 15:19:15
     857 | 2026-08-25 15:18:16
     266 | 2026-08-25 15:13:35
     917 | 2026-08-25 15:12:36
     568 | 2026-08-25 15:11:37
     977 | 2026-08-25 15:06:56
     628 | 2026-08-25 15:05:57
     279 | 2026-08-25 15:04:58
     688 | 2026-08-25 15:00:17
     339 | 2026-08-25 14:59:18
     990 | 2026-08-25 14:58:19
     399 | 2026-08-25 14:53:38
      50 | 2026-08-25 14:52:39
     701 | 2026-08-25 14:51:40
     110 | 2026-08-25 14:46:59
     761 | 2026-08-25 14:46:00
     412 | 2026-08-25 14:45:01
     821 | 2026-08-25 14:40:20
     472 | 2026-08-25 14:39:21
     123 | 2026-08-25 14:38:22
     774 | 2026-08-25 14:37:23
     532 | 2026-08-25 14:33:41
     183 | 2026-08-25 14:32:42
     834 | 2026-08-25 14:31:43
     485 | 2026-08-25 14:30:44
     243 | 2026-08-25 14:27:02
     894 | 2026-08-25 14:26:03
     545 | 2026-08-25 14:25:04
     196 | 2026-08-25 14:24:05
     954 | 2026-08-25 14:20:23
     605 | 2026-08-25 14:19:24
     256 | 2026-08-25 14:18:25
     907 | 2026-08-25 14:17:26
     665 | 2026-08-25 14:13:44
     316 | 2026-08-25 14:12:45
     967 | 2026-08-25 14:11:46
     618 | 2026-08-25 14:10:47
     376 | 2026-08-25 14:07:05
      27 | 2026-08-25 14:06:06
     678 | 2026-08-25 14:05:07
     329 | 2026-08-25 14:04:08
      87 | 2026-08-25 14:00:26
     738 | 2026-08-25 13:59:27
     389 | 2026-08-25 13:58:28
      40 | 2026-08-25 13:57:29
     798 | 2026-08-25 13:53:47
     449 | 2026-08-25 13:52:48
     100 | 2026-08-25 13:51:49
     751 | 2026-08-25 13:50:50
     160 | 2026-08-25 13:46:09
     811 | 2026-08-25 13:45:10
     462 | 2026-08-25 13:44:11
     871 | 2026-08-25 13:39:30
     522 | 2026-08-25 13:38:31
     173 | 2026-08-25 13:37:32
     582 | 2026-08-25 13:32:51
     233 | 2026-08-25 13:31:52
     884 | 2026-08-25 13:30:53
     293 | 2026-08-25 13:26:12
     944 | 2026-08-25 13:25:13
     595 | 2026-08-25 13:24:14
       4 | 2026-08-25 13:19:33
     655 | 2026-08-25 13:18:34
     306 | 2026-08-25 13:17:35
     715 | 2026-08-25 13:12:54
     366 | 2026-08-25 13:11:55
      17 | 2026-08-25 13:10:56
     426 | 2026-08-25 13:06:15
      77 | 2026-08-25 13:05:16
     728 | 2026-08-25 13:04:17
     137 | 2026-08-25 12:59:36
     788 | 2026-08-25 12:58:37
     439 | 2026-08-25 12:57:38
     848 | 2026-08-25 12:52:57
     499 | 2026-08-25 12:51:58
     150 | 2026-08-25 12:50:59
     559 | 2026-08-25 12:46:18
     210 | 2026-08-25 12:45:19
     861 | 2026-08-25 12:44:20
     270 | 2026-08-25 12:39:39
     921 | 2026-08-25 12:38:40
     572 | 2026-08-25 12:37:41
     981 | 2026-08-25 12:33:00
     632 | 2026-08-25 12:32:01
     283 | 2026-08-25 12:31:02
     692 | 2026-08-25 12:26:21
     343 | 2026-08-25 12:25:22
     994 | 2026-08-25 12:24:23
     403 | 2026-08-25 12:19:42
      54 | 2026-08-25 12:18:43
     705 | 2026-08-25 12:17:44
     114 | 2026-08-25 12:13:03
     765 | 2026-08-25 12:12:04
     416 | 2026-08-25 12:11:05
     825 | 2026-08-25 12:06:24
     476 | 2026-08-25 12:05:25
     127 | 2026-08-25 12:04:26
     536 | 2026-08-25 11:59:45
     187 | 2026-08-25 11:58:46
     838 | 2026-08-25 11:57:47
     247 | 2026-08-25 11:53:06
     898 | 2026-08-25 11:52:07
     549 | 2026-08-25 11:51:08
     958 | 2026-08-25 11:46:27
     609 | 2026-08-25 11:45:28
     260 | 2026-08-25 11:44:29
     911 | 2026-08-25 11:43:30
     669 | 2026-08-25 11:39:48
     320 | 2026-08-25 11:38:49
     971 | 2026-08-25 11:37:50
     622 | 2026-08-25 11:36:51
     380 | 2026-08-25 11:33:09
      31 | 2026-08-25 11:32:10
     682 | 2026-08-25 11:31:11
     333 | 2026-08-25 11:30:12
      91 | 2026-08-25 11:26:30
     742 | 2026-08-25 11:25:31
     393 | 2026-08-25 11:24:32
      44 | 2026-08-25 11:23:33
     802 | 2026-08-25 11:19:51
     453 | 2026-08-25 11:18:52
     104 | 2026-08-25 11:17:53
     755 | 2026-08-25 11:16:54
     513 | 2026-08-25 11:13:12
     164 | 2026-08-25 11:12:13
     815 | 2026-08-25 11:11:14
     466 | 2026-08-25 11:10:15
     224 | 2026-08-25 11:06:33
     875 | 2026-08-25 11:05:34
     526 | 2026-08-25 11:04:35
     177 | 2026-08-25 11:03:36
     935 | 2026-08-25 10:59:54
     586 | 2026-08-25 10:58:55
     237 | 2026-08-25 10:57:56
     888 | 2026-08-25 10:56:57
     297 | 2026-08-25 10:52:16
     948 | 2026-08-25 10:51:17
     599 | 2026-08-25 10:50:18
       8 | 2026-08-25 10:45:37
     659 | 2026-08-25 10:44:38
     310 | 2026-08-25 10:43:39
     719 | 2026-08-25 10:38:58
     370 | 2026-08-25 10:37:59
      21 | 2026-08-25 10:37:00
     430 | 2026-08-25 10:32:19
      81 | 2026-08-25 10:31:20
     732 | 2026-08-25 10:30:21
     141 | 2026-08-25 10:25:40
     792 | 2026-08-25 10:24:41
     443 | 2026-08-25 10:23:42
     852 | 2026-08-25 10:19:01
     503 | 2026-08-25 10:18:02
     154 | 2026-08-25 10:17:03
     563 | 2026-08-25 10:12:22
     214 | 2026-08-25 10:11:23
     865 | 2026-08-25 10:10:24
     274 | 2026-08-25 10:05:43
     925 | 2026-08-25 10:04:44
     576 | 2026-08-25 10:03:45
     985 | 2026-08-25 09:59:04
     636 | 2026-08-25 09:58:05
     287 | 2026-08-25 09:57:06
     696 | 2026-08-25 09:52:25
     347 | 2026-08-25 09:51:26
     998 | 2026-08-25 09:50:27
     407 | 2026-08-25 09:45:46
      58 | 2026-08-25 09:44:47
     709 | 2026-08-25 09:43:48
     118 | 2026-08-25 09:39:07
     769 | 2026-08-25 09:38:08
     420 | 2026-08-25 09:37:09
     829 | 2026-08-25 09:32:28
     480 | 2026-08-25 09:31:29
     131 | 2026-08-25 09:30:30
     540 | 2026-08-25 09:25:49
     191 | 2026-08-25 09:24:50
     842 | 2026-08-25 09:23:51
     251 | 2026-08-25 09:19:10
     902 | 2026-08-25 09:18:11
     553 | 2026-08-25 09:17:12
     962 | 2026-08-25 09:12:31
     613 | 2026-08-25 09:11:32
     264 | 2026-08-25 09:10:33
     673 | 2026-08-25 09:05:52
     324 | 2026-08-25 09:04:53
     975 | 2026-08-25 09:03:54
     384 | 2026-08-25 08:59:13
      35 | 2026-08-25 08:58:14
     686 | 2026-08-25 08:57:15
      95 | 2026-08-25 08:52:34
     746 | 2026-08-25 08:51:35
     397 | 2026-08-25 08:50:36
      48 | 2026-08-25 08:49:37
     806 | 2026-08-25 08:45:55
     457 | 2026-08-25 08:44:56
     108 | 2026-08-25 08:43:57
     759 | 2026-08-25 08:42:58
     517 | 2026-08-25 08:39:16
     168 | 2026-08-25 08:38:17
     819 | 2026-08-25 08:37:18
     470 | 2026-08-25 08:36:19
     228 | 2026-08-25 08:32:37
     879 | 2026-08-25 08:31:38
     530 | 2026-08-25 08:30:39
     181 | 2026-08-25 08:29:40
     939 | 2026-08-25 08:25:58
     590 | 2026-08-25 08:24:59
     241 | 2026-08-25 08:24:00
     892 | 2026-08-25 08:23:01
     650 | 2026-08-25 08:19:19
     301 | 2026-08-25 08:18:20
     952 | 2026-08-25 08:17:21
     603 | 2026-08-25 08:16:22
     361 | 2026-08-25 08:12:40
      12 | 2026-08-25 08:11:41
     663 | 2026-08-25 08:10:42
     314 | 2026-08-25 08:09:43
      72 | 2026-08-25 08:06:01
     723 | 2026-08-25 08:05:02
     374 | 2026-08-25 08:04:03
      25 | 2026-08-25 08:03:04
     434 | 2026-08-25 07:58:23
      85 | 2026-08-25 07:57:24
     736 | 2026-08-25 07:56:25
     145 | 2026-08-25 07:51:44
     796 | 2026-08-25 07:50:45
     447 | 2026-08-25 07:49:46
     856 | 2026-08-25 07:45:05
     507 | 2026-08-25 07:44:06
     158 | 2026-08-25 07:43:07
     567 | 2026-08-25 07:38:26
     218 | 2026-08-25 07:37:27
     869 | 2026-08-25 07:36:28
     278 | 2026-08-25 07:31:47
     929 | 2026-08-25 07:30:48
     580 | 2026-08-25 07:29:49
     989 | 2026-08-25 07:25:08
     640 | 2026-08-25 07:24:09
     291 | 2026-08-25 07:23:10
     700 | 2026-08-25 07:18:29
     351 | 2026-08-25 07:17:30
       2 | 2026-08-25 07:16:31
     411 | 2026-08-25 07:11:50
      62 | 2026-08-25 07:10:51
     713 | 2026-08-25 07:09:52
     122 | 2026-08-25 07:05:11
     773 | 2026-08-25 07:04:12
     424 | 2026-08-25 07:03:13
     833 | 2026-08-25 06:58:32
     484 | 2026-08-25 06:57:33
     135 | 2026-08-25 06:56:34
     544 | 2026-08-25 06:51:53
     195 | 2026-08-25 06:50:54
     846 | 2026-08-25 06:49:55
     255 | 2026-08-25 06:45:14
     906 | 2026-08-25 06:44:15
     557 | 2026-08-25 06:43:16
     966 | 2026-08-25 06:38:35
     617 | 2026-08-25 06:37:36
     268 | 2026-08-25 06:36:37
     677 | 2026-08-25 06:31:56
     328 | 2026-08-25 06:30:57
     979 | 2026-08-25 06:29:58
     388 | 2026-08-25 06:25:17
      39 | 2026-08-25 06:24:18
     690 | 2026-08-25 06:23:19
      99 | 2026-08-25 06:18:38
     750 | 2026-08-25 06:17:39
     401 | 2026-08-25 06:16:40
     810 | 2026-08-25 06:11:59
     461 | 2026-08-25 06:11:00
     112 | 2026-08-25 06:10:01
     521 | 2026-08-25 06:05:20
     172 | 2026-08-25 06:04:21
     823 | 2026-08-25 06:03:22
     232 | 2026-08-25 05:58:41
     883 | 2026-08-25 05:57:42
     534 | 2026-08-25 05:56:43
     185 | 2026-08-25 05:55:44
     943 | 2026-08-25 05:52:02
     594 | 2026-08-25 05:51:03
     245 | 2026-08-25 05:50:04
     896 | 2026-08-25 05:49:05
     654 | 2026-08-25 05:45:23
     305 | 2026-08-25 05:44:24
     956 | 2026-08-25 05:43:25
     607 | 2026-08-25 05:42:26
     365 | 2026-08-25 05:38:44
      16 | 2026-08-25 05:37:45
     667 | 2026-08-25 05:36:46
     318 | 2026-08-25 05:35:47
      76 | 2026-08-25 05:32:05
     727 | 2026-08-25 05:31:06
     378 | 2026-08-25 05:30:07
      29 | 2026-08-25 05:29:08
     787 | 2026-08-25 05:25:26
     438 | 2026-08-25 05:24:27
      89 | 2026-08-25 05:23:28
     740 | 2026-08-25 05:22:29
     498 | 2026-08-25 05:18:47
     149 | 2026-08-25 05:17:48
     800 | 2026-08-25 05:16:49
     451 | 2026-08-25 05:15:50
     209 | 2026-08-25 05:12:08
     860 | 2026-08-25 05:11:09
     511 | 2026-08-25 05:10:10
     162 | 2026-08-25 05:09:11
     920 | 2026-08-25 05:05:29
     571 | 2026-08-25 05:04:30
     222 | 2026-08-25 05:03:31
     873 | 2026-08-25 05:02:32
     282 | 2026-08-25 04:57:51
     933 | 2026-08-25 04:56:52
     584 | 2026-08-25 04:55:53
     993 | 2026-08-25 04:51:12
     644 | 2026-08-25 04:50:13
     295 | 2026-08-25 04:49:14
     704 | 2026-08-25 04:44:33
     355 | 2026-08-25 04:43:34
       6 | 2026-08-25 04:42:35
     415 | 2026-08-25 04:37:54
      66 | 2026-08-25 04:36:55
     717 | 2026-08-25 04:35:56
     126 | 2026-08-25 04:31:15
     777 | 2026-08-25 04:30:16
     428 | 2026-08-25 04:29:17
     837 | 2026-08-25 04:24:36
     488 | 2026-08-25 04:23:37
     139 | 2026-08-25 04:22:38
     548 | 2026-08-25 04:17:57
     199 | 2026-08-25 04:16:58
     850 | 2026-08-25 04:15:59
     259 | 2026-08-25 04:11:18
     910 | 2026-08-25 04:10:19
     561 | 2026-08-25 04:09:20
     970 | 2026-08-25 04:04:39
     621 | 2026-08-25 04:03:40
     272 | 2026-08-25 04:02:41
     681 | 2026-08-25 03:58:00
     332 | 2026-08-25 03:57:01
     983 | 2026-08-25 03:56:02
     392 | 2026-08-25 03:51:21
      43 | 2026-08-25 03:50:22
     694 | 2026-08-25 03:49:23
     103 | 2026-08-25 03:44:42
     754 | 2026-08-25 03:43:43
     405 | 2026-08-25 03:42:44
     814 | 2026-08-25 03:38:03
     465 | 2026-08-25 03:37:04
     116 | 2026-08-25 03:36:05
     525 | 2026-08-25 03:31:24
     176 | 2026-08-25 03:30:25
     827 | 2026-08-25 03:29:26
     236 | 2026-08-25 03:24:45
     887 | 2026-08-25 03:23:46
     538 | 2026-08-25 03:22:47
     947 | 2026-08-25 03:18:06
     598 | 2026-08-25 03:17:07
     249 | 2026-08-25 03:16:08
     658 | 2026-08-25 03:11:27
     309 | 2026-08-25 03:10:28
     960 | 2026-08-25 03:09:29
     369 | 2026-08-25 03:04:48
      20 | 2026-08-25 03:03:49
     671 | 2026-08-25 03:02:50
     322 | 2026-08-25 03:01:51
      80 | 2026-08-25 02:58:09
     731 | 2026-08-25 02:57:10
     382 | 2026-08-25 02:56:11
      33 | 2026-08-25 02:55:12
     791 | 2026-08-25 02:51:30
     442 | 2026-08-25 02:50:31
      93 | 2026-08-25 02:49:32
     744 | 2026-08-25 02:48:33
     502 | 2026-08-25 02:44:51
     153 | 2026-08-25 02:43:52
     804 | 2026-08-25 02:42:53
     455 | 2026-08-25 02:41:54
     213 | 2026-08-25 02:38:12
     864 | 2026-08-25 02:37:13
     515 | 2026-08-25 02:36:14
     166 | 2026-08-25 02:35:15
     924 | 2026-08-25 02:31:33
     575 | 2026-08-25 02:30:34
     226 | 2026-08-25 02:29:35
     877 | 2026-08-25 02:28:36
     635 | 2026-08-25 02:24:54
     286 | 2026-08-25 02:23:55
     937 | 2026-08-25 02:22:56
     588 | 2026-08-25 02:21:57
     346 | 2026-08-25 02:18:15
     997 | 2026-08-25 02:17:16
     648 | 2026-08-25 02:16:17
     299 | 2026-08-25 02:15:18
      57 | 2026-08-25 02:11:36
     708 | 2026-08-25 02:10:37
     359 | 2026-08-25 02:09:38
      10 | 2026-08-25 02:08:39
     419 | 2026-08-25 02:03:58
      70 | 2026-08-25 02:02:59
     721 | 2026-08-25 02:02:00
     130 | 2026-08-25 01:57:19
     781 | 2026-08-25 01:56:20
     432 | 2026-08-25 01:55:21
     841 | 2026-08-25 01:50:40
     492 | 2026-08-25 01:49:41
     143 | 2026-08-25 01:48:42
     552 | 2026-08-25 01:44:01
     203 | 2026-08-25 01:43:02
     854 | 2026-08-25 01:42:03
     263 | 2026-08-25 01:37:22
     914 | 2026-08-25 01:36:23
     565 | 2026-08-25 01:35:24
     974 | 2026-08-25 01:30:43
     625 | 2026-08-25 01:29:44
     276 | 2026-08-25 01:28:45
     685 | 2026-08-25 01:24:04
     336 | 2026-08-25 01:23:05
     987 | 2026-08-25 01:22:06
     396 | 2026-08-25 01:17:25
      47 | 2026-08-25 01:16:26
     698 | 2026-08-25 01:15:27
     107 | 2026-08-25 01:10:46
     758 | 2026-08-25 01:09:47
     409 | 2026-08-25 01:08:48
     818 | 2026-08-25 01:04:07
     469 | 2026-08-25 01:03:08
     120 | 2026-08-25 01:02:09
     529 | 2026-08-25 00:57:28
     180 | 2026-08-25 00:56:29
     831 | 2026-08-25 00:55:30
     240 | 2026-08-25 00:50:49
     891 | 2026-08-25 00:49:50
     542 | 2026-08-25 00:48:51
     951 | 2026-08-25 00:44:10
     602 | 2026-08-25 00:43:11
     253 | 2026-08-25 00:42:12
     662 | 2026-08-25 00:37:31
     313 | 2026-08-25 00:36:32
     964 | 2026-08-25 00:35:33
     373 | 2026-08-25 00:30:52
      24 | 2026-08-25 00:29:53
     675 | 2026-08-25 00:28:54
      84 | 2026-08-25 00:24:13
     735 | 2026-08-25 00:23:14
     386 | 2026-08-25 00:22:15
     795 | 2026-08-25 00:17:34
     446 | 2026-08-25 00:16:35
      97 | 2026-08-25 00:15:36
     506 | 2026-08-25 00:10:55
     157 | 2026-08-25 00:09:56
     808 | 2026-08-25 00:08:57
     459 | 2026-08-25 00:07:58
     217 | 2026-08-25 00:04:16
     868 | 2026-08-25 00:03:17
     519 | 2026-08-25 00:02:18
     170 | 2026-08-25 00:01:19
     928 | 2026-08-24 23:57:37
     579 | 2026-08-24 23:56:38
     230 | 2026-08-24 23:55:39
     881 | 2026-08-24 23:54:40
     639 | 2026-08-24 23:50:58
     290 | 2026-08-24 23:49:59
     941 | 2026-08-24 23:49:00
     592 | 2026-08-24 23:48:01
     350 | 2026-08-24 23:44:19
       1 | 2026-08-24 23:43:20
     652 | 2026-08-24 23:42:21
     303 | 2026-08-24 23:41:22
      61 | 2026-08-24 23:37:40
     712 | 2026-08-24 23:36:41
     363 | 2026-08-24 23:35:42
      14 | 2026-08-24 23:34:43
     772 | 2026-08-24 23:31:01
     423 | 2026-08-24 23:30:02
      74 | 2026-08-24 23:29:03
     725 | 2026-08-24 23:28:04
     483 | 2026-08-24 23:24:22
     134 | 2026-08-24 23:23:23
     785 | 2026-08-24 23:22:24
     436 | 2026-08-24 23:21:25
     194 | 2026-08-24 23:17:43
     845 | 2026-08-24 23:16:44
     496 | 2026-08-24 23:15:45
     147 | 2026-08-24 23:14:46
     556 | 2026-08-24 23:10:05
     207 | 2026-08-24 23:09:06
     858 | 2026-08-24 23:08:07
     267 | 2026-08-24 23:03:26
     918 | 2026-08-24 23:02:27
     569 | 2026-08-24 23:01:28
     978 | 2026-08-24 22:56:47
     629 | 2026-08-24 22:55:48
     280 | 2026-08-24 22:54:49
     689 | 2026-08-24 22:50:08
     340 | 2026-08-24 22:49:09
     991 | 2026-08-24 22:48:10
     400 | 2026-08-24 22:43:29
      51 | 2026-08-24 22:42:30
     702 | 2026-08-24 22:41:31
     111 | 2026-08-24 22:36:50
     762 | 2026-08-24 22:35:51
     413 | 2026-08-24 22:34:52
     822 | 2026-08-24 22:30:11
     473 | 2026-08-24 22:29:12
     124 | 2026-08-24 22:28:13
     533 | 2026-08-24 22:23:32
     184 | 2026-08-24 22:22:33
     835 | 2026-08-24 22:21:34
     244 | 2026-08-24 22:16:53
     895 | 2026-08-24 22:15:54
     546 | 2026-08-24 22:14:55
     955 | 2026-08-24 22:10:14
     606 | 2026-08-24 22:09:15
     257 | 2026-08-24 22:08:16
     666 | 2026-08-24 22:03:35
     317 | 2026-08-24 22:02:36
     968 | 2026-08-24 22:01:37
     377 | 2026-08-24 21:56:56
      28 | 2026-08-24 21:55:57
     679 | 2026-08-24 21:54:58
      88 | 2026-08-24 21:50:17
     739 | 2026-08-24 21:49:18
     390 | 2026-08-24 21:48:19
     799 | 2026-08-24 21:43:38
     450 | 2026-08-24 21:42:39
     101 | 2026-08-24 21:41:40
     510 | 2026-08-24 21:36:59
     161 | 2026-08-24 21:36:00
     812 | 2026-08-24 21:35:01
     221 | 2026-08-24 21:30:20
     872 | 2026-08-24 21:29:21
     523 | 2026-08-24 21:28:22
     932 | 2026-08-24 21:23:41
     583 | 2026-08-24 21:22:42
     234 | 2026-08-24 21:21:43
     643 | 2026-08-24 21:17:02
     294 | 2026-08-24 21:16:03
     945 | 2026-08-24 21:15:04
     354 | 2026-08-24 21:10:23
       5 | 2026-08-24 21:09:24
     656 | 2026-08-24 21:08:25
     307 | 2026-08-24 21:07:26
      65 | 2026-08-24 21:03:44
     716 | 2026-08-24 21:02:45
     367 | 2026-08-24 21:01:46
      18 | 2026-08-24 21:00:47
     776 | 2026-08-24 20:57:05
     427 | 2026-08-24 20:56:06
      78 | 2026-08-24 20:55:07
     729 | 2026-08-24 20:54:08
     487 | 2026-08-24 20:50:26
     138 | 2026-08-24 20:49:27
     789 | 2026-08-24 20:48:28
     440 | 2026-08-24 20:47:29
     198 | 2026-08-24 20:43:47
     849 | 2026-08-24 20:42:48
     500 | 2026-08-24 20:41:49
     151 | 2026-08-24 20:40:50
     909 | 2026-08-24 20:37:08
     560 | 2026-08-24 20:36:09
     211 | 2026-08-24 20:35:10
     862 | 2026-08-24 20:34:11
     620 | 2026-08-24 20:30:29
     271 | 2026-08-24 20:29:30
     922 | 2026-08-24 20:28:31
     573 | 2026-08-24 20:27:32
     331 | 2026-08-24 20:23:50
     982 | 2026-08-24 20:22:51
     633 | 2026-08-24 20:21:52
     284 | 2026-08-24 20:20:53
     693 | 2026-08-24 20:16:12
     344 | 2026-08-24 20:15:13
     995 | 2026-08-24 20:14:14
     404 | 2026-08-24 20:09:33
      55 | 2026-08-24 20:08:34
     706 | 2026-08-24 20:07:35
     115 | 2026-08-24 20:02:54
     766 | 2026-08-24 20:01:55
     417 | 2026-08-24 20:00:56
     826 | 2026-08-24 19:56:15
     477 | 2026-08-24 19:55:16
     128 | 2026-08-24 19:54:17
     537 | 2026-08-24 19:49:36
     188 | 2026-08-24 19:48:37
     839 | 2026-08-24 19:47:38
     248 | 2026-08-24 19:42:57
     899 | 2026-08-24 19:41:58
     550 | 2026-08-24 19:40:59
     959 | 2026-08-24 19:36:18
     610 | 2026-08-24 19:35:19
     261 | 2026-08-24 19:34:20
     670 | 2026-08-24 19:29:39
     321 | 2026-08-24 19:28:40
     972 | 2026-08-24 19:27:41
     381 | 2026-08-24 19:23:00
      32 | 2026-08-24 19:22:01
     683 | 2026-08-24 19:21:02
      92 | 2026-08-24 19:16:21
     743 | 2026-08-24 19:15:22
     394 | 2026-08-24 19:14:23
     803 | 2026-08-24 19:09:42
     454 | 2026-08-24 19:08:43
     105 | 2026-08-24 19:07:44
     514 | 2026-08-24 19:03:03
     165 | 2026-08-24 19:02:04
     816 | 2026-08-24 19:01:05
     225 | 2026-08-24 18:56:24
     876 | 2026-08-24 18:55:25
     527 | 2026-08-24 18:54:26
     936 | 2026-08-24 18:49:45
     587 | 2026-08-24 18:48:46
     238 | 2026-08-24 18:47:47
     647 | 2026-08-24 18:43:06
     298 | 2026-08-24 18:42:07
     949 | 2026-08-24 18:41:08
     358 | 2026-08-24 18:36:27
       9 | 2026-08-24 18:35:28
     660 | 2026-08-24 18:34:29
      69 | 2026-08-24 18:29:48
     720 | 2026-08-24 18:28:49
     371 | 2026-08-24 18:27:50
     780 | 2026-08-24 18:23:09
     431 | 2026-08-24 18:22:10
      82 | 2026-08-24 18:21:11
     491 | 2026-08-24 18:16:30
     142 | 2026-08-24 18:15:31
     793 | 2026-08-24 18:14:32
     444 | 2026-08-24 18:13:33
     202 | 2026-08-24 18:09:51
     853 | 2026-08-24 18:08:52
     504 | 2026-08-24 18:07:53
     155 | 2026-08-24 18:06:54
     913 | 2026-08-24 18:03:12
     564 | 2026-08-24 18:02:13
     215 | 2026-08-24 18:01:14
     866 | 2026-08-24 18:00:15
     624 | 2026-08-24 17:56:33
     275 | 2026-08-24 17:55:34
     926 | 2026-08-24 17:54:35
     577 | 2026-08-24 17:53:36
     335 | 2026-08-24 17:49:54
     986 | 2026-08-24 17:48:55
     637 | 2026-08-24 17:47:56
     288 | 2026-08-24 17:46:57
      46 | 2026-08-24 17:43:15
     697 | 2026-08-24 17:42:16
     348 | 2026-08-24 17:41:17
     999 | 2026-08-24 17:40:18
     757 | 2026-08-24 17:36:36
     408 | 2026-08-24 17:35:37
      59 | 2026-08-24 17:34:38
     710 | 2026-08-24 17:33:39
     468 | 2026-08-24 17:29:57
     119 | 2026-08-24 17:28:58
     770 | 2026-08-24 17:27:59
     421 | 2026-08-24 17:27:00
     830 | 2026-08-24 17:22:19
     481 | 2026-08-24 17:21:20
     132 | 2026-08-24 17:20:21
     541 | 2026-08-24 17:15:40
     192 | 2026-08-24 17:14:41
     843 | 2026-08-24 17:13:42
     252 | 2026-08-24 17:09:01
     903 | 2026-08-24 17:08:02
     554 | 2026-08-24 17:07:03
     963 | 2026-08-24 17:02:22
     614 | 2026-08-24 17:01:23
     265 | 2026-08-24 17:00:24
     674 | 2026-08-24 16:55:43
     325 | 2026-08-24 16:54:44
     976 | 2026-08-24 16:53:45
     385 | 2026-08-24 16:49:04
      36 | 2026-08-24 16:48:05
     687 | 2026-08-24 16:47:06
      96 | 2026-08-24 16:42:25
     747 | 2026-08-24 16:41:26
     398 | 2026-08-24 16:40:27
     807 | 2026-08-24 16:35:46
     458 | 2026-08-24 16:34:47
     109 | 2026-08-24 16:33:48
     518 | 2026-08-24 16:29:07
     169 | 2026-08-24 16:28:08
     820 | 2026-08-24 16:27:09
     229 | 2026-08-24 16:22:28
     880 | 2026-08-24 16:21:29
     531 | 2026-08-24 16:20:30
     940 | 2026-08-24 16:15:49
     591 | 2026-08-24 16:14:50
     242 | 2026-08-24 16:13:51
     651 | 2026-08-24 16:09:10
     302 | 2026-08-24 16:08:11
     953 | 2026-08-24 16:07:12
     362 | 2026-08-24 16:02:31
      13 | 2026-08-24 16:01:32
     664 | 2026-08-24 16:00:33
      73 | 2026-08-24 15:55:52
     724 | 2026-08-24 15:54:53
     375 | 2026-08-24 15:53:54
     784 | 2026-08-24 15:49:13
     435 | 2026-08-24 15:48:14
      86 | 2026-08-24 15:47:15
     495 | 2026-08-24 15:42:34
     146 | 2026-08-24 15:41:35
     797 | 2026-08-24 15:40:36
     206 | 2026-08-24 15:35:55
     857 | 2026-08-24 15:34:56
     508 | 2026-08-24 15:33:57
     917 | 2026-08-24 15:29:16
     568 | 2026-08-24 15:28:17
     219 | 2026-08-24 15:27:18
     628 | 2026-08-24 15:22:37
     279 | 2026-08-24 15:21:38
     930 | 2026-08-24 15:20:39
     581 | 2026-08-24 15:19:40
     339 | 2026-08-24 15:15:58
     990 | 2026-08-24 15:14:59
     641 | 2026-08-24 15:14:00
     292 | 2026-08-24 15:13:01
      50 | 2026-08-24 15:09:19
     701 | 2026-08-24 15:08:20
     352 | 2026-08-24 15:07:21
       3 | 2026-08-24 15:06:22
     761 | 2026-08-24 15:02:40
     412 | 2026-08-24 15:01:41
      63 | 2026-08-24 15:00:42
     714 | 2026-08-24 14:59:43
     472 | 2026-08-24 14:56:01
     123 | 2026-08-24 14:55:02
     774 | 2026-08-24 14:54:03
     425 | 2026-08-24 14:53:04
     183 | 2026-08-24 14:49:22
     834 | 2026-08-24 14:48:23
     485 | 2026-08-24 14:47:24
     136 | 2026-08-24 14:46:25
     894 | 2026-08-24 14:42:43
     545 | 2026-08-24 14:41:44
     196 | 2026-08-24 14:40:45
     847 | 2026-08-24 14:39:46
     605 | 2026-08-24 14:36:04
     256 | 2026-08-24 14:35:05
     907 | 2026-08-24 14:34:06
     558 | 2026-08-24 14:33:07
     967 | 2026-08-24 14:28:26
     618 | 2026-08-24 14:27:27
     269 | 2026-08-24 14:26:28
     678 | 2026-08-24 14:21:47
     329 | 2026-08-24 14:20:48
     980 | 2026-08-24 14:19:49
     389 | 2026-08-24 14:15:08
      40 | 2026-08-24 14:14:09
     691 | 2026-08-24 14:13:10
     100 | 2026-08-24 14:08:29
     751 | 2026-08-24 14:07:30
     402 | 2026-08-24 14:06:31
     811 | 2026-08-24 14:01:50
     462 | 2026-08-24 14:00:51
     113 | 2026-08-24 13:59:52
     522 | 2026-08-24 13:55:11
     173 | 2026-08-24 13:54:12
     824 | 2026-08-24 13:53:13
     233 | 2026-08-24 13:48:32
     884 | 2026-08-24 13:47:33
     535 | 2026-08-24 13:46:34
     944 | 2026-08-24 13:41:53
     595 | 2026-08-24 13:40:54
     246 | 2026-08-24 13:39:55
     655 | 2026-08-24 13:35:14
     306 | 2026-08-24 13:34:15
     957 | 2026-08-24 13:33:16
     366 | 2026-08-24 13:28:35
      17 | 2026-08-24 13:27:36
     668 | 2026-08-24 13:26:37
      77 | 2026-08-24 13:21:56
     728 | 2026-08-24 13:20:57
     379 | 2026-08-24 13:19:58
     788 | 2026-08-24 13:15:17
     439 | 2026-08-24 13:14:18
      90 | 2026-08-24 13:13:19
     499 | 2026-08-24 13:08:38
     150 | 2026-08-24 13:07:39
     801 | 2026-08-24 13:06:40
     210 | 2026-08-24 13:01:59
     861 | 2026-08-24 13:01:00
     512 | 2026-08-24 13:00:01
     921 | 2026-08-24 12:55:20
     572 | 2026-08-24 12:54:21
     223 | 2026-08-24 12:53:22
     632 | 2026-08-24 12:48:41
     283 | 2026-08-24 12:47:42
     934 | 2026-08-24 12:46:43
     343 | 2026-08-24 12:42:02
     994 | 2026-08-24 12:41:03
     645 | 2026-08-24 12:40:04
      54 | 2026-08-24 12:35:23
     705 | 2026-08-24 12:34:24
     356 | 2026-08-24 12:33:25
     765 | 2026-08-24 12:28:44
     416 | 2026-08-24 12:27:45
      67 | 2026-08-24 12:26:46
     718 | 2026-08-24 12:25:47
     476 | 2026-08-24 12:22:05
     127 | 2026-08-24 12:21:06
     778 | 2026-08-24 12:20:07
     429 | 2026-08-24 12:19:08
     187 | 2026-08-24 12:15:26
     838 | 2026-08-24 12:14:27
     489 | 2026-08-24 12:13:28
     140 | 2026-08-24 12:12:29
     898 | 2026-08-24 12:08:47
     549 | 2026-08-24 12:07:48
     200 | 2026-08-24 12:06:49
     851 | 2026-08-24 12:05:50
     609 | 2026-08-24 12:02:08
     260 | 2026-08-24 12:01:09
     911 | 2026-08-24 12:00:10
     562 | 2026-08-24 11:59:11
     320 | 2026-08-24 11:55:29
     971 | 2026-08-24 11:54:30
     622 | 2026-08-24 11:53:31
     273 | 2026-08-24 11:52:32
      31 | 2026-08-24 11:48:50
     682 | 2026-08-24 11:47:51
     333 | 2026-08-24 11:46:52
     984 | 2026-08-24 11:45:53
     742 | 2026-08-24 11:42:11
     393 | 2026-08-24 11:41:12
      44 | 2026-08-24 11:40:13
     695 | 2026-08-24 11:39:14
     104 | 2026-08-24 11:34:33
     755 | 2026-08-24 11:33:34
     406 | 2026-08-24 11:32:35
     815 | 2026-08-24 11:27:54
     466 | 2026-08-24 11:26:55
     117 | 2026-08-24 11:25:56
     526 | 2026-08-24 11:21:15
     177 | 2026-08-24 11:20:16
     828 | 2026-08-24 11:19:17
     237 | 2026-08-24 11:14:36
     888 | 2026-08-24 11:13:37
     539 | 2026-08-24 11:12:38
     948 | 2026-08-24 11:07:57
     599 | 2026-08-24 11:06:58
     250 | 2026-08-24 11:05:59
     659 | 2026-08-24 11:01:18
     310 | 2026-08-24 11:00:19
     961 | 2026-08-24 10:59:20
     370 | 2026-08-24 10:54:39
      21 | 2026-08-24 10:53:40
     672 | 2026-08-24 10:52:41
      81 | 2026-08-24 10:48:00
     732 | 2026-08-24 10:47:01
     383 | 2026-08-24 10:46:02
     792 | 2026-08-24 10:41:21
     443 | 2026-08-24 10:40:22
      94 | 2026-08-24 10:39:23
     503 | 2026-08-24 10:34:42
     154 | 2026-08-24 10:33:43
     805 | 2026-08-24 10:32:44
     214 | 2026-08-24 10:28:03
     865 | 2026-08-24 10:27:04
     516 | 2026-08-24 10:26:05
     925 | 2026-08-24 10:21:24
     576 | 2026-08-24 10:20:25
     227 | 2026-08-24 10:19:26
     636 | 2026-08-24 10:14:45
     287 | 2026-08-24 10:13:46
     938 | 2026-08-24 10:12:47
     347 | 2026-08-24 10:08:06
     998 | 2026-08-24 10:07:07
     649 | 2026-08-24 10:06:08
      58 | 2026-08-24 10:01:27
     709 | 2026-08-24 10:00:28
     360 | 2026-08-24 09:59:29
     769 | 2026-08-24 09:54:48
     420 | 2026-08-24 09:53:49
      71 | 2026-08-24 09:52:50
     480 | 2026-08-24 09:48:09
     131 | 2026-08-24 09:47:10
     782 | 2026-08-24 09:46:11
     191 | 2026-08-24 09:41:30
     842 | 2026-08-24 09:40:31
     493 | 2026-08-24 09:39:32
     902 | 2026-08-24 09:34:51
     553 | 2026-08-24 09:33:52
     204 | 2026-08-24 09:32:53
     855 | 2026-08-24 09:31:54
     613 | 2026-08-24 09:28:12
     264 | 2026-08-24 09:27:13
     915 | 2026-08-24 09:26:14
     566 | 2026-08-24 09:25:15
     324 | 2026-08-24 09:21:33
     975 | 2026-08-24 09:20:34
     626 | 2026-08-24 09:19:35
     277 | 2026-08-24 09:18:36
      35 | 2026-08-24 09:14:54
     686 | 2026-08-24 09:13:55
     337 | 2026-08-24 09:12:56
     988 | 2026-08-24 09:11:57
     746 | 2026-08-24 09:08:15
     397 | 2026-08-24 09:07:16
      48 | 2026-08-24 09:06:17
     699 | 2026-08-24 09:05:18
     457 | 2026-08-24 09:01:36
     108 | 2026-08-24 09:00:37
     759 | 2026-08-24 08:59:38
     410 | 2026-08-24 08:58:39
     168 | 2026-08-24 08:54:57
     819 | 2026-08-24 08:53:58
     470 | 2026-08-24 08:52:59
     121 | 2026-08-24 08:52:00
     879 | 2026-08-24 08:48:18
     530 | 2026-08-24 08:47:19
     181 | 2026-08-24 08:46:20
     832 | 2026-08-24 08:45:21
     241 | 2026-08-24 08:40:40
     892 | 2026-08-24 08:39:41
     543 | 2026-08-24 08:38:42
     952 | 2026-08-24 08:34:01
     603 | 2026-08-24 08:33:02
     254 | 2026-08-24 08:32:03
     663 | 2026-08-24 08:27:22
     314 | 2026-08-24 08:26:23
     965 | 2026-08-24 08:25:24
     374 | 2026-08-24 08:20:43
      25 | 2026-08-24 08:19:44
     676 | 2026-08-24 08:18:45
      85 | 2026-08-24 08:14:04
     736 | 2026-08-24 08:13:05
     387 | 2026-08-24 08:12:06
     796 | 2026-08-24 08:07:25
     447 | 2026-08-24 08:06:26
      98 | 2026-08-24 08:05:27
     507 | 2026-08-24 08:00:46
     158 | 2026-08-24 07:59:47
     809 | 2026-08-24 07:58:48
     218 | 2026-08-24 07:54:07
     869 | 2026-08-24 07:53:08
     520 | 2026-08-24 07:52:09
     929 | 2026-08-24 07:47:28
     580 | 2026-08-24 07:46:29
     231 | 2026-08-24 07:45:30
     640 | 2026-08-24 07:40:49
     291 | 2026-08-24 07:39:50
     942 | 2026-08-24 07:38:51
     351 | 2026-08-24 07:34:10
       2 | 2026-08-24 07:33:11
     653 | 2026-08-24 07:32:12
      62 | 2026-08-24 07:27:31
     713 | 2026-08-24 07:26:32
     364 | 2026-08-24 07:25:33
     773 | 2026-08-24 07:20:52
     424 | 2026-08-24 07:19:53
      75 | 2026-08-24 07:18:54
     484 | 2026-08-24 07:14:13
     135 | 2026-08-24 07:13:14
     786 | 2026-08-24 07:12:15
     195 | 2026-08-24 07:07:34
     846 | 2026-08-24 07:06:35
     497 | 2026-08-24 07:05:36
     906 | 2026-08-24 07:00:55
     557 | 2026-08-24 06:59:56
     208 | 2026-08-24 06:58:57
     617 | 2026-08-24 06:54:16
     268 | 2026-08-24 06:53:17
     919 | 2026-08-24 06:52:18
     328 | 2026-08-24 06:47:37
     979 | 2026-08-24 06:46:38
     630 | 2026-08-24 06:45:39
      39 | 2026-08-24 06:40:58
     690 | 2026-08-24 06:39:59
     341 | 2026-08-24 06:39:00
     992 | 2026-08-24 06:38:01
     750 | 2026-08-24 06:34:19
     401 | 2026-08-24 06:33:20
      52 | 2026-08-24 06:32:21
     703 | 2026-08-24 06:31:22
     461 | 2026-08-24 06:27:40
     112 | 2026-08-24 06:26:41
     763 | 2026-08-24 06:25:42
     414 | 2026-08-24 06:24:43
     172 | 2026-08-24 06:21:01
     823 | 2026-08-24 06:20:02
     474 | 2026-08-24 06:19:03
     125 | 2026-08-24 06:18:04
     883 | 2026-08-24 06:14:22
     534 | 2026-08-24 06:13:23
     185 | 2026-08-24 06:12:24
     836 | 2026-08-24 06:11:25
     594 | 2026-08-24 06:07:43
     245 | 2026-08-24 06:06:44
     896 | 2026-08-24 06:05:45
     547 | 2026-08-24 06:04:46
     305 | 2026-08-24 06:01:04
     956 | 2026-08-24 06:00:05
     607 | 2026-08-24 05:59:06
     258 | 2026-08-24 05:58:07
      16 | 2026-08-24 05:54:25
     667 | 2026-08-24 05:53:26
     318 | 2026-08-24 05:52:27
     969 | 2026-08-24 05:51:28
     378 | 2026-08-24 05:46:47
      29 | 2026-08-24 05:45:48
     680 | 2026-08-24 05:44:49
      89 | 2026-08-24 05:40:08
     740 | 2026-08-24 05:39:09
     391 | 2026-08-24 05:38:10
     800 | 2026-08-24 05:33:29
     451 | 2026-08-24 05:32:30
     102 | 2026-08-24 05:31:31
     511 | 2026-08-24 05:26:50
     162 | 2026-08-24 05:25:51
     813 | 2026-08-24 05:24:52
     222 | 2026-08-24 05:20:11
     873 | 2026-08-24 05:19:12
     524 | 2026-08-24 05:18:13
     933 | 2026-08-24 05:13:32
     584 | 2026-08-24 05:12:33
     235 | 2026-08-24 05:11:34
     644 | 2026-08-24 05:06:53
     295 | 2026-08-24 05:05:54
     946 | 2026-08-24 05:04:55
     355 | 2026-08-24 05:00:14
       6 | 2026-08-24 04:59:15
     657 | 2026-08-24 04:58:16
      66 | 2026-08-24 04:53:35
     717 | 2026-08-24 04:52:36
     368 | 2026-08-24 04:51:37
     777 | 2026-08-24 04:46:56
     428 | 2026-08-24 04:45:57
      79 | 2026-08-24 04:44:58
     488 | 2026-08-24 04:40:17
     139 | 2026-08-24 04:39:18
     790 | 2026-08-24 04:38:19
     199 | 2026-08-24 04:33:38
     850 | 2026-08-24 04:32:39
     501 | 2026-08-24 04:31:40
     910 | 2026-08-24 04:26:59
     561 | 2026-08-24 04:26:00
     212 | 2026-08-24 04:25:01
     621 | 2026-08-24 04:20:20
     272 | 2026-08-24 04:19:21
     923 | 2026-08-24 04:18:22
     332 | 2026-08-24 04:13:41
     983 | 2026-08-24 04:12:42
     634 | 2026-08-24 04:11:43
      43 | 2026-08-24 04:07:02
     694 | 2026-08-24 04:06:03
     345 | 2026-08-24 04:05:04
     754 | 2026-08-24 04:00:23
     405 | 2026-08-24 03:59:24
      56 | 2026-08-24 03:58:25
     465 | 2026-08-24 03:53:44
     116 | 2026-08-24 03:52:45
     767 | 2026-08-24 03:51:46
     176 | 2026-08-24 03:47:05
     827 | 2026-08-24 03:46:06
     478 | 2026-08-24 03:45:07
     129 | 2026-08-24 03:44:08
     887 | 2026-08-24 03:40:26
     538 | 2026-08-24 03:39:27
     189 | 2026-08-24 03:38:28
     840 | 2026-08-24 03:37:29
     598 | 2026-08-24 03:33:47
     249 | 2026-08-24 03:32:48
     900 | 2026-08-24 03:31:49
     551 | 2026-08-24 03:30:50
     309 | 2026-08-24 03:27:08
     960 | 2026-08-24 03:26:09
     611 | 2026-08-24 03:25:10
     262 | 2026-08-24 03:24:11
      20 | 2026-08-24 03:20:29
     671 | 2026-08-24 03:19:30
     322 | 2026-08-24 03:18:31
     973 | 2026-08-24 03:17:32
     731 | 2026-08-24 03:13:50
     382 | 2026-08-24 03:12:51
      33 | 2026-08-24 03:11:52
     684 | 2026-08-24 03:10:53
     442 | 2026-08-24 03:07:11
      93 | 2026-08-24 03:06:12
     744 | 2026-08-24 03:05:13
     395 | 2026-08-24 03:04:14
     153 | 2026-08-24 03:00:32
     804 | 2026-08-24 02:59:33
     455 | 2026-08-24 02:58:34
     106 | 2026-08-24 02:57:35
     515 | 2026-08-24 02:52:54
     166 | 2026-08-24 02:51:55
     817 | 2026-08-24 02:50:56
     226 | 2026-08-24 02:46:15
     877 | 2026-08-24 02:45:16
     528 | 2026-08-24 02:44:17
     937 | 2026-08-24 02:39:36
     588 | 2026-08-24 02:38:37
     239 | 2026-08-24 02:37:38
     648 | 2026-08-24 02:32:57
     299 | 2026-08-24 02:31:58
     950 | 2026-08-24 02:30:59
     359 | 2026-08-24 02:26:18
      10 | 2026-08-24 02:25:19
     661 | 2026-08-24 02:24:20
      70 | 2026-08-24 02:19:39
     721 | 2026-08-24 02:18:40
     372 | 2026-08-24 02:17:41
     781 | 2026-08-24 02:13:00
     432 | 2026-08-24 02:12:01
      83 | 2026-08-24 02:11:02
     492 | 2026-08-24 02:06:21
     143 | 2026-08-24 02:05:22
     794 | 2026-08-24 02:04:23
     203 | 2026-08-24 01:59:42
     854 | 2026-08-24 01:58:43
     505 | 2026-08-24 01:57:44
     914 | 2026-08-24 01:53:03
     565 | 2026-08-24 01:52:04
     216 | 2026-08-24 01:51:05
     625 | 2026-08-24 01:46:24
     276 | 2026-08-24 01:45:25
     927 | 2026-08-24 01:44:26
     336 | 2026-08-24 01:39:45
     987 | 2026-08-24 01:38:46
     638 | 2026-08-24 01:37:47
      47 | 2026-08-24 01:33:06
     698 | 2026-08-24 01:32:07
     349 | 2026-08-24 01:31:08
     758 | 2026-08-24 01:26:27
     409 | 2026-08-24 01:25:28
      60 | 2026-08-24 01:24:29
     469 | 2026-08-24 01:19:48
     120 | 2026-08-24 01:18:49
     771 | 2026-08-24 01:17:50
     180 | 2026-08-24 01:13:09
     831 | 2026-08-24 01:12:10
     482 | 2026-08-24 01:11:11
     891 | 2026-08-24 01:06:30
     542 | 2026-08-24 01:05:31
     193 | 2026-08-24 01:04:32
     602 | 2026-08-24 00:59:51
     253 | 2026-08-24 00:58:52
     904 | 2026-08-24 00:57:53
     313 | 2026-08-24 00:53:12
     964 | 2026-08-24 00:52:13
     615 | 2026-08-24 00:51:14
     266 | 2026-08-24 00:50:15
      24 | 2026-08-24 00:46:33
     675 | 2026-08-24 00:45:34
     326 | 2026-08-24 00:44:35
     977 | 2026-08-24 00:43:36
     735 | 2026-08-24 00:39:54
     386 | 2026-08-24 00:38:55
      37 | 2026-08-24 00:37:56
     688 | 2026-08-24 00:36:57
     446 | 2026-08-24 00:33:15
      97 | 2026-08-24 00:32:16
     748 | 2026-08-24 00:31:17
     399 | 2026-08-24 00:30:18
     157 | 2026-08-24 00:26:36
     808 | 2026-08-24 00:25:37
     459 | 2026-08-24 00:24:38
     110 | 2026-08-24 00:23:39
     868 | 2026-08-24 00:19:57
     519 | 2026-08-24 00:18:58
     170 | 2026-08-24 00:17:59
     821 | 2026-08-24 00:17:00
     579 | 2026-08-24 00:13:18
     230 | 2026-08-24 00:12:19
     881 | 2026-08-24 00:11:20
     532 | 2026-08-24 00:10:21
     290 | 2026-08-24 00:06:39
     941 | 2026-08-24 00:05:40
     592 | 2026-08-24 00:04:41
     243 | 2026-08-24 00:03:42
(20000 rows)

TRUNCATE TABLE
INSERT 0 2000000
ANALYZE
  count  
---------
 2000000
(1 row)

SET
SET
SET
                                                                          QUERY PLAN                                                                          
--------------------------------------------------------------------------------------------------------------------------------------------------------------
 Sort  (cost=88329.33..89583.97 rows=501859 width=16) (actual time=198.334..229.498 rows=499998.00 loops=1)
   Sort Key: finished_at DESC, book_id
   Sort Method: quicksort  Memory: 27913kB
   Buffers: shared hit=10811
   ->  Seq Scan on reading_records  (cost=0.00..40811.00 rows=501859 width=16) (actual time=0.013..100.954 rows=499998.00 loops=1)
         Filter: ((finished_at >= '2026-09-14 00:00:00'::timestamp without time zone) AND (finished_at < '2026-09-21 00:00:00'::timestamp without time zone))
         Rows Removed by Filter: 1500002
         Buffers: shared hit=10811
 Planning:
   Buffers: shared hit=8 read=1
 Planning Time: 0.100 ms
 Execution Time: 249.189 ms
(12 rows)

SET
SET
SET
                                                                          QUERY PLAN                                                                          
--------------------------------------------------------------------------------------------------------------------------------------------------------------
 Sort  (cost=122643.33..123897.97 rows=501859 width=16) (actual time=300.853..347.490 rows=499998.00 loops=1)
   Sort Key: finished_at DESC, book_id
   Sort Method: external merge  Disk: 12784kB
   Buffers: shared hit=10811, temp read=6367 written=6793
   ->  Seq Scan on reading_records  (cost=0.00..40811.00 rows=501859 width=16) (actual time=0.013..102.618 rows=499998.00 loops=1)
         Filter: ((finished_at >= '2026-09-14 00:00:00'::timestamp without time zone) AND (finished_at < '2026-09-21 00:00:00'::timestamp without time zone))
         Rows Removed by Filter: 1500002
         Buffers: shared hit=10811
 Planning Time: 0.065 ms
 Execution Time: 367.600 ms
(10 rows)

SET
08-top-n-heap
SET
SET
SET
                                                                             QUERY PLAN                                                                             
--------------------------------------------------------------------------------------------------------------------------------------------------------------------
 Limit  (cost=54165.29..54165.34 rows=20 width=16) (actual time=141.875..141.879 rows=20.00 loops=1)
   Buffers: shared hit=10811
   ->  Sort  (cost=54165.29..55419.94 rows=501859 width=16) (actual time=141.874..141.875 rows=20.00 loops=1)
         Sort Key: finished_at DESC, book_id
         Sort Method: top-N heapsort  Memory: 26kB
         Buffers: shared hit=10811
         ->  Seq Scan on reading_records  (cost=0.00..40811.00 rows=501859 width=16) (actual time=0.015..101.987 rows=499998.00 loops=1)
               Filter: ((finished_at >= '2026-09-14 00:00:00'::timestamp without time zone) AND (finished_at < '2026-09-21 00:00:00'::timestamp without time zone))
               Rows Removed by Filter: 1500002
               Buffers: shared hit=10811
 Planning Time: 0.082 ms
 Execution Time: 141.902 ms
(12 rows)

CREATE INDEX
ANALYZE
                                                                             QUERY PLAN                                                                             
--------------------------------------------------------------------------------------------------------------------------------------------------------------------
 Limit  (cost=0.43..2.86 rows=20 width=16) (actual time=0.022..0.049 rows=20.00 loops=1)
   Buffers: shared hit=23
   ->  Index Only Scan using reading_records_order_idx on reading_records  (cost=0.43..61013.83 rows=502119 width=16) (actual time=0.021..0.046 rows=20.00 loops=1)
         Index Cond: ((finished_at >= '2026-09-14 00:00:00'::timestamp without time zone) AND (finished_at < '2026-09-21 00:00:00'::timestamp without time zone))
         Heap Fetches: 20
         Index Searches: 1
         Buffers: shared hit=23
 Planning:
   Buffers: shared hit=9 read=4
 Planning Time: 0.235 ms
 Execution Time: 0.135 ms
(11 rows)

09-join
                                                                                 QUERY PLAN                                                                                 
----------------------------------------------------------------------------------------------------------------------------------------------------------------------------
 Nested Loop  (cost=0.86..90.61 rows=20 width=38) (actual time=0.026..0.358 rows=20.00 loops=1)
   Buffers: shared hit=81 read=22
   ->  Limit  (cost=0.43..1.47 rows=20 width=16) (actual time=0.006..0.075 rows=20.00 loops=1)
         Buffers: shared hit=23
         ->  Index Only Scan using reading_records_order_idx on reading_records  (cost=0.43..104011.64 rows=2000000 width=16) (actual time=0.005..0.072 rows=20.00 loops=1)
               Heap Fetches: 20
               Index Searches: 1
               Buffers: shared hit=23
   ->  Memoize  (cost=0.43..8.45 rows=1 width=30) (actual time=0.013..0.013 rows=1.00 loops=20)
         Cache Key: reading_records.book_id
         Cache Mode: logical
         Hits: 0  Misses: 20  Evictions: 0  Overflows: 0  Memory Usage: 3kB
         Buffers: shared hit=58 read=22
         ->  Index Scan using books_pkey on books b  (cost=0.42..8.44 rows=1 width=30) (actual time=0.011..0.011 rows=1.00 loops=20)
               Index Cond: (id = reading_records.book_id)
               Index Searches: 20
               Buffers: shared hit=58 read=22
 Planning:
   Buffers: shared hit=23
 Planning Time: 0.176 ms
 Execution Time: 0.374 ms
(21 rows)

                                                                               QUERY PLAN                                                                               
------------------------------------------------------------------------------------------------------------------------------------------------------------------------
 Hash Join  (cost=49564.15..79985.01 rows=500995 width=30) (actual time=285.847..596.868 rows=499998.00 loops=1)
   Hash Cond: (r.book_id = b.id)
   Buffers: shared hit=13312 read=6770 written=1222, temp read=7569 written=7569
   ->  Bitmap Heap Scan on reading_records r  (cost=12875.15..31217.93 rows=502119 width=8) (actual time=39.534..102.766 rows=499998.00 loops=1)
         Recheck Cond: ((finished_at >= '2026-09-14 00:00:00'::timestamp without time zone) AND (finished_at < '2026-09-21 00:00:00'::timestamp without time zone))
         Heap Blocks: exact=10811
         Buffers: shared hit=10814 read=1915 written=1128
         ->  Bitmap Index Scan on reading_records_order_idx  (cost=0.00..12749.62 rows=502119 width=0) (actual time=38.158..38.158 rows=499998.00 loops=1)
               Index Cond: ((finished_at >= '2026-09-14 00:00:00'::timestamp without time zone) AND (finished_at < '2026-09-21 00:00:00'::timestamp without time zone))
               Index Searches: 1
               Buffers: shared hit=3 read=1915 written=1128
   ->  Hash  (cost=17353.00..17353.00 rows=1000000 width=30) (actual time=243.389..243.390 rows=1000000.00 loops=1)
         Buckets: 131072  Batches: 16  Memory Usage: 4940kB
         Buffers: shared hit=2498 read=4855 written=94, temp written=5943
         ->  Seq Scan on books b  (cost=0.00..17353.00 rows=1000000 width=30) (actual time=0.063..91.508 rows=1000000.00 loops=1)
               Buffers: shared hit=2498 read=4855 written=94
 Planning:
   Buffers: shared hit=15
 Planning Time: 0.084 ms
 Execution Time: 615.678 ms
(20 rows)

BEGIN
SET
SET
                                                                 QUERY PLAN                                                                  
---------------------------------------------------------------------------------------------------------------------------------------------
 Merge Join  (cost=308490.11..318500.23 rows=206 width=16) (actual time=674.418..674.481 rows=200.00 loops=1)
   Merge Cond: (r.book_id = b.id)
   Buffers: shared hit=10815, temp read=6854 written=12751
   ->  Sort  (cost=308488.69..313488.69 rows=2000000 width=16) (actual time=674.381..674.397 rows=201.00 loops=1)
         Sort Key: r.book_id
         Sort Method: external merge  Disk: 50896kB
         Buffers: shared hit=10811, temp read=6854 written=12751
         ->  Seq Scan on reading_records r  (cost=0.00..30811.00 rows=2000000 width=16) (actual time=0.011..165.923 rows=2000000.00 loops=1)
               Buffers: shared hit=10811
   ->  Index Only Scan using books_pkey on books b  (cost=0.42..10.23 rows=103 width=8) (actual time=0.029..0.043 rows=100.00 loops=1)
         Index Cond: (id <= 100)
         Heap Fetches: 100
         Index Searches: 1
         Buffers: shared hit=4
 Planning:
   Buffers: shared hit=12
 Planning Time: 0.167 ms
 Execution Time: 678.525 ms
(18 rows)

ROLLBACK
                                                             QUERY PLAN                                                             
------------------------------------------------------------------------------------------------------------------------------------
 HashAggregate  (cost=143311.00..168958.44 rows=1002244 width=16) (actual time=618.811..945.892 rows=1000000.00 loops=1)
   Group Key: book_id
   Planned Partitions: 16  Batches: 17  Memory Usage: 8345kB  Disk Usage: 63520kB
   Buffers: shared hit=10811, temp read=6150 written=13645
   ->  Seq Scan on reading_records  (cost=0.00..30811.00 rows=2000000 width=8) (actual time=0.011..145.385 rows=2000000.00 loops=1)
         Buffers: shared hit=10811
 Planning Time: 0.096 ms
 Execution Time: 987.696 ms
(8 rows)

 work_mem 
----------
 4MB
(1 row)

 hash_mem_multiplier 
---------------------
 2
(1 row)

BEGIN
SET
                                                                QUERY PLAN                                                                
------------------------------------------------------------------------------------------------------------------------------------------
 GroupAggregate  (cost=349508.69..374531.13 rows=1002244 width=16) (actual time=752.406..1233.050 rows=1000000.00 loops=1)
   Group Key: book_id
   Buffers: shared hit=10811, temp read=11748 written=12480
   ->  Sort  (cost=349508.69..354508.69 rows=2000000 width=8) (actual time=752.396..925.686 rows=2000000.00 loops=1)
         Sort Key: book_id
         Sort Method: external merge  Disk: 23536kB
         Buffers: shared hit=10811, temp read=11748 written=12480
         ->  Seq Scan on reading_records  (cost=0.00..30811.00 rows=2000000 width=8) (actual time=0.014..162.546 rows=2000000.00 loops=1)
               Buffers: shared hit=10811
 Planning Time: 0.115 ms
 Execution Time: 1272.161 ms
(11 rows)

ROLLBACK
10-planner-and-statistics
BEGIN
SELECT 10000
CREATE INDEX
ANALYZE
                                                   QUERY PLAN                                                   
----------------------------------------------------------------------------------------------------------------
 Seq Scan on stats_demo  (cost=0.00..189.00 rows=9000 width=11) (actual time=0.007..0.849 rows=9000.00 loops=1)
   Filter: (category = 'popular'::text)
   Rows Removed by Filter: 1000
   Buffers: shared hit=64
 Planning:
   Buffers: shared hit=8 read=1
 Planning Time: 0.071 ms
 Execution Time: 1.183 ms
(8 rows)

                                                                  QUERY PLAN                                                                   
-----------------------------------------------------------------------------------------------------------------------------------------------
 Index Scan using stats_demo_category_idx on stats_demo  (cost=0.29..35.78 rows=1000 width=11) (actual time=0.025..0.130 rows=1000.00 loops=1)
   Index Cond: (category = 'rare'::text)
   Index Searches: 1
   Buffers: shared hit=7 read=3
 Planning Time: 0.021 ms
 Execution Time: 0.173 ms
(6 rows)

 attname  | n_distinct | most_common_vals | most_common_freqs |                                                                                                                                                                                                                                                histogram_bounds                                                                                                                                                                                                                                                 
----------+------------+------------------+-------------------+-----------------------------------------------------------------------------------------------------------------------------------------------------------------------------------------------------------------------------------------------------------------------------------------------------------------------------------------------------------------------------------------------------------------------------------------------------------------------------------------------------------------
 id       |         -1 |                  |                   | {1,100,200,300,400,500,600,700,800,900,1000,1100,1200,1300,1400,1500,1600,1700,1800,1900,2000,2100,2200,2300,2400,2500,2600,2700,2800,2900,3000,3100,3200,3300,3400,3500,3600,3700,3800,3900,4000,4100,4200,4300,4400,4500,4600,4700,4800,4900,5000,5100,5200,5300,5400,5500,5600,5700,5800,5900,6000,6100,6200,6300,6400,6500,6600,6700,6800,6900,7000,7100,7200,7300,7400,7500,7600,7700,7800,7900,8000,8100,8200,8300,8400,8500,8600,8700,8800,8900,9000,9100,9200,9300,9400,9500,9600,9700,9800,9900,10000}
 category |          2 | {popular,rare}   | {0.9,0.1}         | 
(2 rows)

UPDATE 8000
                                                                  QUERY PLAN                                                                   
-----------------------------------------------------------------------------------------------------------------------------------------------
 Index Scan using stats_demo_category_idx on stats_demo  (cost=0.29..51.55 rows=1672 width=11) (actual time=0.008..0.855 rows=9000.00 loops=1)
   Index Cond: (category = 'rare'::text)
   Index Searches: 1
   Buffers: shared hit=60
 Planning Time: 0.033 ms
 Execution Time: 1.196 ms
(6 rows)

ANALYZE
                                                  QUERY PLAN                                                   
---------------------------------------------------------------------------------------------------------------
 Seq Scan on stats_demo  (cost=0.00..232.00 rows=9000 width=9) (actual time=0.139..0.941 rows=9000.00 loops=1)
   Filter: (category = 'rare'::text)
   Rows Removed by Filter: 1000
   Buffers: shared hit=107
 Planning:
   Buffers: shared hit=11
 Planning Time: 0.037 ms
 Execution Time: 1.270 ms
(8 rows)

ROLLBACK
12-ranking-revisited
SET
SET
SET
  count  
---------
 1000000
(1 row)

  count  
---------
 2000000
(1 row)

CREATE VIEW
                                                                                        QUERY PLAN                                                                                        
------------------------------------------------------------------------------------------------------------------------------------------------------------------------------------------
 Limit  (cost=145098.83..145098.88 rows=20 width=38) (actual time=901.420..901.427 rows=20.00 loops=1)
   Buffers: shared hit=15415 read=4667, temp read=9964 written=12569
   ->  Sort  (cost=145098.83..146351.32 rows=500995 width=38) (actual time=901.418..901.423 rows=20.00 loops=1)
         Sort Key: (count(*)) DESC, b.id
         Sort Method: top-N heapsort  Memory: 27kB
         Buffers: shared hit=15415 read=4667, temp read=9964 written=12569
         ->  HashAggregate  (cost=119908.04..131767.54 rows=500995 width=38) (actual time=729.822..848.989 rows=492722.00 loops=1)
               Group Key: b.id
               Planned Partitions: 8  Batches: 9  Memory Usage: 8281kB  Disk Usage: 23568kB
               Buffers: shared hit=15415 read=4667, temp read=9964 written=12569
               ->  Hash Join  (cost=49564.15..79985.01 rows=500995 width=30) (actual time=236.482..590.544 rows=499998.00 loops=1)
                     Hash Cond: (r.book_id = b.id)
                     Buffers: shared hit=15415 read=4667, temp read=7441 written=7441
                     ->  Bitmap Heap Scan on reading_records r  (cost=12875.15..31217.93 rows=502119 width=8) (actual time=24.954..87.719 rows=499998.00 loops=1)
                           Recheck Cond: ((finished_at >= '2026-09-14 00:00:00'::timestamp without time zone) AND (finished_at < '2026-09-21 00:00:00'::timestamp without time zone))
                           Heap Blocks: exact=10811
                           Buffers: shared hit=12729
                           ->  Bitmap Index Scan on reading_records_order_idx  (cost=0.00..12749.62 rows=502119 width=0) (actual time=23.655..23.655 rows=499998.00 loops=1)
                                 Index Cond: ((finished_at >= '2026-09-14 00:00:00'::timestamp without time zone) AND (finished_at < '2026-09-21 00:00:00'::timestamp without time zone))
                                 Index Searches: 1
                                 Buffers: shared hit=1918
                     ->  Hash  (cost=17353.00..17353.00 rows=1000000 width=30) (actual time=211.271..211.272 rows=1000000.00 loops=1)
                           Buckets: 131072  Batches: 16  Memory Usage: 4872kB
                           Buffers: shared hit=2686 read=4667, temp written=5815
                           ->  Seq Scan on books b  (cost=0.00..17353.00 rows=1000000 width=30) (actual time=0.029..77.702 rows=1000000.00 loops=1)
                                 Buffers: shared hit=2686 read=4667
 Planning:
   Buffers: shared hit=21
 Planning Time: 0.199 ms
 Execution Time: 903.976 ms
(30 rows)

BEGIN
SET
SET
SET
                                                                                   QUERY PLAN                                                                                   
--------------------------------------------------------------------------------------------------------------------------------------------------------------------------------
 Limit  (cost=154691.90..154691.95 rows=20 width=38) (actual time=914.347..914.352 rows=20.00 loops=1)
   Buffers: shared hit=13591 read=4573, temp read=9964 written=12569
   ->  Sort  (cost=154691.90..155944.39 rows=500995 width=38) (actual time=914.345..914.349 rows=20.00 loops=1)
         Sort Key: (count(*)) DESC, b.id
         Sort Method: top-N heapsort  Memory: 27kB
         Buffers: shared hit=13591 read=4573, temp read=9964 written=12569
         ->  HashAggregate  (cost=129501.11..141360.60 rows=500995 width=38) (actual time=741.703..860.833 rows=492722.00 loops=1)
               Group Key: b.id
               Planned Partitions: 8  Batches: 9  Memory Usage: 8281kB  Disk Usage: 23568kB
               Buffers: shared hit=13591 read=4573, temp read=9964 written=12569
               ->  Hash Join  (cost=36689.00..89578.07 rows=500995 width=30) (actual time=224.064..604.116 rows=499998.00 loops=1)
                     Hash Cond: (r.book_id = b.id)
                     Buffers: shared hit=13591 read=4573, temp read=7441 written=7441
                     ->  Seq Scan on reading_records r  (cost=0.00..40811.00 rows=502119 width=8) (actual time=0.016..108.152 rows=499998.00 loops=1)
                           Filter: ((finished_at >= '2026-09-14 00:00:00'::timestamp without time zone) AND (finished_at < '2026-09-21 00:00:00'::timestamp without time zone))
                           Rows Removed by Filter: 1500002
                           Buffers: shared hit=10811
                     ->  Hash  (cost=17353.00..17353.00 rows=1000000 width=30) (actual time=223.810..223.811 rows=1000000.00 loops=1)
                           Buckets: 131072  Batches: 16  Memory Usage: 4872kB
                           Buffers: shared hit=2780 read=4573, temp written=5815
                           ->  Seq Scan on books b  (cost=0.00..17353.00 rows=1000000 width=30) (actual time=0.036..83.735 rows=1000000.00 loops=1)
                                 Buffers: shared hit=2780 read=4573
 Planning:
   Buffers: shared hit=12
 Planning Time: 0.240 ms
 Execution Time: 916.834 ms
(26 rows)

ROLLBACK
CREATE VIEW
                                                                                        QUERY PLAN                                                                                        
------------------------------------------------------------------------------------------------------------------------------------------------------------------------------------------
 Nested Loop  (cost=79469.62..79638.29 rows=20 width=38) (actual time=357.012..357.217 rows=20.00 loops=1)
   Buffers: shared hit=12787 read=22, temp read=1366 written=3079
   ->  Limit  (cost=79469.19..79469.24 rows=20 width=16) (actual time=356.980..356.985 rows=20.00 loops=1)
         Buffers: shared hit=12729, temp read=1366 written=3079
         ->  Sort  (cost=79469.19..80567.56 rows=439345 width=16) (actual time=356.977..356.980 rows=20.00 loops=1)
               Sort Key: (count(*)) DESC, reading_records.book_id
               Sort Method: top-N heapsort  Memory: 26kB
               Buffers: shared hit=12729, temp read=1366 written=3079
               ->  HashAggregate  (cost=59462.13..67778.38 rows=439345 width=16) (actual time=211.300..318.621 rows=492722.00 loops=1)
                     Group Key: reading_records.book_id
                     Planned Partitions: 8  Batches: 9  Memory Usage: 8281kB  Disk Usage: 15248kB
                     Buffers: shared hit=12729, temp read=1366 written=3079
                     ->  Bitmap Heap Scan on reading_records  (cost=12875.15..31217.93 rows=502119 width=8) (actual time=24.436..84.568 rows=499998.00 loops=1)
                           Recheck Cond: ((finished_at >= '2026-09-14 00:00:00'::timestamp without time zone) AND (finished_at < '2026-09-21 00:00:00'::timestamp without time zone))
                           Heap Blocks: exact=10811
                           Buffers: shared hit=12729
                           ->  Bitmap Index Scan on reading_records_order_idx  (cost=0.00..12749.62 rows=502119 width=0) (actual time=23.136..23.137 rows=499998.00 loops=1)
                                 Index Cond: ((finished_at >= '2026-09-14 00:00:00'::timestamp without time zone) AND (finished_at < '2026-09-21 00:00:00'::timestamp without time zone))
                                 Index Searches: 1
                                 Buffers: shared hit=1918
   ->  Index Scan using books_pkey on books b  (cost=0.42..8.44 rows=1 width=30) (actual time=0.011..0.011 rows=1.00 loops=20)
         Index Cond: (id = reading_records.book_id)
         Index Searches: 20
         Buffers: shared hit=58 read=22
 Planning:
   Buffers: shared hit=7
 Planning Time: 0.250 ms
 Execution Time: 358.722 ms
(28 rows)

 records_without_book 
----------------------
                    0
(1 row)

 differing_rows 
----------------
              0
(1 row)

Timing is on.
SELECT 492722
Time: 448.407 ms
CREATE INDEX
Time: 214.261 ms
ANALYZE
Time: 28.915 ms
                                                                                    QUERY PLAN                                                                                    
----------------------------------------------------------------------------------------------------------------------------------------------------------------------------------
 Limit  (cost=0.85..12.21 rows=20 width=46) (actual time=0.033..0.112 rows=20.00 loops=1)
   Buffers: shared hit=100 read=3
   ->  Nested Loop  (cost=0.85..280008.85 rows=492722 width=46) (actual time=0.032..0.109 rows=20.00 loops=1)
         Buffers: shared hit=100 read=3
         ->  Index Only Scan using weekly_read_counts_order_idx on weekly_read_counts w  (cost=0.42..21587.37 rows=492722 width=16) (actual time=0.026..0.055 rows=20.00 loops=1)
               Heap Fetches: 20
               Index Searches: 1
               Buffers: shared hit=20 read=3
         ->  Index Scan using books_pkey on books b  (cost=0.42..0.52 rows=1 width=30) (actual time=0.002..0.002 rows=1.00 loops=20)
               Index Cond: (id = w.book_id)
               Index Searches: 20
               Buffers: shared hit=80
 Planning:
   Buffers: shared hit=19 read=1
 Planning Time: 0.225 ms
 Execution Time: 0.128 ms
(16 rows)

Time: 0.671 ms
